date,SPX unhedged,single 30d 30-delta,ladder 30/60/90 50-delta,ladder 30/60/90 30-delta,ladder 30/60/90 10-delta,ladder 30/60/90 5-delta
2006-03-22,1.0,1.0,1.0,1.0,1.0,1.0
2006-03-23,0.9974177036719183,0.9974177036719183,0.9974177036719183,0.9974177036719183,0.9974177036719183,0.9974177036719183
2006-03-24,0.9983985165205664,0.9983985165205664,0.9983985165205664,0.9983985165205664,0.9983985165205664,0.9983985165205664
2006-03-27,0.9973717280696378,0.9973717280696378,0.9973717280696378,0.9973717280696378,0.9973717280696378,0.9973717280696378
2006-03-28,0.9909504689511434,0.9909504689511434,0.9909504689511434,0.9909504689511434,0.9909504689511434,0.9909504689511434
2006-03-29,0.9983525409182863,0.9983525409182863,0.9983525409182863,0.9983525409182863,0.9983525409182863,0.9983525409182863
2006-03-30,0.9963296144179489,0.9963296144179489,0.9963296144179489,0.9963296144179489,0.9963296144179489,0.9963296144179489
2006-03-31,0.9921764850119537,0.9921764850119537,0.9921764850119537,0.9921764850119537,0.9921764850119537,0.9921764850119537
2006-04-03,0.9944599399252131,0.9944599399252131,0.9944599399252131,0.9944599399252131,0.9944599399252131,0.9944599399252131
2006-04-04,1.000681971433826,1.000681971433826,1.000681971433826,1.000681971433826,1.000681971433826,1.000681971433826
2006-04-05,1.0049960154478024,1.0049960154478024,1.0049960154478024,1.0049960154478024,1.0049960154478024,1.0049960154478024
2006-04-06,1.003065040152026,1.003065040152026,1.003065040152026,1.003065040152026,1.003065040152026,1.003065040152026
2006-04-07,0.992689879237418,0.992689879237418,0.992689879237418,0.992689879237418,0.992689879237418,0.992689879237418
2006-04-10,0.9935327652792252,0.9935327652792252,0.9935327652792252,0.9935327652792252,0.9935327652792252,0.9935327652792252
2006-04-11,0.98584717709802,0.98584717709802,0.98584717709802,0.98584717709802,0.98584717709802,0.98584717709802
2006-04-12,0.98703488015693,0.98703488015693,0.98703488015693,0.98703488015693,0.98703488015693,0.98703488015693
2006-04-13,0.9878011401949366,0.9878011401949366,0.9878011401949366,0.9878011401949366,0.9878011401949366,0.9878011401949366
2006-04-17,0.984897014650892,0.984897014650892,0.984897014650892,0.984897014650892,0.984897014650892,0.984897014650892
2006-04-18,1.0019999386991971,1.0019999386991971,1.0019999386991971,1.0019999386991971,1.0019999386991971,1.0019999386991971
2006-04-19,1.0037470115858518,1.0037470115858518,1.0037470115858518,1.0037470115858518,1.0037470115858518,1.0037470115858518
2006-04-20,1.0049193894440018,1.0049193894440018,1.0049193894440018,1.0049193894440018,1.0049193894440018,1.0049193894440018
2006-04-21,1.0047814626371605,1.0047814626371605,1.0047814626371605,1.0047814626371605,1.0047814626371605,1.0047814626371605
2006-04-24,1.0023524183166799,1.0023524183166799,1.0023524183166799,1.0023524183166799,1.0023524183166799,1.0023524183166799
2006-04-25,0.9974713418745786,0.9974713418745786,0.9974713418745786,0.9974713418745786,0.9974713418745786,0.9974713418745786
2006-04-26,1.0002835162140626,1.0002835162140626,1.0002835162140626,1.0002835162140626,1.0002835162140626,1.0002835162140626
2006-04-27,1.0035860969778705,1.0035860969778705,1.0035860969778705,1.0035860969778705,1.0035860969778705,1.0035860969778705
2006-04-28,1.0042680684116962,1.0042680684116962,1.0042680684116962,1.0042680684116962,1.0042680684116962,1.0042680684116962
2006-05-01,1.0001149390057011,1.0001149390057011,1.0001149390057011,1.0001149390057011,1.0001149390057011,1.0001149390057011
2006-05-02,1.0062603445105132,1.0062603445105132,1.0062603445105132,1.0062603445105132,1.0062603445105132,1.0062603445105132
2006-05-03,1.0021531907067984,1.0021531907067984,1.0021531907067984,1.0021531907067984,1.0021531907067984,1.0021531907067984
2006-05-04,1.0055247348740268,1.0055247348740268,1.0055247348740268,1.0055247348740268,1.0055247348740268,1.0055247348740268
2006-05-05,1.0158769079874947,1.0158769079874947,1.0158769079874947,1.0158769079874947,1.0158769079874947,1.0158769079874947
2006-05-08,1.0150340219456875,1.0150340219456875,1.0150340219456875,1.0150340219456875,1.0150340219456875,1.0150340219456875
2006-05-09,1.0154018267639306,1.0154018267639306,1.0154018267639306,1.0154018267639306,1.0154018267639306,1.0154018267639306
2006-05-10,1.0136470912768958,1.0136470912768958,1.0136470912768958,1.0136470912768958,1.0136470912768958,1.0136470912768958
2006-05-11,1.0006743088334458,1.0006743088334458,1.0006743088334458,1.0006743088334458,1.0006743088334458,1.0006743088334458
2006-05-12,0.9894256114755103,0.9894256114755103,0.9894256114755103,0.9894256114755103,0.9894256114755103,0.9894256114755103
2006-05-15,0.9919236191994116,0.9919236191994116,0.9919236191994116,0.9919236191994116,0.9919236191994116,0.9919236191994116
2006-05-16,0.9900692699074358,0.9900692699074358,0.9900692699074358,0.9900692699074358,0.9900692699074358,0.9900692699074358
2006-05-17,0.9733954514804145,0.9733954514804145,0.9733954514804145,0.9733954514804145,0.9733954514804145,0.9733954514804145
2006-05-18,0.9668745785569791,0.9668745785569791,0.9668745785569791,0.9668745785569791,0.9668745785569791,0.9668745785569791
2006-05-19,0.9708744559553731,0.9708744559553731,0.9708744559553731,0.9708744559553731,0.9708744559553731,0.9708744559553731
2006-05-22,0.9670738061668609,0.9670738061668609,0.9670738061668609,0.9670738061668609,0.9670738061668609,0.9670738061668609
2006-05-23,0.9628670385582051,0.9628670385582051,0.9628670385582051,0.9628670385582051,0.9628670385582051,0.9628670385582051
2006-05-24,0.9643918960338381,0.9643918960338381,0.9643918960338381,0.9643918960338381,0.9643918960338381,0.9643918960338381
2006-05-25,0.9753570771777111,0.9753570771777111,0.9753570771777111,0.9753570771777111,0.9753570771777111,0.9753570771777111
2006-05-26,0.9809354502543984,0.9809354502543984,0.9809354502543984,0.9809354502543984,0.9809354502543984,0.9809354502543984
2006-05-30,0.9653650462821063,0.9653650462821063,0.9653650462821063,0.9653650462821063,0.9653650462821063,0.9653650462821063
2006-05-31,0.9732192116716729,0.9732192116716729,0.9732192116716729,0.9732192116716729,0.9732192116716729,0.9732192116716729
2006-06-01,0.9851881934653345,0.9851881934653345,0.9851881934653345,0.9851881934653345,0.9851881934653345,0.9851881934653345
2006-06-02,0.9871115061607307,0.9871115061607307,0.9871115061607307,0.9871115061607307,0.9871115061607307,0.9871115061607307
2006-06-05,0.9695411634892417,0.9695411634892417,0.9695411634892417,0.9695411634892417,0.9695411634892417,0.9695411634892417
2006-06-06,0.9684377490345124,0.9684377490345124,0.9684377490345124,0.9684377490345124,0.9684377490345124,0.9684377490345124
2006-06-07,0.9625375467418624,0.9625375467418624,0.9625375467418624,0.9625375467418624,0.9625375467418624,0.9625375467418624
2006-06-08,0.9639014896095139,0.9639014896095139,0.9639014896095139,0.9639014896095139,0.9639014896095139,0.9639014896095139
2006-06-09,0.9595874455955373,0.9595874455955373,0.9595874455955373,0.9595874455955373,0.9595874455955373,0.9595874455955373
2006-06-12,0.9474039109912341,0.9474039109912341,0.9474039109912341,0.9474039109912341,0.9474039109912341,0.9474039109912341
2006-06-13,0.9376647459081715,0.9376647459081715,0.9376647459081715,0.9376647459081715,0.9376647459081715,0.9376647459081715
2006-06-14,0.9425304971495126,0.9425304971495126,0.9425304971495126,0.9425304971495126,0.9425304971495126,0.9425304971495126
2006-06-15,0.9625452093422426,0.9625452093422426,0.9625452093422426,0.9625452093422426,0.9625452093422426,0.9625452093422426
2006-06-16,0.9590050879666524,0.9590050879666524,0.9590050879666524,0.9590050879666524,0.9590050879666524,0.9590050879666524
2006-06-19,0.9502697235333785,0.9502697235333785,0.9502697235333785,0.9502697235333785,0.9502697235333785,0.9502697235333785
2006-06-20,0.9502543983326182,0.9502543983326182,0.9502543983326182,0.9502543983326182,0.9502543983326182,0.9502543983326182
2006-06-21,0.9595108195917368,0.9595108195917368,0.9595108195917368,0.9595108195917368,0.9595108195917368,0.9595108195917368
2006-06-22,0.9544535033408938,0.955165807450283,0.9538455888531457,0.9542088426866235,0.9534940654628926,0.9534940654628926
2006-06-23,0.9536106172990867,0.9536696193220133,0.9527289224224701,0.9527839171677841,0.9516495966389802,0.9516495966389802
2006-06-26,0.958254153129406,0.9569432563225769,0.9569497444935163,0.956495315485571,0.955236685468473,0.955236685468473
2006-06-27,0.9495494390976523,0.9483255894311406,0.9493668436533066,0.9493538190858145,0.94762903021956,0.94762903021956
2006-06-28,0.9547600073560965,0.954807515478453,0.9545253062291663,0.954807515478453,0.9527874927954199,0.9527874927954199
2006-06-29,0.9753494145773309,0.9692354441892067,0.9735918440776753,0.974305326473246,0.973171005944442,0.973171005944442
2006-06-30,0.9733035002758538,0.9675408548986075,0.9706256920196696,0.9708037008231039,0.9701355391434563,0.9701355391434563
2006-07-03,0.9809584380555387,0.9744575115647693,0.9772633835220145,0.9773487694584805,0.9767039165048347,0.9767039165048347
2006-07-05,0.9738475449028384,0.9677485932114591,0.9709761569998994,0.971047070483147,0.9696641322836613,0.9696641322836613
2006-07-06,0.9762765892233188,0.9694916153530085,0.9736631196779025,0.974042292697873,0.972068886160937,0.972068886160937
2006-07-07,0.969686752896463,0.9626368117187695,0.9673273213633595,0.9673707378258966,0.9665549592378594,0.9665549592378594
2006-07-10,0.971111996567155,0.9633860714142397,0.9686442425485429,0.968929345968271,0.9669559394313348,0.9669559394313348
2006-07-11,0.9750812235640288,0.9679773376796595,0.9721034288256762,0.9719731785409468,0.9698754625157163,0.9698754625157163
2006-07-12,0.9644148838349782,0.9577485270185514,0.9622022405927321,0.9622992043634159,0.9593157861839564,0.9593157861839564
2006-07-13,0.9519171826150923,0.9473609976236204,0.9527456766839171,0.9527312042306987,0.9504781021230875,0.9504781021230875
2006-07-14,0.9472506589836327,0.9483658577988805,0.9501953512883435,0.9503256015730731,0.9524233182003171,0.9524233182003171
2006-07-17,0.9459403543186417,0.9427674006871639,0.9479574527704591,0.9487331661379531,0.9491060932969292,0.9491060932969292
2006-07-18,0.9477563906087171,0.9405948871860378,0.9495671894971488,0.9499405737276773,0.9509039692241036,0.9509039692241036
2006-07-19,0.9653420584809661,0.9556886378961565,0.9640608399432441,0.9639551925087837,0.9632637234090409,0.9632637234090409
2006-07-20,0.9571584012750568,0.9476678354686449,0.9567115770084521,0.9573295423666132,0.9566769196369621,0.9566769196369621
2006-07-21,0.9503846625390793,0.9420620706565392,0.9510403426081792,0.9515092431722245,0.9499709182883442,0.9499709182883442
2006-07-24,0.9661849445227735,0.9547066908206602,0.9629198341738635,0.9639039475359438,0.9610681462648735,0.9610681462648735
2006-07-25,0.9722920370256852,0.9588841924976921,0.9679310888034012,0.9681785644534215,0.9671141678427562,0.9671141678427562
2006-07-26,0.9719242322074421,0.9572322358796838,0.9671906836323705,0.9669287355291316,0.9657400297311789,0.9657400297311789
2006-07-27,0.9679396800098082,0.95436015340963,0.963622255357683,0.9637221140993139,0.9617953230555214,0.9617953230555214
2006-07-28,0.9797017715932079,0.9648550022316729,0.9746082383749922,0.9741856484439253,0.9724297823815707,0.9724297823815707
2006-07-31,0.9782535401213757,0.963177296589329,0.972610071167864,0.9728995161952009,0.9715010390457185,0.9715010390457185
2006-08-01,0.9738552075032184,0.9586081965055612,0.9688201399259027,0.9678070816573853,0.9671466897537428,0.9671466897537428
2006-08-02,0.9797017715932079,0.9638218254007365,0.974043820324978,0.9732999459377497,0.9729347882028324,0.9729347882028324
2006-08-03,0.9810197388585791,0.9640803882865902,0.9747841896434017,0.97401426536899,0.9732295643035299,0.9732295643035299
2006-08-04,0.9803224422239931,0.9633969678550326,0.9746582842494553,0.9736191756935018,0.9725392406352897,0.9725392406352897
2006-08-07,0.9775715686875499,0.9601842482864962,0.9719349194483764,0.9703053429069189,0.9683008587090585,0.9683008587090585
2006-08-08,0.974284313124502,0.9567041148244411,0.96830425759143,0.966903342815139,0.9650464757016411,0.9650464757016411
2006-08-09,0.9700468951143262,0.9525510214326678,0.9641092137613559,0.9625606819007023,0.9608514318715671,0.9608514318715671
2006-08-10,0.9745371789370441,0.9559187717763773,0.9672376189967743,0.9661203605549906,0.9652968128560578,0.9652968128560578
2006-08-11,0.9706522405443512,0.9521111436576989,0.9632033907875235,0.9622742715462248,0.9614507238472919,0.9614507238472919
2006-08-14,0.9717786428002209,0.9526985420354751,0.9628134139030673,0.9625037075373198,0.963070867788987,0.963070867788987
2006-08-15,0.9850885796603935,0.9657436111521305,0.9754258332465019,0.9753853109151573,0.9757426995721739,0.9757426995721739
2006-08-16,0.9926362410347577,0.9728827798381662,0.9827098786244102,0.9827098786244102,0.9827098786244102,0.9827098786244102
2006-08-17,0.994207074112671,0.9744223533378291,0.9842650033715443,0.9842650033715443,0.9842650033715443,0.9842650033715443
2006-08-18,0.9979004474958622,0.9780422285906949,0.9879214430209037,0.9879214430209037,0.9879214430209037,0.9879214430209037
2006-08-21,0.9942377245141912,0.974452393796359,0.9842953472690493,0.9842953472690493,0.9842953472690493,0.9842953472690493
2006-08-22,0.9952338625635997,0.9754287086985842,0.9852815239379636,0.9852815239379636,0.9852815239379636,0.9852815239379636
2006-08-23,0.9907665665420218,0.9710503118678359,0.9808589008766017,0.9808589008766017,0.9808589008766017,0.9808589008766017
2006-08-24,0.9931189848587018,0.9733559170600138,0.9831877950101148,0.9831877950101148,0.9831877950101148,0.9831877950101148
2006-08-25,0.9923757126218354,0.972627435940661,0.9824519554956171,0.9824519554956171,0.9824519554956171,0.9824519554956171
2006-08-28,0.9975019922760989,0.9776517026298048,0.9875269723533379,0.9875269723533379,0.9875269723533379,0.9875269723533379
2006-08-29,0.9994176423711151,0.9795292312879301,0.989423465947404,0.989423465947404,0.989423465947404,0.989423465947404
2006-08-30,0.9994099797707351,0.9795217211732977,0.9894158799730277,0.9894158799730277,0.9894158799730277,0.9894158799730277
2006-08-31,0.9990651627536322,0.9791837660148351,0.9890745111260959,0.9890745111260959,0.9890745111260959,0.9890745111260959
2006-09-01,1.0045745724268988,0.9845835384356039,0.9945288267026299,0.9945288267026299,0.9945288267026299,0.9945288267026299
2006-09-05,1.0062909949120336,0.9862658041132842,0.9962280849629132,0.9962280849629132,0.9962280849629132,0.9962280849629132
2006-09-06,0.9963372770183291,0.9765101652056645,0.9863739042481459,0.9863739042481459,0.9863739042481459,0.9863739042481459
2006-09-07,0.9915558143811685,0.9718238536749834,0.9816402562373568,0.9816402562373568,0.9816402562373568,0.9816402562373568
2006-09-08,0.9953104885674003,0.9755038098449093,0.9853573836817265,0.9853573836817265,0.9853573836817265,0.9853573836817265
2006-09-11,0.9957855697909643,0.9759694369521243,0.9858277140930547,0.9858277140930547,0.9858277140930547,0.9858277140930547
2006-09-12,1.0061837185067124,0.986160662508429,0.9961218813216454,0.9961218813216454,0.9961218813216454,0.9961218813216454
2006-09-13,1.0099843682952248,0.98988567936615,0.9998845246122725,0.9998845246122725,0.9998845246122725,0.9998845246122725
2006-09-14,1.008612762827193,0.9885413688469321,0.9985266351989213,0.9985266351989213,0.9985266351989213,0.9985266351989213
2006-09-15,1.0113636363636362,0.9912375000000003,1.00125,1.00125,1.00125,1.00125
2006-09-18,1.012367437013425,0.992221325016858,1.0022437626432907,1.0022437626432907,1.0022437626432907,1.0022437626432907
2006-09-19,1.0101682707043462,0.99006592211733,1.0000665879973027,1.0000665879973027,1.0000665879973027,1.0000665879973027
2006-09-20,1.015432477165451,0.9952253708698587,1.0052781523937966,1.0052781523937966,1.0052781523937966,1.0052781523937966
2006-09-21,1.0099537178937044,0.98985563890762,0.9998541807147674,0.9998541807147674,0.9998541807147674,0.9998541807147674
2006-09-22,1.0074633727701834,0.987414851652057,0.9973887390424816,0.9973887390424816,0.9973887390424816,0.9973887390424816
2006-09-25,1.0163443266106786,0.9961190745111264,1.006180883344572,1.006180883344572,1.006180883344572,1.006180883344572
2006-09-26,1.0239839391896035,1.0036066587997305,1.0137440997977074,1.0137440997977074,1.0137440997977074,1.0137440997977074
2006-09-27,1.024175504199105,1.003794411665543,1.013933749157114,1.013933749157114,1.013933749157114,1.013933749157114
2006-09-28,1.0261371298964017,1.0057170010114636,1.0158757585974378,1.0158757585974378,1.0158757585974378,1.0158757585974378
2006-09-29,1.0236084717709804,1.003238663182738,1.0133723870532705,1.0133723870532705,1.0133723870532705,1.0133723870532705
2006-10-02,1.0201373137988108,0.9998365812542147,1.0099359406608228,1.0099359406608228,1.0099359406608228,1.0099359406608228
2006-10-03,1.0222751793048488,1.0019319032366827,1.0120524275118006,1.0120524275118006,1.0120524275118006,1.0120524275118006
2006-10-04,1.0346196285171336,1.014030697909643,1.0242734322319624,1.0242734322319624,1.0242734322319624,1.0242734322319624
2006-10-05,1.0369184086311531,1.0162837322993934,1.0265492245448418,1.0265492245448418,1.0265492245448418,1.0265492245448418
2006-10-06,1.0341292220928096,1.0135500505731627,1.0237879298718813,1.0237879298718813,1.0237879298718813,1.0237879298718813
2006-10-09,1.0349567829338566,1.0143611429534731,1.024607215104518,1.024607215104518,1.024607215104518,1.024607215104518
2006-10-10,1.0370716606387544,1.0164339345920435,1.026700944032367,1.026700944032367,1.026700944032367,1.026700944032367
2006-10-11,1.034412738306872,1.0138279248145654,1.0240686109238033,1.0240686109238033,1.0240686109238033,1.0240686109238033
2006-10-12,1.0442821675963956,1.0235009524612275,1.0338393459204316,1.0338393459204316,1.0338393459204316,1.0338393459204316
2006-10-13,1.0464200331024336,1.0255962744436955,1.0359558327714093,1.0359558327714093,1.0359558327714093,1.0359558327714093
2006-10-16,1.049048305032796,1.0281722437626437,1.038557821982468,1.038557821982468,1.038557821982468,1.038557821982468
2006-10-17,1.0452170048427634,1.0244171864463927,1.034764834794336,1.034764834794336,1.034764834794336,1.034764834794336
2006-10-18,1.046680561515356,1.0258516183412008,1.0362137559002025,1.0362137559002025,1.0362137559002025,1.0362137559002025
2006-10-19,1.0474468215533623,1.0266026298044508,1.0369723533378288,1.0369723533378288,1.0369723533378288,1.0369723533378288
2006-10-20,1.048703488015693,1.027834288604181,1.0382164531355362,1.0382164531355362,1.0382164531355362,1.0382164531355362
2006-10-23,1.0551553975357078,1.0341578051247473,1.0446038435603509,1.0446038435603509,1.0446038435603509,1.0446038435603509
2006-10-24,1.0554312511493902,1.0344281692515176,1.0448769386378964,1.0448769386378964,1.0448769386378964,1.0448769386378964
2006-10-25,1.0591399497333416,1.0380630647336484,1.0485485502360083,1.0485485502360083,1.0485485502360083,1.0485485502360083
2006-10-26,1.0643964935940662,1.0432150033715444,1.0537525286581255,1.0537525286581255,1.0537525286581255,1.0537525286581255
2006-10-27,1.0554006007478698,1.0343981287929873,1.044846594740391,1.044846594740391,1.044846594740391,1.044846594740391
2006-10-30,1.0558526941702937,1.034841225556305,1.045294167228591,1.045294167228591,1.045294167228591,1.045294167228591
2006-10-31,1.055860356770674,1.0348487356709377,1.0453017532029671,1.0453017532029671,1.0453017532029671,1.0453017532029671
2006-11-01,1.048098142585668,1.0272409895482133,1.0376171611598113,1.0376171611598113,1.0376171611598113,1.0376171611598113
2006-11-02,1.0477380003678047,1.0268880141604857,1.0372606203641268,1.0372606203641268,1.0372606203641268,1.0372606203641268
2006-11-03,1.045408569852265,1.0246049393122052,1.0349544841537426,1.0349544841537426,1.0349544841537426,1.0349544841537426
2006-11-06,1.0572702752406058,1.0362305967633179,1.0466975724881997,1.0466975724881997,1.0466975724881997,1.0466975724881997
2006-11-07,1.0596150309569055,1.0385286918408634,1.0490188806473366,1.0490188806473366,1.0490188806473366,1.0490188806473366
2006-11-08,1.0618218598663645,1.0406916048550239,1.0512036412677008,1.0512036412677008,1.0512036412677008,1.0512036412677008
2006-11-09,1.0561591981854963,1.0351416301416052,1.0455976062036414,1.0455976062036414,1.0455976062036414,1.0455976062036414
2006-11-10,1.058128486483173,1.037071729602158,1.0475472016183414,1.0475472016183414,1.0475472016183414,1.0475472016183414
2006-11-13,1.060825721816956,1.0397152899527988,1.0502174645987865,1.0502174645987865,1.0502174645987865,1.0502174645987865
2006-11-14,1.0675688101514131,1.0463241908294,1.056893122049899,1.056893122049899,1.056893122049899,1.056893122049899
2006-11-15,1.0701357812787349,1.0488400792312882,1.0594344234659474,1.0594344234659474,1.0594344234659474,1.0594344234659474
2006-11-16,1.0725801507999755,1.0512358057990563,1.0618543492919759,1.0618543492919759,1.0618543492919759,1.0618543492919759
2006-11-17,1.073683565254705,1.0523172623061365,1.062946729602158,1.062946729602158,1.062946729602158,1.062946729602158
2006-11-20,1.0731471832281003,1.0517915542818614,1.0624157113958195,1.0624157113958195,1.0624157113958195,1.0624157113958195
2006-11-21,1.0749172439158954,1.0535263907619692,1.0641680714767365,1.0641680714767365,1.0641680714767365,1.0641680714767365
2006-11-22,1.0774305768405565,1.0559897083614298,1.0666562710721512,1.0666562710721512,1.0666562710721512,1.0666562710721512
2006-11-24,1.0734920002452033,1.052129509440324,1.0627570802427515,1.0627570802427515,1.0627570802427515,1.0627570802427515
2006-11-27,1.0588947465211795,1.0378227410654084,1.0483057990559679,1.0483057990559679,1.0483057990559679,1.0483057990559679
2006-11-28,1.0625881199043707,1.0414426163182742,1.0519622387053271,1.0519622387053271,1.0519622387053271,1.0519622387053271
2006-11-29,1.0723655979893338,1.0510255225893461,1.0616419420094405,1.0616419420094405,1.0616419420094405,1.0616419420094405
2006-11-30,1.0732467970330413,1.051889185772084,1.0625143290627108,1.0625143290627108,1.0625143290627108,1.0625143290627108
2006-12-01,1.0702430576840558,1.0489452208361434,1.0595406271072152,1.0595406271072152,1.0595406271072152,1.0595406271072152
2006-12-04,1.0797523447557162,1.0582652730950777,1.0689548213081592,1.0689548213081592,1.0689548213081592,1.0689548213081592
2006-12-05,1.084074051370073,1.0625009777478087,1.0732333108563725,1.0732333108563725,1.0732333108563725,1.0732333108563725
2006-12-06,1.082648807699381,1.0611040964261635,1.0718223196223873,1.0718223196223873,1.0718223196223873,1.0718223196223873
2006-12-07,1.0783500888861646,1.0568909221173302,1.0675665879973029,1.0675665879973029,1.0675665879973029,1.0675665879973029
2006-12-08,1.080304051983081,1.0588060013486178,1.0695010114632504,1.0695010114632504,1.0695010114632504,1.0695010114632504
2006-12-11,1.082756084104702,1.0612092380310185,1.0719285232636548,1.0719285232636548,1.0719285232636548,1.0719285232636548
2006-12-12,1.081622019248452,1.0600977410654082,1.0708057990559678,1.0708057990559678,1.0708057990559678,1.0708057990559678
2006-12-13,1.082886348311163,1.0613369099797711,1.0720574848280513,1.0720574848280513,1.0720574848280513,1.0720574848280513
2006-12-14,1.0922960215778827,1.0705593307484833,1.081373061362104,1.081373061362104,1.081373061362104,1.081373061362104
2006-12-15,1.0935220376386932,1.0717609490896833,1.0825868172623063,1.0825868172623063,1.0825868172623063,1.0825868172623063
2006-12-18,1.0899895788634832,1.0682987862441002,1.0790896830748484,1.0790896830748484,1.0790896830748484,1.0790896830748484
2006-12-19,1.0923419971801631,1.0706043914362782,1.0814185772083615,1.0814185772083615,1.0814185772083615,1.0814185772083615
2006-12-20,1.0907941519033901,1.0690873482805128,1.079886210384356,1.079886210384356,1.079886210384356,1.079886210384356
2006-12-21,1.0867866119046161,1.0651595583277143,1.07591874578557,1.07591874578557,1.07591874578557,1.07591874578557
2006-12-22,1.081009011218047,1.059496931894808,1.0701989211058667,1.0701989211058667,1.0701989211058667,1.0701989211058667
2006-12-26,1.085713847851407,1.0641081422791643,1.074856709372893,1.074856709372893,1.074856709372893,1.074856709372893
2006-12-27,1.0933304726291915,1.0715731962238708,1.0823971679028996,1.0823971679028996,1.0823971679028996,1.0823971679028996
2006-12-28,1.091713663948998,1.0699885620364131,1.080796527309508,1.080796527309508,1.080796527309508,1.080796527309508
2006-12-29,1.0867866119046161,1.0651595583277143,1.07591874578557,1.07591874578557,1.07591874578557,1.07591874578557
2007-01-03,1.085483969840005,1.063882838840189,1.074629130141605,1.074629130141605,1.074629130141605,1.074629130141605
2007-01-04,1.0868172623061363,1.0651895987862443,1.075949089683075,1.075949089683075,1.075949089683075,1.075949089683075
2007-01-05,1.0802044381781404,1.0587083698583954,1.069402393796359,1.069402393796359,1.069402393796359,1.069402393796359
2007-01-08,1.0826028320971004,1.0610590357383685,1.0717768037761295,1.0717768037761295,1.0717768037761295,1.0717768037761295
2007-01-09,1.0820434622693558,1.0605107973701957,1.0712230276466623,1.0712230276466623,1.0712230276466623,1.0712230276466623
2007-01-10,1.0841430147734934,1.0625685687795012,1.0733015846257588,1.0733015846257588,1.0733015846257588,1.0733015846257588
2007-01-11,1.091016367314412,1.0693051416048553,1.0801062036412679,1.0801062036412679,1.0801062036412679,1.0801062036412679
2007-01-12,1.0963112241770367,1.074494630815914,1.0853481119352666,1.0853481119352666,1.0853481119352666,1.0853481119352666
2007-01-16,1.0972077484215046,1.0753733142279167,1.0862356709372896,1.0862356709372896,1.0862356709372896,1.0862356709372896
2007-01-17,1.096226935572856,1.0744120195549565,1.0852646662171275,1.0852646662171275,1.0852646662171275,1.0852646662171275
2007-01-18,1.0929703304113283,1.0712202208361432,1.0820406271072152,1.0820406271072152,1.0820406271072152,1.0820406271072152
2007-01-19,1.0961349843682953,1.0743218981793665,1.0851736345246124,1.0851736345246124,1.0851736345246124,1.0851736345246124
2007-01-22,1.0903497210813462,1.0686517616318276,1.079446223870533,1.079446223870533,1.079446223870533,1.079446223870533
2007-01-23,1.094211671672899,1.0724368594066085,1.08326955495617,1.08326955495617,1.08326955495617,1.08326955495617
2007-01-24,1.103514068534298,1.0815541385704657,1.092478927848955,1.092478927848955,1.092478927848955,1.092478927848955
2007-01-25,1.0910776681174523,1.0693652225219155,1.080166891436278,1.080166891436278,1.080166891436278,1.080166891436278
2007-01-26,1.0897597008520814,1.068073482805125,1.0788621038435606,1.0788621038435606,1.0788621038435606,1.0788621038435606
2007-01-29,1.088564335192791,1.0669019049224546,1.0776786918408632,1.0776786918408632,1.0776786918408632,1.0776786918408632
2007-01-30,1.0948476675044445,1.0730601989211062,1.0838991908294,1.0838991908294,1.0838991908294,1.0838991908294
2007-01-31,1.1020658370624656,1.0801347269049226,1.091045178691841,1.091045178691841,1.091045178691841,1.091045178691841
2007-02-01,1.1079660393551156,1.0859175151719491,1.0968863789615646,1.0968863789615646,1.0968863789615646,1.0968863789615646
2007-02-02,1.1098433764482316,1.087757493256912,1.0987449426837494,1.0987449426837494,1.0987449426837494,1.0987449426837494
2007-02-05,1.1087706123950225,1.0867060772083619,1.0976829062710722,1.0976829062710722,1.0976829062710722,1.0976829062710722
2007-02-06,1.109544535033409,1.0874645987862446,1.098449089683075,1.098449089683075,1.098449089683075,1.098449089683075
2007-02-07,1.111092380310182,1.0889816419420097,1.0999814565070805,1.0999814565070805,1.0999814565070805,1.0999814565070805
2007-02-08,1.109782075645191,1.087697412339852,1.098684254888739,1.098684254888739,1.098684254888739,1.098684254888739
2007-02-09,1.1019279102556245,1.0799995448415378,1.0909086311530682,1.0909086311530682,1.0909086311530682,1.0909086311530682
2007-02-12,1.0983341506773738,1.0764773010788944,1.0873508091706003,1.0873508091706003,1.0873508091706003,1.0873508091706003
2007-02-13,1.1066787224912646,1.0846558159136888,1.095611935266352,1.095611935266352,1.095611935266352,1.095611935266352
2007-02-14,1.1151382333108564,1.0929469824679707,1.103986850977748,1.103986850977748,1.103986850977748,1.103986850977748
2007-02-15,1.1162952859682462,1.0940810097774782,1.1051323331085638,1.1051323331085638,1.1051323331085638,1.1051323331085638
2007-02-16,1.115322135719978,1.0931272252191506,1.1041689143627784,1.1041689143627784,1.1041689143627784,1.1041689143627784
2007-02-20,1.1184944522773248,1.0962364126770066,1.1073095077545518,1.1073095077545518,1.1073095077545518,1.1073095077545518
2007-02-21,1.1169236191994116,1.0946968391773437,1.1057543830074177,1.1057543830074177,1.1057543830074177,1.1057543830074177
2007-02-22,1.1159657941519034,1.093758074848281,1.1048061362103845,1.1048061362103845,1.1048061362103845,1.1048061362103845
2007-02-23,1.1119889045546498,1.0898603253540124,1.1008690155091034,1.1008690155091034,1.1008690155091034,1.1008690155091034
2007-02-26,1.110594311285478,1.0884934844908971,1.099488368172623,1.099488368172623,1.099488368172623,1.099488368172623
2007-02-27,1.0720284435726108,1.0506950775455162,1.0613081591368847,1.0613081591368847,1.0613081591368847,1.0613081591368847
2007-02-28,1.0779899466683014,1.0565379467296023,1.0672100472016184,1.0672100472016184,1.0672100472016184,1.0672100472016184
2007-03-01,1.0751930975295778,1.0537967548887395,1.0644411665542821,1.0644411665542821,1.0644411665542821,1.0644411665542821
2007-03-02,1.0629329369214737,1.0417805714767367,1.0523036075522592,1.0523036075522592,1.0523036075522592,1.0523036075522592
2007-03-05,1.052933243425489,1.0319798718813218,1.042403910991234,1.042403910991234,1.042403910991234,1.042403910991234
2007-03-06,1.0692469196346475,1.0479689059339181,1.058554450438301,1.058554450438301,1.058554450438301,1.058554450438301
2007-03-07,1.066610985103905,1.0453854265003375,1.055944875252866,1.055944875252866,1.055944875252866,1.055944875252866
2007-03-08,1.0742122846809294,1.0528354602157792,1.0634701618341202,1.0634701618341202,1.0634701618341202,1.0634701618341202
2007-03-09,1.0749478943174156,1.0535564312204992,1.0641984153742414,1.0641984153742414,1.0641984153742414,1.0641984153742414
2007-03-12,1.07782136945994,1.0563727242076875,1.0670431557653406,1.0670431557653406,1.0670431557653406,1.0670431557653406
2007-03-13,1.055868019371054,1.0348562457855701,1.0453093391773434,1.0453093391773434,1.0453093391773434,1.0453093391773434
2007-03-14,1.0629329369214737,1.0417805714767367,1.0523036075522592,1.0523036075522592,1.0523036075522592,1.0523036075522592
2007-03-15,1.066848525715687,1.045618240053945,1.0561800404585302,1.0561800404585302,1.0561800404585302,1.0561800404585302
2007-03-16,1.0627643597131124,1.0416153489548217,1.0521367161159814,1.0521367161159814,1.0521367161159814,1.0521367161159814
2007-03-19,1.0743425488873906,1.0529631321645316,1.0635991233985167,1.0635991233985167,1.0635991233985167,1.0635991233985167
2007-03-20,1.0811469380248881,1.0596321139581932,1.0703354686446396,1.0703354686446396,1.0703354686446396,1.0703354686446396
2007-03-21,1.0996138049408448,1.0777314902225223,1.0886176668914365,1.0886176668914365,1.0886176668914365,1.0886176668914365
2007-03-22,1.0992306749218417,1.077355984490897,1.088238368172623,1.088238368172623,1.088238368172623,1.088238368172623
2007-03-23,1.1004337031815117,1.0785350724882,1.0894293661496965,1.0894293661496965,1.0894293661496965,1.0894293661496965
2007-03-26,1.1014988046343408,1.0795789784221177,1.0904838165879975,1.0904838165879975,1.0904838165879975,1.0904838165879975
2007-03-27,1.094686752896463,1.0729024865138235,1.0837398853674984,1.0837398853674984,1.0837398853674984,1.0837398853674984
2007-03-28,1.085966713663949,1.0643559760620367,1.0751070465273098,1.0751070465273098,1.0751070465273098,1.0751070465273098
2007-03-29,1.0900278918653834,1.0683363368172627,1.0791276129467298,1.0791276129467298,1.0791276129467298,1.0791276129467298
2007-03-30,1.0887482376019126,1.0670821476736347,1.0778607552258934,1.0778607552258934,1.0778607552258934,1.0778607552258934
2007-04-02,1.0915757371421566,1.0698533799730279,1.080659979770735,1.080659979770735,1.080659979770735,1.080659979770735
2007-04-03,1.1017056948446025,1.0797817515171952,1.0906886378961567,1.0906886378961567,1.0906886378961567,1.0906886378961567
2007-04-04,1.1029317109054129,1.0809833698583955,1.0919023937963588,1.0919023937963588,1.0919023937963588,1.0919023937963588
2007-04-05,1.1062955924722615,1.0842803101820637,1.0952326365475389,1.0952326365475389,1.0952326365475389,1.0952326365475389
2007-04-09,1.1069469135045669,1.0849186699258262,1.0958774443695212,1.0958774443695212,1.0958774443695212,1.0958774443695212
2007-04-10,1.1098433764482316,1.087757493256912,1.0987449426837494,1.0987449426837494,1.0987449426837494,1.0987449426837494
2007-04-11,1.1025485808864097,1.0806078641267702,1.0915230950775456,1.0915230950775456,1.0915230950775456,1.0915230950775456
2007-04-12,1.1093912830258077,1.0873143964935945,1.0982973701955498,1.0982973701955498,1.0982973701955498,1.0982973701955498
2007-04-13,1.1132608962177406,1.0911070043830078,1.102128287255563,1.102128287255563,1.102128287255563,1.102128287255563
2007-04-16,1.125229878011402,1.1028378034389754,1.113977579231288,1.113977579231288,1.113977579231288,1.113977579231288
2007-04-17,1.1275363207258016,1.1050983479433585,1.1162609575185436,1.1162609575185436,1.1162609575185436,1.1162609575185436
2007-04-18,1.1283179059645683,1.1058643796358736,1.1170347269049226,1.1170347269049226,1.1170347269049226,1.1170347269049226
2007-04-19,1.1269616256972967,1.1045350893459207,1.115692009440324,1.115692009440324,1.115692009440324,1.115692009440324
2007-04-20,1.1373980874149452,1.114763865475388,1.1260241065407959,1.1260241065407959,1.1260241065407959,1.1260241065407959
2007-04-23,1.134777478084963,1.1121954062710726,1.1234297033041136,1.1234297033041136,1.1234297033041136,1.1234297033041136
2007-04-24,1.1343790228651998,1.1118048803101825,1.1230352326365478,1.1230352326365478,1.1230352326365478,1.1230352326365478
2007-04-25,1.1458805860356773,1.1230775623735676,1.1344217801753205,1.1344217801753205,1.1344217801753205,1.1344217801753205
2007-04-26,1.1449840617912095,1.122198878961565,1.1335342211732975,1.1335342211732975,1.1335342211732975,1.1335342211732975
2007-04-27,1.1448461349843684,1.1220636968981796,1.1333976736345248,1.1333976736345248,1.1333976736345248,1.1333976736345248
2007-04-30,1.1358808925396924,1.1132768627781526,1.1245220836142955,1.1245220836142955,1.1245220836142955,1.1245220836142955
2007-05-01,1.1388922944890578,1.1162283378287259,1.1275033715441674,1.1275033715441674,1.1275033715441674,1.1275033715441674
2007-05-02,1.1462637160546805,1.1234530681051926,1.1348010788941336,1.1348010788941336,1.1348010788941336,1.1348010788941336
2007-05-03,1.1512214185005825,1.1283121122724213,1.1397092043155768,1.1397092043155768,1.1397092043155768,1.1397092043155768
2007-05-04,1.1536964384233435,1.130737879298719,1.14215947403911,1.14215947403911,1.14215947403911,1.14215947403911
2007-05-07,1.1566542021700486,1.1336367835468648,1.1450876601483482,1.1450876601483482,1.1450876601483482,1.1450876601483482
2007-05-08,1.1553055845031572,1.1323150033715446,1.1437525286581256,1.1437525286581256,1.1437525286581256,1.1437525286581256
2007-05-09,1.1590296082878686,1.1359649190829404,1.14743931220499,1.14743931220499,1.14743931220499,1.14743931220499
2007-05-10,1.1428538588855515,1.1201110670937293,1.131425320296696,1.131425320296696,1.131425320296696,1.131425320296696
2007-05-11,1.153872678232085,1.1309106119352668,1.1423339514497641,1.1423339514497641,1.1423339514497641,1.1423339514497641
2007-05-14,1.1518037761294675,1.1288828809844913,1.1402857383681728,1.1402857383681728,1.1402857383681728,1.1402857383681728
2007-05-15,1.1503019064549747,1.127410898516521,1.138798887390425,1.138798887390425,1.138798887390425,1.138798887390425
2007-05-16,1.1602249739471588,1.1371364969656108,1.1486227242076874,1.1486227242076874,1.1486227242076874,1.1486227242076874
2007-05-17,1.1591598724943297,1.1360925910316928,1.1475682737693866,1.1475682737693866,1.1475682737693866,1.1475682737693866
2007-05-18,1.1668224728743948,1.1436027056641946,1.155154248145651,1.155154248145651,1.155154248145651,1.155154248145651
2007-05-21,1.16862318396371,1.1453675826028324,1.1569369521240729,1.1569369521240729,1.1569369521240729,1.1569369521240729
2007-05-22,1.1678722491264637,1.1446315913688472,1.156193526635199,1.156193526635199,1.156193526635199,1.156193526635199
2007-05-23,1.1664623306565318,1.1432497302764668,1.1547977073499665,1.1547977073499665,1.1547977073499665,1.1547977073499665
2007-05-24,1.1551446698951757,1.1321572909642619,1.143593223196224,1.143593223196224,1.143593223196224,1.143593223196224
2007-05-25,1.161443327407589,1.1383306051921784,1.1498288941335133,1.1498288941335133,1.1498288941335133,1.1498288941335133
2007-05-29,1.1632670262980445,1.1401180124747137,1.1516343560350641,1.1516343560350641,1.1516343560350641,1.1516343560350641
2007-05-30,1.1725540979586835,1.1492202714093058,1.1608285569790966,1.1608285569790966,1.1608285569790966,1.1608285569790966
2007-05-31,1.1728529393735059,1.1495131658799733,1.1611244099797708,1.1611244099797708,1.1611244099797708,1.1611244099797708
2007-06-01,1.177235946790903,1.1538089514497643,1.165463587322994,1.165463587322994,1.165463587322994,1.165463587322994
2007-06-04,1.1794121252988417,1.155941824005395,1.1676180040458533,1.1676180040458533,1.1676180040458533,1.1676180040458533
2007-06-05,1.1731058051860481,1.149760999662846,1.1613747471341878,1.1613747471341878,1.1613747471341878,1.1613747471341878
2007-06-06,1.1627076564702998,1.1395697741065411,1.151080579905597,1.151080579905597,1.151080579905597,1.151080579905597
2007-06-07,1.1422791638570466,1.1195478084962918,1.1308563722184761,1.1308563722184761,1.1308563722184761,1.1308563722184761
2007-06-08,1.1552672715012569,1.132277452798382,1.1437145987862443,1.1437145987862443,1.1437145987862443,1.1437145987862443
2007-06-11,1.1563783485563661,1.1333664194200945,1.1448145650708026,1.1448145650708026,1.1448145650708026,1.1448145650708026
2007-06-12,1.1440262367437015,1.121260114632502,1.1325859743762645,1.1325859743762645,1.1325859743762645,1.1325859743762645
2007-06-13,1.1613973518053087,1.1382855445043834,1.1497833782872557,1.1497833782872557,1.1497833782872557,1.1497833782872557
2007-06-14,1.166991050082756,1.1437679281861097,1.1553211395819287,1.1553211395819287,1.1553211395819287,1.1553211395819287
2007-06-15,1.174607674860541,1.1512329821308165,1.1628615981119355,1.1628615981119355,1.1628615981119355,1.1628615981119355
2007-06-18,1.1731824311898487,1.1498361008091709,1.1614506068779502,1.1614506068779502,1.1614506068779502,1.1614506068779502
2007-06-19,1.175213020290566,1.1518262811867839,1.1634608900876604,1.1634608900876604,1.1634608900876604,1.1634608900876604
2007-06-20,1.1592288358977503,1.1361601820633853,1.1476365475387729,1.1476365475387729,1.1476365475387729,1.1476365475387729
2007-06-21,1.166393367253111,1.1426179374459644,1.1547832603389265,1.1553057182479152,1.1544945569192828,1.1545309893404663
2007-06-22,1.1513516827070436,1.131480885094813,1.1423058912917985,1.1425046066504545,1.1392057081620148,1.1391510587104716
2007-06-25,1.1476583093238522,1.127897208594476,1.1396685622545062,1.1395383037993814,1.1372799630079429,1.1356586984572767
2007-06-26,1.1439419481395208,1.129725036261626,1.1385461740447809,1.1397044624756383,1.1369711685155335,1.138392051204601
2007-06-27,1.154248145650708,1.1318214067021133,1.1444453628819509,1.1447951763890072,1.1435200642417513,1.1465804281861094
2007-06-28,1.153765401826764,1.1293770695890062,1.1436891730583143,1.1433916570990552,1.1425004334491042,1.144832139181437
2007-06-29,1.1519570281370686,1.1310802855284818,1.1443589633625841,1.1440541203842163,1.14242217633176,1.143569812924902
2007-07-02,1.1642784895482132,1.1400718903190368,1.154114904330927,1.1539669782574817,1.153186856038787,1.1557735922536354
2007-07-03,1.1684469441549683,1.1426345897967813,1.1570679135440127,1.1565982870400817,1.1560154231306543,1.155268548469164
2007-07-05,1.168853061975112,1.1435226283274185,1.1584513260176956,1.1579944668650877,1.1582715375618802,1.157706827123589
2007-07-06,1.1727150125666648,1.1462819100815855,1.1608151465566783,1.1608801825924262,1.1616740898924764,1.162894592098893
2007-07-09,1.1737954392202539,1.1458482985355276,1.1617681400061313,1.1614218541551775,1.1605470416910282,1.1605106084826502
2007-07-10,1.1571446085943726,1.13660777188562,1.1509949341258603,1.1507901842812218,1.1467960825662853,1.1477615539373054
2007-07-11,1.1637650953227487,1.1380917965567274,1.1558375098917244,1.1550306656341665,1.1521918341821495,1.1520825354012139
2007-07-12,1.185940660822657,1.1561508470523822,1.1748568838775397,1.1737450709586588,1.1729970669136258,1.1731792311612552
2007-07-13,1.189618709005088,1.156755757219403,1.1784890529505028,1.1770055537939739,1.1764379738106117,1.177294146791579
2007-07-16,1.1873352540918287,1.1530581751209594,1.1763260476445616,1.1738435167180312,1.173817414043074,1.1750561326310933
2007-07-17,1.1872203150861278,1.1524526672132107,1.175852575209251,1.1738296259074743,1.172939671109482,1.1736683293187933
2007-07-18,1.184768282964507,1.1495794801921784,1.1764249995025915,1.1731156626373458,1.1715201232437744,1.1693523650571618
2007-07-19,1.1900631398271317,1.1538728849703719,1.1811996849297945,1.1777075426566481,1.1749368381163916,1.1724147360857002
2007-07-20,1.1755195243057686,1.1430735993747285,1.168408905330287,1.1654230770337062,1.1639429440448839,1.1612896933978571
2007-07-23,1.181243486789677,1.1461935750505734,1.1733711394848092,1.1699082190491392,1.1691825938003526,1.1672075020104795
2007-07-24,1.1578495678293386,1.1284783495341835,1.152655895621926,1.1497625769261022,1.1500800068451447,1.1487339457400656
2007-07-25,1.1632517010972845,1.1308927710230445,1.1576292253995908,1.1544088521248999,1.1533692932359236,1.1507642681871357
2007-07-26,1.1361031079507145,1.1171025482237154,1.136317389648398,1.135238955120902,1.1382864227561937,1.1393410135271766
2007-07-27,1.1179350824495802,1.1079749577196247,1.1208395852316375,1.1206541245024675,1.127551105771836,1.132470175544723
2007-07-30,1.1293983326181574,1.1142296285078028,1.1301675543173124,1.1296840882601715,1.1377555356841573,1.140747746181479
2007-07-31,1.1151152455097162,1.1143835847802464,1.1228951018290965,1.1259436351011507,1.1447945811018494,1.1483920165144321
2007-08-01,1.1231916263103048,1.1304662662544092,1.1342128469485158,1.1388349961140976,1.1632209538459946,1.169601220858985
2007-08-02,1.1280880279531664,1.1224847163552913,1.1352965887742317,1.1369975512221775,1.1492272042287046,1.154896378281331
2007-08-03,1.098096610065592,1.1142882278642865,1.1134583685604154,1.1201510209246548,1.1404021293940338,1.1450804188994819
2007-08-06,1.1246168699809969,1.1286640952474947,1.1363875552617944,1.139492818882685,1.1471035281101007,1.1492309067988098
2007-08-07,1.1315438607245756,1.116290614246171,1.1366995429090652,1.1356713558708933,1.135934382332723,1.134561270085094
2007-08-08,1.1474667443143507,1.1260363784523568,1.1505964783381242,1.1479185278256063,1.1463806424201035,1.1444354601305795
2007-08-09,1.113444798626862,1.1385453959473193,1.1311085550827735,1.1364499945321773,1.1500889103107417,1.15146968444494
2007-08-10,1.1138662416477658,1.1896902951149322,1.1418629311783202,1.1549634356420568,1.1968262879477312,1.212135610238186
2007-08-13,1.113314534420401,1.1709256174449683,1.1357610974622554,1.1473367579391618,1.1700445931759662,1.1693699153271966
2007-08-14,1.0931005946177896,1.1626075722194635,1.1214749062852327,1.1352557802634042,1.1717043524798474,1.1785274947121218
2007-08-15,1.0778979954637407,1.1805093613442186,1.1113796309245403,1.1310347991308873,1.181928817793494,1.2013518814406152
2007-08-16,1.0813998038374304,1.214000103093447,1.1237989316500805,1.1508748702076523,1.258497544038842,1.3067670792150414
2007-08-17,1.1079660393551156,1.2252488725056456,1.1476839150247726,1.1721983240768996,1.2518578752729679,1.2789677092023959
2007-08-20,1.1076671979402932,1.1670864338599642,1.1347611558149602,1.147965505131386,1.1726518048783696,1.172459531157883
2007-08-21,1.1088702261999632,1.1500073480974515,1.132636840757804,1.1426308197306498,1.1417576156935372,1.138392053603694
2007-08-22,1.1218583338441734,1.123477254289768,1.1377119780251375,1.141843951509083,1.137979443576008,1.1377653476585843
2007-08-23,1.1206553055845032,1.1234080148731729,1.1373373873456076,1.1415809508846373,1.1388883362919677,1.1395445931917951
2007-08-24,1.1335821124256729,1.134875848903222,1.1488556388814384,1.1531102144752576,1.1507763088755447,1.1520684843047462
2007-08-27,1.123942561147551,1.1275658762017804,1.1404227430397444,1.1446120214422337,1.1428112576555531,1.1440072154571648
2007-08-28,1.0975602280389873,1.1059035845956464,1.1175352544641999,1.1222949336251062,1.122907164056054,1.123217530256337
2007-08-29,1.1216207932323914,1.1248146174516123,1.139645449141476,1.144446095764941,1.1428888095874348,1.1439255253375902
2007-08-30,1.1169312817997918,1.1203899978196052,1.1356271283735042,1.140007124546416,1.1384939711633844,1.1397143265963876
2007-08-31,1.129459633421198,1.1298899231343185,1.1468552584995255,1.1512090433036253,1.1480256519858338,1.1478485806321115
2007-09-04,1.1412830258076383,1.136668672937444,1.1569737794808581,1.1608994454100958,1.15660565072735,1.1560632760530183
2007-09-05,1.1281569913565868,1.126351491975736,1.1457376876321497,1.1497087778575845,1.146066335496961,1.1447962648790875
2007-09-06,1.1329537791945075,1.1304330785709038,1.1501423850952963,1.1541182730632027,1.1494717854650276,1.1485341260890993
2007-09-07,1.113797278244345,1.1152605976661198,1.133342639447345,1.1376281575729408,1.1338480214190487,1.1329272976820504
2007-09-10,1.1123796971740332,1.113405775649483,1.1329703897388856,1.1375561441832707,1.1326566900649162,1.131352291045098
2007-09-11,1.1275439833261816,1.1243955657672262,1.1459181986776867,1.150141274187679,1.144546148574989,1.144210676875035
2007-09-12,1.127597621528842,1.1231005711909434,1.1462416967866143,1.1501537882967687,1.1442081071962273,1.1438094253875475
2007-09-13,1.1370915833997426,1.1318390706475923,1.1553623113036182,1.15918246318448,1.1527882177505633,1.152827934895767
2007-09-14,1.1373214614111447,1.1307188055329909,1.1556310304690034,1.1592586976241637,1.1526765485844173,1.1525320770138245
2007-09-17,1.1314978851222952,1.1242710589699005,1.150524885987428,1.1543052914782221,1.1468670668330923,1.1464574357430253
2007-09-18,1.1645466805615154,1.1547896267138171,1.1772486176913037,1.179686647516662,1.1736940220588246,1.1770922122508574
2007-09-19,1.1716345859130757,1.1615920836199205,1.1835643785688588,1.1860698527552422,1.1804153211173378,1.1837750952621822
2007-09-20,1.1637574327223688,1.1541509424448162,1.1764532970259212,1.1792619561764668,1.173374584815152,1.1755305438113126
2007-09-21,1.1691212529884143,1.157382823431501,1.1801922244519634,1.1828383010110366,1.1772089685195688,1.1801650247706879
2007-09-24,1.162975847483602,1.1493182334374625,1.1732372830691156,1.1760568066402788,1.1698589298914077,1.1726296529569014
2007-09-25,1.1625773922638387,1.1492175416641155,1.1732938204612278,1.1755736108299801,1.1699533427174929,1.1728887475389513
2007-09-26,1.1688683871758723,1.1527786613473001,1.1780086325168708,1.1803927411172745,1.1750076123898532,1.1784506427325891
2007-09-27,1.173435297002391,1.1563899549675736,1.1821244795494554,1.1846436191401888,1.178600917620812,1.1825802975368291
2007-09-28,1.1698875130264208,1.152617355982951,1.1792446190932395,1.181399530870121,1.174803617419306,1.1787393065776925
2007-10-01,1.1854349291975725,1.166425378005645,1.1936616567196845,1.195666918337649,1.1889191889667727,1.1934869425235883
2007-10-02,1.18512076258199,1.166697815143436,1.1945443957957436,1.1964987904456512,1.1903436666819587,1.1938303474905712
2007-10-03,1.179726291914424,1.1608222685750003,1.189379272080726,1.191363199200153,1.1840632320838396,1.1882883377491096
2007-10-04,1.1822166370379452,1.1632665780581675,1.1923294493059635,1.194408945246627,1.1873340945750093,1.1907793263948563
2007-10-05,1.1935189725985411,1.1729079925310937,1.2012699995944998,1.2032259739853215,1.1961371359802746,1.2003308418389917
2007-10-08,1.1896800098081286,1.1691399954508883,1.197540130317379,1.1991078423162091,1.191637720250367,1.198317700464224
2007-10-09,1.1993118984858704,1.177722638382493,1.2054260068186549,1.2067487152371958,1.1999696136989744,1.2056868294387635
2007-10-10,1.197258321584013,1.1754166251526799,1.2031893578547272,1.2047894649510327,1.1981836506568742,1.2036327218785785
2007-10-11,1.1910822656776805,1.169935533706526,1.1998027584980857,1.2011494536660294,1.192548160985642,1.1974550700371267
2007-10-12,1.1967449273585484,1.1749127213515345,1.2040684988608348,1.2055555542344514,1.1979338958301076,1.203119194988532
2007-10-15,1.1867145834610433,1.1650677948485628,1.1956506835691822,1.1960378577737811,1.188454064207071,1.1930862591815092
2007-10-16,1.1789140562741374,1.1574114654520575,1.1903591625106573,1.1904589783700075,1.182936129229943,1.1872566747770894
2007-10-17,1.1809906209771348,1.1591592454881738,1.1902113319668606,1.1915143674438564,1.1856485484673882,1.1898452835749074
2007-10-18,1.1801017593330472,1.1571127237975067,1.1886196715451707,1.1895614694443237,1.1825255463191051,1.1885180295188944
2007-10-19,1.1498728008336911,1.1334167835013635,1.1623033933385274,1.163376726908288,1.1558401817245394,1.1599408499343689
2007-10-22,1.1542404830503281,1.136004914435515,1.1652501648529474,1.1658608297362651,1.1592590699725436,1.1627234060096119
2007-10-23,1.1644010911542941,1.1425660855802404,1.1735659763344781,1.1738545199905122,1.1669205792987087,1.1722912341802831
2007-10-24,1.1615582664132902,1.1416962203311394,1.1717408830276992,1.1722678026428295,1.1650831230429455,1.1694557363071147
2007-10-25,1.1604242015570405,1.139647997754121,1.170355341894995,1.1710484172137605,1.1652074886905488,1.169331870390044
2007-10-26,1.1764237111506162,1.1533022044043877,1.185130940064895,1.1854686195586808,1.178935786763956,1.1852901441344532
2007-10-29,1.1807913933672531,1.1561268987836657,1.1887295414482177,1.189158245272614,1.1817618507926924,1.1890799766390452
2007-10-30,1.1731594433887085,1.1513131335335847,1.1833821043567656,1.1841283758970744,1.1781285821319618,1.182915656543931
2007-10-31,1.1872279776865078,1.15954256528623,1.1934144330131462,1.1938783951143663,1.188027463081569,1.195499971823578
2007-11-01,1.1558572917305219,1.1373394032711341,1.168318335695655,1.1689834648654391,1.161854064007155,1.1671060577815775
2007-11-02,1.1567844663765097,1.1401328434468363,1.170366676325172,1.1704669387352906,1.1639612360249643,1.1668976568660947
2007-11-05,1.1510528412922212,1.1381118744830971,1.1668217570611321,1.1671015125717163,1.1580010699522316,1.1620621711215013
2007-11-06,1.1649221479801386,1.144491775628844,1.1767382581949624,1.1763413908132967,1.16724085231265,1.1728739029608897
2007-11-07,1.1307086372831485,1.122601563898247,1.1504810385383442,1.1504439559444373,1.1408767309990442,1.1413297170724297
2007-11-08,1.130057316250843,1.1205492962231767,1.149906765571837,1.149085575511286,1.1395048169826045,1.1408059839466624
2007-11-09,1.1139122172500462,1.1131408250192276,1.1385044465162095,1.1384153609996794,1.1275420284558133,1.1261504562725784
2007-11-12,1.1027861214981918,1.1046952376376173,1.129106204765837,1.128214558448238,1.118064614538857,1.1171934986531575
2007-11-13,1.1348694292895236,1.1152895726286847,1.151311610660154,1.1489159009315593,1.1380300088208064,1.142583865588102
2007-11-14,1.1268466866915956,1.1103326368163087,1.1448165690466225,1.1418688588344783,1.1307807311034117,1.1345818001616668
2007-11-15,1.1119582541531297,1.1081668397836582,1.1374365182778554,1.1333436999553999,1.1217795529395802,1.121179699949991
2007-11-16,1.1177741678415989,1.1029362558347497,1.139595562220127,1.135246233963671,1.1242006791130859,1.1276731265513105
2007-11-19,1.0982575246735733,1.078057871424934,1.1197876198254035,1.115068410595294,1.1050664737380658,1.1076401912104403
2007-11-20,1.1031845767179551,1.076694843453357,1.1223136904629984,1.1169002103059693,1.108514368083389,1.112869318115127
2007-11-21,1.085614234046466,1.0723015378859977,1.1099111162744348,1.1004783038435115,1.0919732932919386,1.0923853855784016
2007-11-23,1.1039508367559616,1.0870380751334252,1.1270781094005378,1.1169567115797951,1.1071159078724846,1.1076694614204126
2007-11-26,1.078296450683504,1.0642331754581618,1.1024867532737743,1.0928543478636463,1.0838135768110158,1.0826958144376104
2007-11-27,1.0943955740820206,1.0779225174435558,1.1180930373720386,1.1077814194291267,1.098110013189455,1.0977450063875402
2007-11-28,1.1256513210323056,1.1057484646608031,1.1470442716759681,1.1363108561616488,1.125926741746832,1.1260132485276673
2007-11-29,1.12618770305891,1.106044821485388,1.1476180054438705,1.1367509506935298,1.1263152741281925,1.1261418357096786
2007-11-30,1.1349383926929444,1.1134610230476572,1.1557681691333177,1.1445961577928059,1.133965769949492,1.1348278411049983
2007-12-03,1.1282566051615277,1.1060145745633,1.1489926720107775,1.137702732074042,1.1269372230844175,1.1270445484864444
2007-12-04,1.120877520995525,1.0987988647644307,1.1416420659555544,1.1302957149403978,1.119589138507346,1.1196936908663022
2007-12-05,1.1379038190400295,1.1138511522218189,1.1574145560025562,1.145900245603667,1.1356260733188053,1.136509208327368
2007-12-06,1.1550144056887144,1.1301266086163813,1.1733233775713015,1.1620099168512679,1.1523735854014605,1.1532630406383562
2007-12-07,1.1529608287868574,1.128574796826988,1.1715406649005284,1.1603249985267847,1.150043042590238,1.150551484233003
2007-12-10,1.1616195672163305,1.1368136798345336,1.179678874123496,1.1682724259671866,1.158430572607676,1.1591771011704488
2007-12-11,1.1322641451603017,1.1083363418251755,1.151036483766351,1.1396997316480477,1.1294840659054874,1.1303397128845183
2007-12-12,1.1391145099000797,1.1145787396312792,1.1576423665785118,1.1464823645482198,1.1361600558236449,1.1367581304224141
2007-12-13,1.1405091031692516,1.1159424563326232,1.1590076676112933,1.1477606688541173,1.1376943867828797,1.138553132198405
2007-12-14,1.1248314227916387,1.1001555842967918,1.14360552765979,1.1323392842770412,1.1219425718456786,1.1231955139864973
2007-12-17,1.1079353889535954,1.0836336319535869,1.127709429528219,1.1158695583211307,1.1052575149893902,1.1061040192770921
2007-12-18,1.1148930300986946,1.0904372295624893,1.1329304310500934,1.1214537237340447,1.1117603374564413,1.1128893946516947
2007-12-19,1.1133758352234415,1.0887254764025713,1.130966829922706,1.1197673106892172,1.1102720964127875,1.1102509390576865
2007-12-20,1.1188316066940476,1.0917040332212182,1.1353713427506111,1.1233664407533759,1.113296722069753,1.1141977790279676
2007-12-21,1.137482376019126,1.1087126410300172,1.1524077560961075,1.1403536807108807,1.1307754728264725,1.131582207347233
2007-12-24,1.1466698338748238,1.115722513988953,1.1606558352924405,1.1489424179648045,1.1384887013778169,1.140035456163812
2007-12-26,1.1475970085208118,1.1162013536556585,1.1615070710047826,1.1495748686149454,1.1394040454551004,1.1409507827982905
2007-12-27,1.1312833323116531,1.1018739824528179,1.146302145149976,1.134670220886675,1.124091580291184,1.1252567767565653
2007-12-28,1.132907803592227,1.1032372319786203,1.1480214602899883,1.1361289405136832,1.1254309730665275,1.126860489537635
2007-12-31,1.1251455894072213,1.095513408214838,1.1408745729362428,1.1283284542033827,1.1164989206323017,1.1187862618146385
2008-01-02,1.1089008766014836,1.0797872070457142,1.1250493852460701,1.113103728698861,1.1016070061155414,1.1033659400199216
2008-01-03,1.1089008766014836,1.0785309854957659,1.1244094776225078,1.1116897406862454,1.099932786236346,1.102337929843507
2008-01-04,1.0816756574511128,1.0544778355066087,1.0992668898148295,1.0873382426835099,1.0752050063796934,1.076488621571145
2008-01-07,1.0851621406240424,1.0549218500603188,1.1010565737682163,1.088433475785652,1.0776424706729029,1.0795193481436667
2008-01-08,1.0652470422362534,1.038364231779487,1.0836656174699753,1.0712365356706577,1.0588626534157597,1.0612979513014564
2008-01-09,1.0797600073560965,1.050948368418769,1.0979455406966674,1.0864887804996564,1.073507656457653,1.0756254607700697
2008-01-10,1.088342119781769,1.0569534769109414,1.1042666213640588,1.0920435285879722,1.080570393637882,1.0826586915594398
2008-01-11,1.0735456384478637,1.0426292814120837,1.092007263272966,1.0799665214132848,1.0673725816917279,1.069490502914185
2008-01-14,1.0852157788267027,1.0512051111720262,1.1006331524002988,1.0885928801355333,1.0780126450054248,1.0795723009241736
2008-01-15,1.0581667994850734,1.0246007620165054,1.073369736190042,1.0606274455731723,1.0504276373738108,1.052252164166797
2008-01-16,1.052228284190523,1.0186424266717489,1.0673501812198938,1.0539872468828262,1.0426791959789818,1.0420718923249601
2008-01-17,1.0216161956721634,0.9935321155024135,1.0409775071956218,1.0296288344488886,1.0225403433990599,1.0185713953144817
2008-01-18,1.015440139765831,0.9872285880987631,1.0340989880936944,1.0215179199639743,1.0135941161545288,1.0128634743085434
2008-01-22,1.0041837798075155,0.9758638978782693,1.0236412239579815,1.0129572951887564,1.004984369142113,1.003564027242763
2008-01-23,1.025715686875498,0.9938093324347462,1.042125094276451,1.0295990838087425,1.0225249679455828,1.0215486463050865
2008-01-24,1.0360372095874457,1.0035092873770282,1.0521247382941452,1.039543931937116,1.0297631244053835,1.0283684293675552
2008-01-25,1.0195932691718261,0.9883259987984091,1.0360006248003795,1.023500866890088,1.0152889540977008,1.0142433671592384
2008-01-28,1.0374931036596582,1.0039436334430123,1.0523327185618419,1.038483475413574,1.0278761935998297,1.0267564760871322
2008-01-29,1.0438760497762523,1.0100610515176072,1.058203820592232,1.0451320923830738,1.035421261354158,1.0336224742645304
2008-01-30,1.03890302212959,1.0058714902591188,1.0535349757463917,1.0399309917076012,1.0313447042747628,1.0290072158555728
2008-01-31,1.0563277753938578,1.021994790258564,1.0699661470326254,1.055850338798254,1.044615502492145,1.0419229273849646
2008-02-01,1.0692545822350275,1.0330384706565425,1.0814895485856981,1.0673630581349076,1.0558799280400764,1.0545969408537144
2008-02-04,1.0580671856801325,1.0234696452686174,1.0712605892415112,1.0564325327472337,1.0455198303660633,1.0429336076491578
2008-02-05,1.0242138172010053,0.9940997102261481,1.0407322463939117,1.0261299308788936,1.015383713318168,1.0120000895161403
2008-02-06,1.0164056274137192,0.9879617144306057,1.0347373711753134,1.0201515854836827,1.008178258021009,1.0059077026573056
2008-02-07,1.0244207074112672,0.9941057973911606,1.040809239931572,1.025416646343983,1.0150787042471088,1.0133318450542277
2008-02-08,1.0201143259976706,0.9911317396274686,1.0380334300519336,1.0223661924236753,1.0119769618585825,1.00867548168876
2008-02-11,1.0261218046956415,0.9940063594196141,1.0418438425484953,1.0255700737733193,1.0152503265185076,1.0143049613488757
2008-02-12,1.0335775148654447,1.000383128093001,1.0475446276364462,1.0320156869374577,1.0207999608470535,1.0204859585185702
2008-02-13,1.047638386562864,1.0115527133095048,1.0593639739748104,1.044107278791029,1.0337116290238784,1.0338376626385768
2008-02-14,1.0335775148654447,0.9982689648253232,1.045444934264895,1.0303795361524555,1.0205326071335106,1.019791243965095
2008-02-15,1.0344433887083921,0.9994832116459071,1.0455285517834843,1.0312212593270278,1.0214622491766894,1.0211612207963245
2008-02-19,1.0335162140624043,0.9966726407842804,1.043384942812615,1.0291804651606156,1.017932610605077,1.0171259621495763
2008-02-20,1.0421366394899774,1.0049344599126349,1.0519816912085909,1.0377430448580498,1.0280347047742724,1.025524841435628
2008-02-21,1.0287270888248636,0.9916983478221593,1.037886124272905,1.0239579895169382,1.0154037557367641,1.01076470799645
2008-02-22,1.0368341200269724,0.9979305563951839,1.0443131026461632,1.0300319708339232,1.0202791381264231,1.0166856426095956
2008-02-25,1.051155520137314,1.0110796017375376,1.0577697279183242,1.0431834394797992,1.0319814697591994,1.0309215155442217
2008-02-26,1.0584273278979957,1.017280118498636,1.0644068808231901,1.0494543265991803,1.0386680684238734,1.0371588320053065
2008-02-27,1.0574541776497273,1.0161552541938508,1.0637782175209152,1.0487366180224282,1.0374364172205544,1.0370582967600985
2008-02-28,1.0479985287807272,1.0076695467595016,1.0550473198645434,1.040265742822207,1.0296302688554664,1.028693264297416
2008-02-29,1.0196085943725863,0.98238258920373,1.0301976076532604,1.0163471951154823,1.0056642851433428,1.0032932351259742
2008-03-03,1.020152638999571,0.9829040017887193,1.0303973997738802,1.0161777703306913,1.00627555622038,1.0038232977298047
2008-03-04,1.016635505425121,0.9785721961975459,1.0255395813784516,1.0111157294893156,1.0014323006007053,0.9984188100617107
2008-03-05,1.0219610126892664,0.9823307876258897,1.0293038641750458,1.01485551428988,1.0036762835615898,1.004455055948178
2008-03-06,0.9994636179733954,0.9640366192674731,1.0111249698009834,0.997496552158108,0.9885663027703021,0.9836659874432805
2008-03-07,0.9910577453564642,0.9563648210837926,1.0036841181512424,0.9904807115380546,0.9825512514594215,0.9783014965868583
2008-03-10,0.9757325445963342,0.9424459290678886,0.9898858796929967,0.9765651517811544,0.9685371345961838,0.9639352253883107
2008-03-11,1.0119613191932815,0.9737080608238029,1.0215525553276161,1.0073559494876587,0.9976825130289554,0.9958424959062346
2008-03-12,1.0028581499417644,0.9649835798242604,1.0133284407432117,0.9987886398223281,0.9871097082739904,0.9844304645379416
2008-03-13,1.0079997547967878,0.9695269024980041,1.0188942441162916,1.0038195044142426,0.9932541821237983,0.9914176741786477
2008-03-14,0.9870502053576903,0.9565601232102984,1.0043485315645873,0.9908925169749953,0.9798554336487422,0.9735493461907513
2008-03-17,0.9782075645190952,0.9521214627857,0.9976162269863829,0.9838428969591242,0.968446021056197,0.9649339624608811
2008-03-18,1.019692882976767,0.9774662577350394,1.0270690537896308,1.0112328844177716,1.001262721667941,1.0013976126660324
2008-03-19,0.9949273585483972,0.9535387726789548,1.009801177482392,0.9885913802752626,0.9783263632717366,0.9747257507595908
2008-03-20,1.018750383130019,0.9734180523752344,1.0326527206823053,1.0101786984965186,1.0006635360847276,0.9967486364784041
2008-03-24,1.0343591001042116,0.9874105400538566,1.0471916984419771,1.0247101079702918,1.014500718702288,1.0119958096350428
2008-03-25,1.0367421688224117,0.98939919467384,1.0496085739703984,1.0270598262057247,1.0165241287488271,1.0131158126936304
2008-03-26,1.0276543247716547,0.9818662581431249,1.0414721029298015,1.0190747694853768,1.0086984319971644,1.0064675842547561
2008-03-27,1.0158769079874947,0.9706916520628774,1.029854075025964,1.0077639872085349,0.9969745212949737,0.9950446860852243
2008-03-28,1.0078005271869062,0.9630286495849458,1.0218223388164678,0.9998569365013358,0.9885829187468292,0.9861283882778442
2008-03-31,1.0135321522711949,0.9671047111613099,1.0261934877507983,1.0040654360966823,0.9937625593647333,0.9904961509653808
2008-04-01,1.0499141788757433,0.9983552985566014,1.0602249282855865,1.037194170387061,1.0268010200702424,1.0229671476056397
2008-04-02,1.047883589775026,0.9969735216020655,1.0584969906423674,1.0356130948139854,1.025417204733925,1.0209976824039961
2008-04-03,1.0492475326426778,0.9977227736841346,1.0595065866660478,1.0370411046382841,1.0261520524814145,1.022320568463968
2008-04-04,1.0500827560841048,0.9982428076606351,1.0601859063024537,1.0374186540642494,1.0269015989873225,1.02367216462928
2008-04-07,1.0517225525654388,0.9989813545395921,1.060889377806811,1.0380870982441297,1.0275402890468177,1.0247210864267258
2008-04-08,1.0463587322993932,0.9936196343234276,1.055462074511268,1.0326479290900337,1.0226151733444846,1.018868908291453
2008-04-09,1.0378915588794213,0.9858582810361136,1.0476276375347742,1.024884667971527,1.0136102067510697,1.010656609997808
2008-04-10,1.0425350947097407,0.9894468249806933,1.0514178257013826,1.0286828292907881,1.017897666772246,1.0151603681570378
2008-04-11,1.0212943664562006,0.96929327387175,1.0307046320025965,1.0081914773685925,0.9971566890982977,0.9945590189534326
2008-04-14,1.0178385336847913,0.9660143230960885,1.0266633351395005,1.004632540237426,0.9943218980722838,0.9917487263907431
2008-04-15,1.0225203825170113,0.9704565380050223,1.0308770724694263,1.008675548432635,0.9981172578020344,0.9957481300185758
2008-04-16,1.0457227364678479,0.9921988720738046,1.0529741587872237,1.0303247275150758,1.0197490454751355,1.0166275140084775
2008-04-17,1.0463740575001532,0.9920169170169915,1.0536414687888773,1.0312740444248165,1.0199594790718374,1.0183839674345654
2008-04-18,1.0653543186415741,1.008258093950887,1.0710965724518262,1.0482193093367427,1.0373419128172234,1.032698066108116
2008-04-21,1.0636991969594802,1.0055127529795271,1.0683619594509342,1.0463406805165232,1.0354825673371946,1.0311050857123134
2008-04-22,1.054327836694661,0.9975037285768023,1.0596780997182715,1.0375325190593525,1.026435359126,1.0220855717120054
2008-04-23,1.0573852142463067,0.9991849711525851,1.0619666268198964,1.0396723786659474,1.02964845693853,1.0250281604986962
2008-04-24,1.0641972659841845,1.0043930851724328,1.0678093928055548,1.0447779357741505,1.035963408329613,1.031584454812902
2008-04-25,1.071108931527003,1.011282286878578,1.074182627802582,1.0510683494153241,1.0421130534213228,1.039366209130009
2008-04-28,1.0699825292711334,1.0090335869881168,1.0722612386961428,1.0496760077395781,1.0388030830641655,1.0348933390917263
2008-04-29,1.0658217372647583,1.0055221172557998,1.0686312157770022,1.0459503516137487,1.0341063786312747,1.032018349473123
2008-04-30,1.0617222460614233,1.0016713494546265,1.064882652431982,1.0421969311516797,1.030148687385985,1.0280727730298156
2008-05-01,1.0799209219640777,1.0167814816689578,1.0809953127653544,1.0576748211979308,1.046933455090963,1.045588182474404
2008-05-02,1.0834150677373875,1.0196667517775326,1.0843381078755607,1.0610830895845436,1.0520063213340798,1.0495159341791567
2008-05-05,1.0785033408937659,1.0150530281129495,1.0805864262810492,1.0573714685856186,1.047290636841689,1.0442238242650361
2008-05-06,1.0867559615030957,1.022804947593068,1.0878179396861225,1.0647245646526697,1.0549963281780697,1.0527313946077212
2008-05-07,1.0670707411267089,1.0051078235009598,1.0700301223089288,1.047405670707618,1.037194793519873,1.0337852527706062
2008-05-08,1.0709863299209221,1.0083889671714479,1.0736955415591707,1.0507842110511734,1.0405565850053475,1.0358594522021438
2008-05-09,1.063783485563661,1.0016231321563025,1.066801439746204,1.0437395242926406,1.0338643586857608,1.0311862097139515
2008-05-12,1.0755072641451604,1.0114449696041747,1.0768770442843336,1.05349871383917,1.0439798347618396,1.0419050278436555
2008-05-13,1.0750934837246369,1.0102625348365886,1.0757418633558058,1.0526044723074386,1.0423775859368718,1.0392476104632993
2008-05-14,1.0793998651382335,1.0143076404520264,1.0796637467569645,1.0563536332217547,1.046012062916398,1.043392309456082
2008-05-15,1.0908248023049103,1.0250394064175385,1.0906236244337655,1.0672524585323755,1.057041815527102,1.056647471414069
2008-05-16,1.0921887451725618,1.0263205964523214,1.092464448293999,1.0685828790867988,1.059038412798069,1.0579602052587582
2008-05-19,1.0931695580212102,1.0272419016458731,1.0932927743028702,1.0696082742520008,1.059566940998638,1.0572098144514421
2008-05-20,1.0830319377183844,1.0177193487468974,1.0842733373660733,1.0606225720675049,1.050982758338066,1.0497119817243963
2008-05-21,1.0656454974560168,1.0009908950970854,1.0688826438894214,1.0457935399256246,1.032602717034695,1.0312839334692152
2008-05-22,1.0684346839943604,1.0029388571433404,1.071473328884142,1.049060373389503,1.0433097460475096,1.0330967873071872
2008-05-23,1.054320174094281,0.9898132811678954,1.0581011717574786,1.0355549531418273,1.028048652313261,1.0195739913583854
2008-05-27,1.0615383436523018,0.9936196062765886,1.0635046430504584,1.0406227256473832,1.032965224116516,1.0264895580162416
2008-05-28,1.0657451112609575,0.9968858257264192,1.0666714355869207,1.0433866047015166,1.0324114423478694,1.0305199678837182
2008-05-29,1.0714307607429658,0.9999128080000846,1.0701642308007253,1.0464075701674762,1.0364315313275867,1.0335609323567547
2008-05-30,1.0730552320235398,1.00045475967512,1.0709965174807718,1.0475928420756824,1.0371293890523732,1.0351173019230666
2008-06-02,1.061783546864464,0.9912644270765669,1.0613939346186312,1.0382818985941134,1.0274637663647088,1.0236306301339768
2008-06-03,1.0556381413596518,0.9871641012451261,1.056423658239683,1.0329887493152181,1.0215684617701404,1.01843037728049
2008-06-04,1.055293324342549,0.9868434438515891,1.0560812524053589,1.0333960793888233,1.021811346136613,1.0196469416111364
2008-06-05,1.0758674063630234,1.0033927990456064,1.074628591769092,1.0510682675130214,1.0404007838376077,1.0386709864144568
2008-06-06,1.0426347085146817,0.9808839598710273,1.0470603657386426,1.0248681065826934,1.018272923318738,1.0099253346493862
2008-06-09,1.0434622693557287,0.9793932353708229,1.0470215438968276,1.0244916502625043,1.0130432888006105,1.009171275908086
2008-06-10,1.0409182860295472,0.9750900948944001,1.0435981174476499,1.0210035302980904,1.0097423364263383,1.0075933459062976
2008-06-11,1.023332618157298,0.9597052685660693,1.0270833875982879,1.0045083616866928,0.993732858414163,0.9876510593678771
2008-06-12,1.0266888371237664,0.9583057297587031,1.0285589486769668,1.0059555745279638,0.99666565445916,0.9939604294693135
2008-06-13,1.0421366394899774,0.9700879785612684,1.0413618181331576,1.0186019944189897,1.0094769359065128,1.006354293815855
2008-06-16,1.0422209280941581,0.9695205608486583,1.040647780150598,1.0180721949256626,1.009270960053903,1.0057475262591888
2008-06-17,1.0351636731441183,0.9629577728609356,1.0331581710006104,1.0109311988674496,1.0013535793409158,0.9988142476522608
2008-06-18,1.025110341445473,0.9532859281058835,1.0238813843371743,1.0013714454341724,0.9885542153667517,0.9874635690634559
2008-06-19,1.0289569668362657,0.9547088552566854,1.0267255764919043,1.0038251332455002,0.9904416832853826,0.9900346932623191
2008-06-20,1.0098770918899038,0.9387320535397994,1.0088656718947109,0.9865496929215811,0.9743406121295557,0.9724976201307652
2008-06-23,1.0099307300925644,0.938251831344715,1.0085990912713734,0.9862730731254692,0.973842623305729,0.9710675763587725
2008-06-24,1.0070879053515602,0.9353698236661536,1.0058568193131756,0.9835106048918172,0.9708539919686702,0.9698377329139877
2008-06-25,1.01297278244345,0.9384044364827573,1.0095839552686507,0.9871115533056407,0.9738361153521778,0.9733102981900472
2008-06-26,0.983226567768038,0.9173742517553894,0.9843949677441421,0.9628429816765011,0.9498585591591362,0.9457659257123064
2008-06-27,0.9795715073867469,0.9129500662002346,0.9802980291024974,0.9584923346215419,0.946094489432819,0.94277403624069
2008-06-30,0.9808128486483173,0.9127688815135817,0.9807407012717363,0.9591338373890222,0.9453024844993874,0.9439578321998052
2008-07-01,0.9845751854349293,0.9157030192448786,0.9842920653188417,0.9623961194388662,0.9486197740054205,0.9464485752733145
2008-07-02,0.9666523631459574,0.9029098544927426,0.9693697877926515,0.9477761313920565,0.9345020510335825,0.9301794939370229
2008-07-03,0.9677098019984063,0.9017649566047643,0.9694657532676381,0.9475324681238824,0.9333971757590708,0.9311879127170102
2008-07-07,0.9595951081959174,0.8942942806501407,0.9613259128759244,0.9392399035770478,0.9245791767336178,0.9213098902319364
2008-07-08,0.9759854104088764,0.9030285369649413,0.9735833996718662,0.9511963191372138,0.9389363193112823,0.9382569995315354
2008-07-09,0.953756206706308,0.8862707635677782,0.9549464378870601,0.9329203735168262,0.9192793995159937,0.9170582830044159
2008-07-10,0.9604226690369645,0.8924081460800752,0.9620188312778734,0.9396057589666036,0.9269344566526073,0.9255552100076638
2008-07-11,0.9497716545086741,0.8878984760599342,0.9538349832503944,0.9314300406520332,0.9169856549268136,0.9145750621369133
2008-07-14,0.9411972046833814,0.8794749295434892,0.9473029664488631,0.9235882639826166,0.9081406266790576,0.9072209874063047
2008-07-15,0.9309369827744745,0.8705586068470309,0.9382756053750946,0.9138830973297819,0.897576358720447,0.8957906296723391
2008-07-16,0.9542696009317722,0.8785345615533473,0.950847839489118,0.928635182633069,0.9166391135793828,0.914969500341469
2008-07-17,0.9657328511003495,0.8882348146222273,0.9610263954391658,0.9385491121314098,0.926412600637696,0.9243257937770609
2008-07-18,0.9660087047140319,0.8871777793534902,0.9610252127930337,0.9383095170455943,0.9261656822221551,0.9255026113977852
2008-07-21,0.9654876478881873,0.8857682616537429,0.9595904465884573,0.9368436791537679,0.9242879443824126,0.9223647641734485
2008-07-22,0.9785140685342978,0.8965193889567564,0.9711676421098063,0.9485023357181025,0.9360571885244813,0.9347298125857525
2008-07-23,0.9824909581315516,0.8995832757399246,0.9751543796324181,0.952131322932107,0.9395844315244626,0.9385047891304501
2008-07-24,0.9597713480046589,0.8809321034010228,0.9547380121811362,0.9322300605786074,0.9202705767625963,0.9175486696183507
2008-07-25,0.9637712254030528,0.8842038640147464,0.9582473377684786,0.9359515455814825,0.9231285635818375,0.9207354872061803
2008-07-28,0.9458484031140808,0.8691769356118931,0.9418108029345343,0.9197076873925376,0.9070667804472963,0.9043326149329645
2008-07-29,0.9679396800098082,0.8861338928764911,0.960819974943196,0.9380286525633645,0.9257467404807467,0.925912261959191
2008-07-30,0.984077116410225,0.8995335686008955,0.9754667893202837,0.9525437773932648,0.9404016886995258,0.9407220585360868
2008-07-31,0.9711426469686754,0.8890531706135473,0.9640650827345306,0.941456844513048,0.9285380136875231,0.9266143538359538
2008-08-01,0.9657251884999694,0.8844893851640452,0.9587895537224885,0.9362265259153265,0.9234589735669723,0.9220819281294438
2008-08-04,0.9570664500704961,0.8756629465151271,0.9499118642208022,0.9272244190234402,0.9156249754079762,0.9138628077142066
2008-08-05,0.9845521976337892,0.8990319602452089,0.9757325509556996,0.9528694532952564,0.9401987298965012,0.9393430801427375
2008-08-06,0.987854778397597,0.9016681844295044,0.9784455072648328,0.9553822682393878,0.9437758486694913,0.9424779835931508
2008-08-07,0.9701388463188868,0.8858952104284568,0.9621076051090042,0.9395432926094317,0.9276198132062702,0.9261698340909994
2008-08-08,0.9933182124685833,0.9066477179857745,0.9843135732929621,0.9616047692955387,0.9492259807843391,0.9487823264284416
2008-08-11,1.0002145528106419,0.912559399726719,0.990893881359725,0.9680352639762999,0.9557477538181779,0.9553285285290731
2008-08-12,0.9881612824127997,0.9015736966635871,0.9795432601121493,0.9564230738396408,0.9447584385289665,0.9432772422473163
2008-08-13,0.9852801446698952,0.8989477434838429,0.9768649740538233,0.9540324491419748,0.9415457211847019,0.9405423844808304
2008-08-14,0.9907205909397414,0.9035324807988531,0.9814148732536375,0.9583123832498099,0.9462101268584031,0.9457066105824398
2008-08-15,0.9947587813400356,0.9068391610723668,0.9850661026541288,0.9620176645843325,0.9498320390651761,0.9490314592516721
2008-08-18,0.9797400845951082,0.8931506817311472,0.9703098527939471,0.947559673619612,0.9355862257832162,0.9341653061120908
2008-08-19,0.970613927542451,0.884832835355947,0.9619312579601046,0.9392932636476055,0.9266529887137531,0.9260108150041702
2008-08-20,0.9766290688408019,0.890128288752956,0.9673403120854781,0.9444557634460129,0.9317184083581388,0.9302972721176648
2008-08-21,0.9790657757616625,0.8915357404933484,0.9697593046631122,0.9466664092713483,0.9343303887178224,0.9323367532413559
2008-08-22,0.9901612211119967,0.8999648764726885,0.9795130944667763,0.9567927334757141,0.9437227487823405,0.9415080547153085
2008-08-25,0.9707288665481518,0.8848044480377458,0.9620749441939415,0.9392619548678899,0.9267324553947913,0.9262836766066248
2008-08-26,0.9743073009256422,0.887044291429179,0.9648595629558532,0.9418032998384107,0.9290596987597418,0.9262988548038069
2008-08-27,0.9820848403114082,0.8922818246967164,0.9713816750429811,0.9481373289676955,0.936060305387982,0.9344085856109429
2008-08-28,0.9966591062342919,0.9030587273759776,0.9845077982146583,0.961083707785582,0.9476168095703826,0.9473773644727036
2008-08-29,0.9829813645558758,0.8915083217254791,0.9718199594918007,0.9484851288684504,0.9343534509408139,0.9344787906780582
2008-09-02,0.9789584993563416,0.8884718490935921,0.9681119744058215,0.9444485058561203,0.9305539574549747,0.9293930131061646
2008-09-03,0.9769662232575248,0.885487351062658,0.9657642784513909,0.9424818680579208,0.9293279571927263,0.9280310608605937
2008-09-04,0.9477334028075768,0.8638574913083819,0.9403546624965541,0.9169464110476695,0.9020633855123614,0.8996882730629203
2008-09-05,0.9519325078158525,0.8648771183205909,0.9426434816176454,0.9193196034155754,0.9053736791383005,0.9049402509956282
2008-09-08,0.9714568135842581,0.8795270969368971,0.9596982530445081,0.9360321913311117,0.9228476611766421,0.9223186692714544
2008-09-09,0.9382930791393368,0.8549437330253385,0.9308826668243501,0.9066496983583048,0.892146506160978,0.8910441441267904
2008-09-10,0.9440630172255257,0.856787327908746,0.9345903184968065,0.9106490083337294,0.8972854925124063,0.8957101434965904
2008-09-11,0.9570971004720161,0.8691415947990119,0.9475504701845324,0.9230261054026278,0.9095958514065252,0.9087769733100172
2008-09-12,0.9591276895727335,0.8749299518939042,0.9512582340942399,0.9258161714367389,0.9122901229825329,0.910175055706341
2008-09-15,0.91391834733035,0.8578736391537816,0.9174069714007487,0.8924012299939504,0.8758887793701882,0.8698668575503296
2008-09-16,0.9299331821246858,0.8758845793709338,0.9334956193720338,0.9040831504596581,0.8850444829011305,0.8854862209447678
2008-09-17,0.8860954453503341,0.8883126255734101,0.9128011645605266,0.9070983924697597,0.8536309511868865,0.8531903064096508
2008-09-18,0.9245003984552198,0.9243787127552495,0.9506768234267402,0.9448250676068269,0.8890535589861487,0.8889439759671612
2008-09-19,0.9617176485011953,0.9589243725638087,0.9871539616412293,0.9806680624080937,0.9223161443890967,0.9217372184298406
2008-09-22,0.9249448292772635,0.925332288597299,0.9516121546054349,0.9452874439639687,0.8888412148304914,0.8878365852552191
2008-09-23,0.910485502360081,0.9149108114787893,0.9398307623325948,0.9338163520724325,0.8785092396401037,0.8765509884450222
2008-09-24,0.9086847912707657,0.912952817639743,0.9376296590580948,0.9317631464290683,0.8766911652434247,0.8763526936067946
2008-09-25,0.9265463127566973,0.9281175295631577,0.9542501628381828,0.9478657899370798,0.8918686514291291,0.8906803836119118
2008-09-26,0.9296803163121437,0.9341320552893078,0.958299512695929,0.9522456093788051,0.895492391796201,0.894343539435281
2008-09-29,0.8478054312511496,0.8680769149089904,0.8824114488747128,0.8787657167356577,0.8295552499385802,0.8294951416301296
2008-09-30,0.8937350579292589,0.904265406127221,0.9252529616619217,0.9202479097146734,0.8649721809211536,0.8634043020790426
2008-10-01,0.8896738797278245,0.902797219841966,0.9227323393819197,0.9178804012218907,0.8636904548207736,0.8620690883385916
2008-10-02,0.8538282351498805,0.8764460206246287,0.8904170918746652,0.8870438462173137,0.8368957336102562,0.8369170188682602
2008-10-03,0.8422960215778827,0.8708087594409245,0.8804992123122496,0.878436148065265,0.8299989372496274,0.8296511885502741
2008-10-06,0.8098525715686877,0.8502257742679142,0.8505087221836363,0.8496757463850206,0.8067174781297143,0.8080800690197742
2008-10-07,0.7633712376632135,0.8273269015601066,0.8097294359449921,0.8137246669010678,0.7808661843796655,0.7902618988724476
2008-10-08,0.7547201618341202,0.8402654092445134,0.8057622203723582,0.813837632899651,0.7878085762868889,0.8012816554782262
2008-10-09,0.6972353337828726,0.8272869961965766,0.7577699745503385,0.773080618544706,0.7698138126232273,0.8127173957583984
2008-10-10,0.689036351376203,0.8495573241660127,0.7543579923970243,0.7746794333739189,0.7882714493417511,0.8593306633552397
2008-10-13,0.7688270091338197,0.8877486845516139,0.8265126096791939,0.8381191560066313,0.8246448731412079,0.8538258855700749
2008-10-14,0.764735180530865,0.873096223140909,0.8222868635127862,0.8343530408053256,0.8173803892856791,0.8353976504619166
2008-10-15,0.695641512903819,0.865679237585879,0.7670858663802809,0.790649304721235,0.812749668061892,0.8863515615149467
2008-10-16,0.7252114877704898,0.9339758612236976,0.8028258476583455,0.8314491666564229,0.8692744430913948,0.9803947602168516
2008-10-17,0.7207058787470115,0.9267708800234151,0.803410865961003,0.8345910953637021,0.8839585666133705,0.9924323453977818
2008-10-20,0.7550726414516031,0.8846892035907067,0.8238919092906284,0.8433321764290488,0.8510507824814989,0.886577440998474
2008-10-21,0.7318166492981059,0.8670747095840452,0.8022998256951388,0.8223876549957291,0.8328428146994711,0.8688481430777808
2008-10-22,0.6871666768834672,0.9358496633042791,0.7782514738092466,0.8183597374191122,0.8946761611376786,1.056775846938052
2008-10-23,0.6958484031140808,0.9484399047377489,0.7881618731030592,0.8287176159369005,0.9058976220092828,1.0700596293409308
2008-10-24,0.6718338135229571,0.9197515526209287,0.7621533453823168,0.8014748113110639,0.8764158304154934,1.0353615374564458
2008-10-27,0.6504934714644762,0.8941365384437324,0.7385972003185,0.7768325160338124,0.8499079545949444,1.0042698051205257
2008-10-28,0.7206752283454915,0.984009154760207,0.8168241176280387,0.8589984809751096,0.9392695557917903,1.1096463213432322
2008-10-29,0.7126907987494637,0.9745658100489891,0.8083943234781059,0.8502593899900117,0.9298336529084762,1.098496927019744
2008-10-30,0.7310810396616196,0.9982016805766423,0.8290701327781824,0.8719444158196823,0.9535692265418965,1.1264872631976222
2008-10-31,0.7423144118187949,1.0121393744151335,0.8418460324247223,0.8853684257697502,0.9680984586537579,1.1435833102092798
2008-11-03,0.740437074725679,1.0075310456190074,0.8394657935856491,0.8827991684478919,0.9651811096163377,1.1400642299709138
2008-11-04,0.7706660332250354,1.0462001553802496,0.8727336460420684,0.9175344945461562,1.002715919025771,1.1842851107363817
2008-11-05,0.7300695764114511,0.9922894369168802,0.8276957208682089,0.8703301192222161,0.9514275485551758,1.123736007729187
2008-11-06,0.6933733831913198,0.9476550374913176,0.7877450287225296,0.8287040778381989,0.9065720111790638,1.0710957000335797
2008-11-07,0.7133804327836695,0.9704999503900426,0.8099540467991945,0.8519191983395268,0.931669072102384,1.100626178082909
2008-11-10,0.704353889535953,0.958497576735172,0.7999424931224944,0.841449764878953,0.9201879734083929,1.0870520638200853
2008-11-11,0.6888294611659415,0.937873505225578,0.7828287393168148,0.8235108779192093,0.9007644660630499,1.0641312033807468
2008-11-12,0.6530834303929381,0.8927834087888473,0.7434728822550838,0.7824131108356889,0.8568490143972511,1.0127496649750223
2008-11-13,0.6982851100349414,0.9485764798800583,0.7935901391942926,0.8348327567018256,0.9130986686842348,1.0786358487749792
2008-11-14,0.6691672285906946,0.9113212255247402,0.761845787266311,0.8016538937240486,0.8775227045392953,1.0369292041335885
2008-11-17,0.6518957273340281,0.8908987181055403,0.7433150120350013,0.7824202588119903,0.8568823047706212,1.01273130549849
2008-11-18,0.6583093238521425,0.8978464483019395,0.7507064519124854,0.7903531936416988,0.8653289898561128,1.0225691430519042
2008-11-19,0.6180500214552811,0.8545034496325213,0.7071998147169465,0.7450938430442315,0.8173144966031629,0.9664237322799386
2008-11-20,0.5765647029976093,0.7971466880427165,0.6597305023501938,0.6950809730717369,0.7624539659104912,0.9015545551795445
2008-11-21,0.6130310182063385,0.8475642773308363,0.7014568521014638,0.739043154120703,0.8106773248994873,0.9585756881349887
2008-11-24,0.652707962974315,0.9024208180607973,0.7468569443502717,0.7868759285421246,0.8631464471615217,1.0206171729938438
2008-11-25,0.6569836939863912,0.9083323572124617,0.7517494224257516,0.7920305612433902,0.8688007094678591,1.0273029877005337
2008-11-26,0.6801937105376081,0.9404220562991847,0.778307336566663,0.8200115333798302,0.8994938286898951,1.0635956987158817
2008-11-28,0.6867528964629437,0.9494906539942112,0.7858126434351412,0.827918998598976,0.9081677507942408,1.0738520739648543
2008-12-01,0.6254291056212837,0.8647056220394259,0.7156432849439844,0.7539897414157707,0.8270726589705517,0.9779621544350328
2008-12-02,0.6504091828602955,0.8992425712050637,0.7442265797935621,0.7841046206382183,0.8601065211903726,1.0170226489579888
2008-12-03,0.667213265493778,0.9224755557204761,0.7634545447031094,0.804362881415773,0.882328380039473,1.043298619660088
2008-12-04,0.6476583093238523,0.8954392691343693,0.7410789102073664,0.7807882888465439,0.8564687431115641,1.0127212018617493
2008-12-05,0.6712974314963528,0.9281222409674961,0.768127825732197,0.809286571791713,0.887729315181548,1.0496848906971235
2008-12-08,0.6970667565745112,0.963750388220269,0.7976142124129117,0.840352933394502,0.92180688531813,1.0899795051390564
2008-12-09,0.6809523079752345,0.9414708777615768,0.7791753568703771,0.8209260649881192,0.9004970042603744,1.0647818916477139
2008-12-10,0.6890516765769632,0.9526689008499447,0.7884430079918507,0.8306903065028822,0.9112076767653899,1.077446598000709
2008-12-11,0.6693971066020966,0.9254948902334229,0.7659533910319836,0.8069956239244839,0.8852163097120647,1.0467134174941501
2008-12-12,0.6741019432354565,0.9319997021314909,0.7713368704913826,0.8126675674344787,0.8914380248663498,1.0540702100208663
2008-12-15,0.665550481211304,0.9201766238281621,0.7615519143404229,0.8023583020319475,0.8801295002536751,1.0406985806074862
2008-12-16,0.6997333415067738,0.9674371545729198,0.8006654352986947,0.8435676505630332,0.9253331994446631,1.094149153020648
2008-12-17,0.6930209035738368,0.9581566737541779,0.7929847707931026,0.835475431483627,0.9164566156089075,1.0836531428359517
2008-12-18,0.6783546864463925,0.9378794588145979,0.7762030449212953,0.8177944870567052,0.8970618879129758,1.0607200794871978
2008-12-19,0.6803469625452093,0.9406339394229004,0.778482694203777,0.8201962872400905,0.8996964904213052,1.0638353336516053
2008-12-22,0.6678952369276038,0.9234184356210102,0.7642348861882666,0.8051850360939318,0.8832302247442472,1.0443649951240581
2008-12-23,0.6614050144056888,0.914445185331656,0.7568084902564897,0.7973607101119031,0.874647500419036,1.0342164555961613
2008-12-24,0.6652286519953412,0.9197316692683594,0.7611836633024834,0.8019703189254006,0.8797039106177141,1.0401953472424665
2008-12-26,0.6687917611720714,0.9246579518947463,0.7652607283653834,0.8062658461764552,0.8844157958729953,1.0457668594980414
2008-12-29,0.6662018022436094,0.9210771271039533,0.7622971842981572,0.8031435059380542,0.8809908126121672,1.0417170290843116
2008-12-30,0.6824618402501073,0.9435579265301751,0.7809026295959498,0.8227458905116843,0.9024932223147624,1.0671422957645917
2008-12-31,0.6921243793293692,0.9569171574804419,0.7919589286159859,0.8343946214011037,0.9152710444801593,1.0822512784619684
2009-01-02,0.7140011034144548,0.9871634733908395,0.8169912313140056,0.860768234953278,0.9442010066389288,1.1164591655365204
2009-01-05,0.7106678722491266,0.982555015450026,0.8131772027067768,0.8567498384926139,0.9397931139807626,1.111247105684531
2009-01-06,0.7162232575246736,0.9902357786847154,0.8195339170521585,0.863447165927054,0.9471396017443731,1.1199338721045136
2009-01-07,0.6947296634585913,0.9605191705836066,0.7949400084469235,0.8375354370255307,0.9187162939141283,1.0863250723692706
2009-01-08,0.6970897443756514,0.9637821706888264,0.7976405160584786,0.8403806464735412,0.9218372845778415,1.090015450379415
2009-01-09,0.6822396248390854,0.9432506960007877,0.7806483610221346,0.8224779974143067,0.902199362804218,1.0667948251077926
2009-01-12,0.666845460675535,0.9219670362235587,0.7630336863740359,0.8039194721511479,0.8818419918840891,1.042723495814351
2009-01-13,0.6680178385336848,0.9235879421199827,0.7643751722979577,0.8053328391821402,0.8833923541293751,1.044556703072637
2009-01-14,0.6456660332250354,0.8926847885260669,0.7387992609248847,0.7783864886631585,0.8538341406032348,1.0096059476973416
2009-01-15,0.6465242444676026,0.8938713340188742,0.739781263692723,0.7794211102806168,0.8549690462991305,1.010947903337394
2009-01-16,0.651412983510084,0.9006304056654008,0.7453751723166587,0.785314758422924,0.8614339555311078,1.0185922577869788
2009-01-20,0.6170079078035924,0.8530626443912555,0.7060073827845715,0.7438375167944608,0.8159363968295753,0.9647942147170178
2009-01-21,0.6438423343345798,0.8901633793538516,0.7367125050432284,0.7761879177260596,0.8514224659994565,1.00675429196223
2009-01-22,0.634080181450377,0.8780908655506028,0.7256336309502934,0.7648491297734511,0.8391202495555362,0.9939422121968234
2009-01-23,0.637490038619506,0.882076075622918,0.7292431041682477,0.7685424242077763,0.8430363015321911,0.9982263342161
2009-01-26,0.641030159995096,0.8851549209839108,0.7326844167456629,0.7721399529129448,0.846916985639633,1.002569715753271
2009-01-27,0.6480337767424754,0.8938668341937508,0.7400357960156871,0.7797526457870139,0.855421375030318,1.0123196944050974
2009-01-28,0.6697802366210999,0.9231856574779553,0.7643834649931729,0.8055728215613183,0.8837091677510653,1.045849119739023
2009-01-29,0.6475970085208117,0.8931574299581807,0.7391158934424196,0.7789868259455142,0.8547600969441338,1.0115067762577732
2009-01-30,0.6328388401888065,0.8733436112251148,0.7226132849673016,0.7616473058927775,0.835644311196792,0.9889547582020357
2009-02-02,0.6325016857720837,0.8723912947106272,0.7221541372963437,0.7610487619415296,0.8349895314208136,0.9882007376805281
2009-02-03,0.6425167044688286,0.8850830590421512,0.7330651564699119,0.772479126650845,0.8475834062702247,1.0029493546409778
2009-02-04,0.6377045914301478,0.8786260293503274,0.7275309648765567,0.7666656602580124,0.8412091959130087,0.9954122459889714
2009-02-05,0.6481410531477962,0.8928745673336483,0.7393238565594673,0.7790907876900801,0.8547082351289103,1.0113228093682798
2009-02-06,0.6655734690124441,0.9168014859253438,0.7591254025939203,0.7999403567828807,0.8776316785422758,1.038448576285
2009-02-09,0.6665619444614725,0.9177813510239792,0.7602036953632705,0.8011186575498419,0.8787828961507935,1.0397383901106552
2009-02-10,0.6338196530374548,0.873118813607647,0.7233188268897955,0.7621253687140216,0.8361478586108795,0.9895191740089065
2009-02-11,0.6388616440875375,0.8797292440544902,0.7288585862647411,0.7679367671292145,0.8424590054257686,0.9968388544935478
2009-02-12,0.639972721142647,0.8807149333771814,0.7298483511850865,0.7690891226734582,0.8438079273903087,0.9982505798511402
2009-02-13,0.6335744498252928,0.8719673218008218,0.7226699104601401,0.7614531161810687,0.8354105863194671,0.9883818923687259
2009-02-17,0.6047094341935879,0.8320958416221556,0.6900935812220395,0.7270999283406611,0.7977168068212601,0.94350674754719
2009-02-18,0.6041347391650831,0.8310881396891517,0.6892858943799804,0.7262790592002955,0.7967436633933861,0.9423250679730383
2009-02-19,0.5968705940047815,0.82072349453003,0.6810743109877623,0.717608545073702,0.7874422898276418,0.931120960526236
2009-02-20,0.5900585422669037,0.8128446072765897,0.6739605223815781,0.7102778013149617,0.7795181134502335,0.9223373701379082
2009-02-23,0.5695840740513701,0.7867465508739637,0.6516081732029971,0.6869186420296635,0.7539413794548028,0.8926464506828832
2009-02-24,0.5924262857843438,0.8146401764328911,0.6758652761695504,0.7122432934773013,0.7816289350537788,0.9248778137332656
2009-02-25,0.5861123030711702,0.8055761030161891,0.6683625412684819,0.70431087535248,0.7730537491927996,0.9141536763869121
2009-02-26,0.5768635444124319,0.7930971797335397,0.6580471961451381,0.6934164037745391,0.7610784730657544,0.9001312178996396
2009-02-27,0.5632700913381966,0.7749724071868235,0.6427678083824032,0.6773994851225386,0.7437024414342116,0.8798282576585266
2009-03-02,0.5370103598357139,0.7408953250584672,0.6139716825449018,0.6472704418212927,0.7108621518554029,0.8417781358473787
2009-03-03,0.5335698522650648,0.7357042074388082,0.6100492114598149,0.642791753308021,0.7053923135580015,0.8340128743274884
2009-03-04,0.5462437932936922,0.7502818590790599,0.6227831088561663,0.6559623018791666,0.7194519475506667,0.8508208777741616
2009-03-05,0.5230107889413351,0.7204079500644167,0.5972899906264957,0.6292209336082791,0.6902905806065361,0.8172326367603922
2009-03-06,0.5236467847728805,0.7201342420329289,0.5977255883356324,0.6294808817740285,0.6907629932881001,0.8169109136698436
2009-03-09,0.5183979035125361,0.7129496335906186,0.591832423216082,0.6232449260412005,0.6839047958427398,0.8089304614311228
2009-03-10,0.551400723349476,0.7560759063559601,0.6278824794069725,0.6613502159310756,0.7253949076265002,0.8577948244659003
2009-03-11,0.5527493410163674,0.7578014311605286,0.6292895872007064,0.6628252470210513,0.7268532032938158,0.860175803562934
2009-03-12,0.5752620609329983,0.7878336747529227,0.6544820533075378,0.6893780066333035,0.7561668013333872,0.8943824885254944
2009-03-13,0.579714031753816,0.7938070337819064,0.6595067106702174,0.6945846983813657,0.7617965451154264,0.9012221183438314
2009-03-16,0.5776757800527187,0.7910170982408049,0.6573872145788132,0.6923208370516184,0.7593636498883317,0.8981634668630026
2009-03-17,0.5962422607736162,0.8161897889068492,0.6780234721868207,0.7142171204180002,0.7833082254112611,0.9265335452593776
2009-03-18,0.6086786611904617,0.8331523673210565,0.6920760324005534,0.728948513327051,0.7996521216841042,0.9457649612315862
2009-03-19,0.6007785201986147,0.8242366751118664,0.6841942594525982,0.7203799767205308,0.7896016906831237,0.9328943164494053
2009-03-20,0.5889014896095139,0.8114753765730369,0.6727153698275959,0.7082912580772088,0.775612487863084,0.9163710451402655
2009-03-23,0.6305707104763072,0.8639242018270272,0.7174308068665012,0.7552400864151947,0.8278625634310767,0.9795231793022863
2009-03-24,0.617797155642739,0.8470053661347037,0.7032821498049644,0.7402948105008829,0.8114613685095245,0.9586802310572395
2009-03-25,0.6236437197327285,0.8541485684127283,0.709438884848534,0.7469719349125508,0.8190852526278132,0.9681132697061392
2009-03-26,0.6381873352540919,0.8730000902242316,0.7252696842196461,0.7637165346771783,0.8371628578438963,0.989678657669149
2009-03-27,0.625222215411022,0.8562301009377089,0.7111709751380144,0.7488504401117768,0.8210005501852092,0.9705098875929847
2009-03-30,0.6034527677312573,0.8297910051872679,0.6883041039196066,0.7245684816717687,0.7943121199753073,0.9382109923762425
2009-03-31,0.6113758965242445,0.8388745880605156,0.6967053529031989,0.7335366488305634,0.8040125530966876,0.949321975067818
2009-04-01,0.6214981916263104,0.8510216043638004,0.7072542496176496,0.7446000590909014,0.8161926348560216,0.9639205081156417
2009-04-02,0.6393520505118617,0.8741083297396945,0.7270483039575637,0.7654853883680642,0.8395645353241211,0.9918734124245066
2009-04-03,0.6455740820204745,0.8814897328918466,0.7335469074073528,0.7724492023304013,0.8468937585721651,1.0011425832447982
2009-04-06,0.6401949365536689,0.8738904702442039,0.727406961134324,0.7658811099275703,0.8395241286075479,0.9920819050269064
2009-04-07,0.6249233739961993,0.8528182835628991,0.7100946635865865,0.7474662689765986,0.8191896524886808,0.9684278090638048
2009-04-08,0.6322871329614418,0.8618912387114432,0.7178518048014543,0.7557149461010048,0.8282236093337491,0.9790242719638905
2009-04-09,0.6563476981548458,0.8941823568807831,0.744452361779721,0.7836783634644702,0.8593303115806337,1.0158285851375284
2009-04-13,0.65801048243732,0.8962421033880341,0.7462167838629146,0.7855122971966204,0.8612196148581263,1.0183993013603414
2009-04-14,0.644807821982468,0.8782608114984425,0.7312563869898813,0.7697499685803063,0.8439613332110766,0.9983816465080984
2009-04-15,0.6528995279838166,0.8892129754756486,0.7401302246967121,0.7789967996441496,0.8542088437039717,1.0100597527060102
2009-04-16,0.6630448108870227,0.9025659961435711,0.7512052726808011,0.7907793180083663,0.8676531475797864,1.0294173677604974
2009-04-17,0.6663397290504507,0.9064382460523431,0.7545073712428471,0.794378811442952,0.87119464529636,1.0322446640076246
2009-04-20,0.6378271930362288,0.8711591636586093,0.7239364533268973,0.7623876881011977,0.8352277728668437,0.9870459277280305
2009-04-21,0.6513823331085637,0.8876509790190295,0.7383740074219649,0.7775064050266763,0.8523632008415479,1.0077243318215585
2009-04-22,0.6463786550603813,0.8812655263276746,0.7329805367199148,0.771991525640738,0.8454539979449839,1.0022667383017438
2009-04-23,0.6527922515784957,0.8887711969655108,0.7398465806779548,0.7786798722268768,0.8531991649241968,1.011765103009483
2009-04-24,0.6637574327223688,0.9034328934873141,0.752130754411966,0.7915702296962829,0.8674088105502017,1.027708586156427
2009-04-27,0.657075645190952,0.8949709788309372,0.7451686191332,0.7844841797749115,0.859221041323131,1.0174232982208609
2009-04-28,0.6552749341016367,0.8920367652520066,0.7427845360116225,0.7819202718447146,0.8568768943982773,1.0146514603024457
2009-04-29,0.6694354196039968,0.9093489055426953,0.7577551967490601,0.7975774970826929,0.8745415036168878,1.0353264333044183
2009-04-30,0.6687994237724514,0.9086846483509586,0.7572100686996044,0.7967426191672562,0.8737135708732159,1.0335992512456182
2009-05-01,0.6724085085514621,0.9130814376221417,0.760915511076421,0.8006535005001233,0.8781242273409756,1.0389676740970062
2009-05-04,0.6951817568810152,0.9430530473622635,0.7858442508073371,0.8267815485536012,0.9079715333496443,1.0736484812256661
2009-05-05,0.6925458223502727,0.9392833977187106,0.7829069011665876,0.8238315585505809,0.9035118869169638,1.0697780304114641
2009-05-06,0.704599092748115,0.9553208002776626,0.7961026775120363,0.8378477856790594,0.9188503834166485,1.087396411396947
2009-05-07,0.6952966958867162,0.9429124008787523,0.7857359153148332,0.826841628280243,0.9069635198002448,1.0738254070502458
2009-05-08,0.7120318151167782,0.9651955385941846,0.8043167964126771,0.8464433936990017,0.9285549851843624,1.0993987590128897
2009-05-11,0.6967142769570281,0.9444382086610115,0.7870253441801398,0.8283543587266113,0.9085860124137787,1.0754463479269394
2009-05-12,0.6960323055232025,0.9434152439468004,0.7862264045978472,0.8275538751007868,0.9076982291103234,1.0747706842313967
2009-05-13,0.6773125727947037,0.9179486801090404,0.7653429030574341,0.8055869074190092,0.8837748754544857,1.04614241303101
2009-05-14,0.684323852142463,0.9274499091679969,0.7728978228692084,0.813483789696926,0.892456286552126,1.056934888330371
2009-05-15,0.6765156623551769,0.916868758991957,0.7641660930328503,0.8044133839241392,0.8821622409103687,1.044728679217765
2009-05-18,0.6970744191748913,0.9447286470413333,0.7869207953102344,0.8283278255085632,0.9088607034602455,1.0761877635835544
2009-05-19,0.695863728314841,0.943087997651918,0.7855254935180869,0.8268050276458657,0.9071264518898242,1.0737630006048589
2009-05-20,0.6922929565377307,0.9381503188956404,0.7815735917146882,0.8225624480444844,0.9018309304768632,1.0667701201907713
2009-05-21,0.6806917795623124,0.9252284013675206,0.7699991759213186,0.8117150167511669,0.8912911859751708,1.0499312228185704
2009-05-22,0.6796726537117637,0.9248862189266324,0.7695939650845323,0.8118507352852959,0.8903042483325323,1.049731775399008
2009-05-26,0.6975495003984554,0.9469266988494339,0.7887005098350768,0.8314644342563343,0.9142866554517531,1.078800304903451
2009-05-27,0.684316189542083,0.9299277775251288,0.7746241935637593,0.8169472854734967,0.8958339207552006,1.059636785142453
2009-05-28,0.6948675902654327,0.9431228903535522,0.785835593169576,0.828360234202606,0.9081860974454954,1.073740111310715
2009-05-29,0.7043002513332925,0.9534961297549109,0.7952328338954603,0.8378107964886342,0.9189212037858939,1.086661550100839
2009-06-01,0.7224836020351867,0.9772632974943852,0.8151076250306143,0.8578250108866061,0.9414280389073841,1.1130589720860626
2009-06-02,0.7239165083062589,0.9789139247766255,0.8164635376875846,0.8592327961846385,0.9435000349049777,1.115255930285154
2009-06-03,0.7139704530129346,0.9670041101788841,0.8062943604474675,0.8486326879563222,0.9310258797279146,1.1007176357644934
2009-06-04,0.7221694354196041,0.9769335032184454,0.8148958911879203,0.8576254855789589,0.9413190535702544,1.1127550811262235
2009-06-05,0.7203533991295287,0.974015758845295,0.8127840617947438,0.8552454951775627,0.9393946251209017,1.1111560009645618
2009-06-08,0.7196254520934224,0.9724713344467509,0.8116499541111609,0.8543019119477189,0.9382721551361252,1.1092101891027637
2009-06-09,0.7221464476184638,0.9748385766593086,0.813866932990325,0.8565600415469046,0.9404780870929033,1.111356740596836
2009-06-10,0.7196331146938026,0.9712620710145319,0.8110507640104885,0.8536336522031295,0.93730391068176,1.1073254573563294
2009-06-11,0.7240314473119599,0.9769111580961403,0.8156844140089236,0.8584877340344699,0.9424084002591542,1.113891266711531
2009-06-12,0.7250429105621284,0.9780873438081386,0.8164604031994619,0.859488162179792,0.9434211929702089,1.1152642656719978
2009-06-15,0.7078097223073624,0.9550384461745871,0.7975037380553415,0.8394378520630412,0.9215971863469762,1.0891976151039349
2009-06-16,0.698806166860786,0.942710789429585,0.7878740044674686,0.8294021141381747,0.9107741042505203,1.0755709936747404
2009-06-17,0.6978406792128977,0.9409398901312067,0.7868279056620795,0.8281322604768465,0.9077214025917086,1.07249053515136
2009-06-18,0.7037102311040275,0.9483945205617413,0.7932754614693073,0.8347594507519269,0.9154861877255432,1.080707844169951
2009-06-19,0.7059017348127261,0.9507465927664721,0.7954486688408066,0.8371597594140004,0.9176867056952155,1.08425766989355
2009-06-22,0.6843008643413229,0.9225226018076371,0.7716965299420508,0.8122639913210333,0.8908332921508965,1.0530134089474663
2009-06-23,0.6858793600196164,0.9239682389664641,0.7731863441052007,0.8136573544057106,0.8920723258506189,1.0535133502612615
2009-06-24,0.6903543186415743,0.9289637713336953,0.7776272599743085,0.8183417130768417,0.8972647563041546,1.0601216734036198
2009-06-25,0.7051584625758598,0.9481531683870693,0.7937518196425569,0.8353869579071059,0.9161729277435506,1.0827599606228537
2009-06-26,0.704116348924171,0.9461669631082011,0.7922609216761847,0.8337541539025891,0.9141883249652059,1.08120248597543
2009-06-29,0.7104992950407651,0.9545624096944971,0.799070955661419,0.8409568401293486,0.9218501749893889,1.090439590371187
2009-06-30,0.7044381781401338,0.9465147223694459,0.7924006087027743,0.8338635297529694,0.9141736493578194,1.0812974039505396
2009-07-01,0.7075108808925398,0.9504690887930685,0.795778132940331,0.8375041856718577,0.9180299148473438,1.0854725310206939
2009-07-02,0.6868908232697848,0.9232249233617098,0.7731406260345093,0.8135869815243568,0.8917260302627599,1.0543017388214126
2009-07-06,0.6886532213571999,0.9253373498490834,0.7749785534615455,0.8156351859777529,0.8942591650929871,1.0573578810263062
2009-07-07,0.6750980812848648,0.9074875880504734,0.7601690107767213,0.8000475566553142,0.8770625324257634,1.0364670542207928
2009-07-08,0.6739716790289952,0.906228424830969,0.7590730309595584,0.7989225864356402,0.8759408754775602,1.0356292902555868
2009-07-09,0.6763624103475756,0.9085117340147789,0.7614248060093476,0.8013104059118495,0.8786696607264279,1.0390865533147988
2009-07-10,0.6736421872126526,0.9046942104291379,0.7583434610492543,0.7980073612893999,0.8749334000199053,1.0344032202279214
2009-07-13,0.6904386072457549,0.9266404921789014,0.776608095372526,0.8172197540405094,0.8958207811922263,1.0594019627214017
2009-07-14,0.6941089928278061,0.9314807328171685,0.7805179900714209,0.8213839819919255,0.9006369677143733,1.065014664366336
2009-07-15,0.7146754122479005,0.9589889862620423,0.803401158753983,0.8454782972069409,0.9268897024118854,1.0964645416419179
2009-07-16,0.7208514681542328,0.9671908777747094,0.8100943697653726,0.8525605589444932,0.9345834344414259,1.1055838817511188
2009-07-17,0.7205756145405505,0.9668207877694991,0.8098392136489632,0.8522400428800156,0.9343762351064124,1.1049634409604665
2009-07-20,0.7288129099491203,0.9778720865361931,0.8188855613364531,0.8618321460151112,0.9448583248152563,1.1172347992848852
2009-07-21,0.7314565070802428,0.9814187824194579,0.8217347863430161,0.8648219620973087,0.9480276649587649,1.1210787412222496
2009-07-22,0.7310657144608596,0.9808104757525372,0.821122551729294,0.8641226812178551,0.9471381815639376,1.118892271810386
2009-07-23,0.7480920125053638,1.0011170356807075,0.8387722756343023,0.8825466227565525,0.9670468005997118,1.1437579356068628
2009-07-24,0.7503678048182432,1.0029858515659367,0.8409169712890445,0.8849894918100035,0.9683871742395305,1.1463773839537061
2009-07-27,0.7526052841292221,1.0059576743077747,0.8436782634897071,0.8876507254161512,0.9723093467940497,1.1488351795958132
2009-07-28,0.7506436584319255,1.0050830823634702,0.8427439044107333,0.8867222817500134,0.9703195483469021,1.1472097592037072
2009-07-29,0.7472184760620365,1.0019761192806609,0.8394603264621167,0.8832459554752858,0.9662771924820688,1.1424343620556923
2009-07-30,0.7561070925029117,1.0111857279083043,0.8478530791243389,0.8920143697969265,0.9757483996528803,1.155487899045677
2009-07-31,0.7566664623306566,1.0113517361337137,0.8485287025120121,0.8921828245372193,0.9766412448647339,1.15540304023422
2009-08-03,0.7682753019064551,1.024462821479472,0.8600701651500046,0.904534569165049,0.9903030009662063,1.1729926361116165
2009-08-04,0.7705894072212347,1.0269594718565802,0.8622268528385929,0.9064032184212243,0.9930956824966841,1.1760845403378928
2009-08-05,0.7683442653098755,1.023688997909574,0.8594786676256685,0.903865959737013,0.9900406618050847,1.1718539150427134
2009-08-06,0.764022558695519,1.018525849044926,0.8550487681509935,0.8992935357845071,0.9843222334740612,1.1652021078889887
2009-08-07,0.774290443204806,1.0312982448907348,0.8654225521078575,0.9100747733040315,0.9971410571258437,1.1799310931996108
2009-08-10,0.7717004842763441,1.0269928372741748,0.8623624083525626,0.9069124455368899,0.993819169126633,1.175592409191941
2009-08-11,0.7619306687917612,1.0148819774846227,0.852097947186912,0.8958331320747212,0.9812883782027064,1.1612036884799797
2009-08-12,0.7707120088273157,1.0253914694226103,0.8613487683854926,0.9054885204594817,0.992551347927271,1.1745090857575353
2009-08-13,0.7760145282903207,1.0321458084917357,0.866952382470457,0.9116048163920246,0.9993523732757865,1.1821290048876336
2009-08-14,0.7693940415619446,1.023352469967941,0.8599100647060054,0.9040335412999493,0.9908609196614551,1.1725121151364712
2009-08-17,0.7507279470361063,0.9994255615370397,0.8407827538879915,0.8837310215642322,0.9677967176597025,1.1446438428558288
2009-08-18,0.7583445718138908,1.007522656170638,0.8480090060236044,0.8918099659097153,0.9770396326312142,1.1561844753984905
2009-08-19,0.7635474774719551,1.01414468812738,0.8531108435090203,0.8970201006317963,0.9824851215245805,1.1595094151416487
2009-08-20,0.7719073744866058,1.0241938866642502,0.861821164341668,0.9068050391382095,0.9931345440293221,1.1720776519419251
2009-08-21,0.7862824127996079,1.0416808147134033,0.8773007887264695,0.9228123855632955,1.0091949464966563,1.1994865758097806
2009-08-24,0.785853307178324,1.0411165754914595,0.8767103446053909,0.9221172669845557,1.0081707246594318,1.1944932996655748
2009-08-25,0.7877153190706799,1.04380081861549,0.8790985436502745,0.9244255444692973,1.0106791419190837,1.1963263833604212
2009-08-26,0.7878072702752406,1.0453368123438418,0.8798064317826421,0.9248353209170558,1.0110691883934584,1.19743088021926
2009-08-27,0.7899987739839393,1.0460958341081312,0.88127275267264,0.9267341402851877,1.013178598116425,1.197826805087005
2009-08-28,0.788427940906026,1.0437944681612956,0.8796510125795513,0.9248181806322121,1.0111775608905111,1.197397736556203
2009-08-31,0.7820603199901919,1.036364951726306,0.8732302291734436,0.9181600514043528,1.0036118644336196,1.1878246796403442
2009-09-01,0.7647581683320052,1.0178592762124623,0.8562659671580654,0.900797731243031,0.9860742282331221,1.1661608522503246
2009-09-02,0.7622371728069639,1.0138368286840238,0.8535835695282641,0.8974653453063395,0.9799289973512638,1.1604382817919647
2009-09-03,0.768742720529639,1.0174382985593196,0.8579559354414794,0.9016208294375953,0.9867152011389921,1.1663536656633697
2009-09-04,0.7788267026298045,1.0288111396560236,0.8682425419803789,0.9127880483816827,0.9986739184941262,1.1810307562741698
2009-09-08,0.785715380371483,1.0352748707463502,0.8741055843432209,0.9186806867496752,1.0064257767692102,1.1909040388293977
2009-09-09,0.7918301354747747,1.0423718893495608,0.8800165615372103,0.9249820268866706,1.0135328988156929,1.1991306801999113
2009-09-10,0.8000827560841048,1.0522800283093816,0.8880891658423063,0.9336981048133395,1.0236362964715073,1.212020766810825
2009-09-11,0.7990023294305156,1.050859354554131,0.8871718764581595,0.932637549878729,1.0222599733063664,1.209913328820497
2009-09-14,0.8040673082817384,1.0575193925131423,0.8922531354882192,0.9380383038709615,1.0283027293231521,1.217044869381635
2009-09-15,0.80658830380678,1.0608342979420606,0.8950371936228835,0.9409791336825737,1.0312412375351687,1.2203517954050962
2009-09-16,0.8189480782198248,1.0768505550791687,0.9081643155845205,0.9546149846823794,1.044734455821682,1.2341021431678652
2009-09-17,0.8164424078955436,1.0728008092676817,0.9048636501747627,0.9514819852008448,1.0423438071660702,1.2288213900828056
2009-09-18,0.8185955986023418,1.0774422938656343,0.9080791212349302,0.9541242843121586,1.0481586799588807,1.2310052445763562
2009-09-21,0.8158064120639981,1.0730234745225962,0.9047729764344797,0.9509674956393145,1.0399928241066496,1.227358360236036
2009-09-22,0.8211702323300436,1.07711682383209,0.9093473487647682,0.9558532933579618,1.0454127533632225,1.232789417146676
2009-09-23,0.8129022865199534,1.066879153007669,0.9003263146528837,0.9463120561036898,1.035551193139289,1.2199405374025711
2009-09-24,0.8051707227364678,1.0586529606351922,0.8929489092342395,0.9384744226419625,1.0265605239603708,1.2104629141517576
2009-09-25,0.8002666584932264,1.0527942893318747,0.8877577101801064,0.9334201254267721,1.0277187915910317,1.2031467054808573
2009-09-28,0.8145190952001472,1.0679332805064097,0.9017303507535626,0.9476433876367633,1.0379800738101608,1.2223525999487588
2009-09-29,0.8127030589100717,1.0655692189234702,0.8994243976012424,0.9453274651435163,1.0351061102834989,1.2206717348779559
2009-09-30,0.8099981609759088,1.0630986494636436,0.8969255824085159,0.9425359400987179,1.0324638478595083,1.2181790162501838
2009-10-01,0.7891329001409918,1.0414524551361442,0.8769773608904997,0.9220631428760495,1.0095946006241368,1.1870508346707116
2009-10-02,0.7855774535646417,1.0362987876867915,0.8730856693056545,0.9176850724348028,1.00316957029566,1.1822607927255637
2009-10-05,0.7972629191442409,1.0467829404115812,0.8834605985506105,0.9281536890896248,1.016379926541236,1.1986655276699307
2009-10-06,0.8081897872862135,1.0583807448531906,0.893873406434468,0.9391841892329602,1.029793030985248,1.2139385365855178
2009-10-07,0.8103812909949121,1.0599203459342503,0.8956204921354183,0.9413761769219605,1.032560781591758,1.2172079673353262
2009-10-08,0.8164347452951635,1.0667499653415033,0.9017198819557048,0.947489638887999,1.0392386203009505,1.2262389124134692
2009-10-09,0.8210399681235825,1.0711690273572823,0.9057469131582433,0.9519325951064415,1.0440874206951944,1.2331092896184868
2009-10-12,0.8246413903022131,1.0748066648803978,0.9086972784810456,0.9550111100483705,1.0482488834631258,1.2374537119085394
2009-10-13,0.8223426101881937,1.071814181864019,0.906059296348447,0.9523034471943237,1.0453456485611923,1.2340242390940548
2009-10-14,0.8367712867038558,1.0900717073288848,0.9216378942252975,0.9686869529529822,1.0635682862956612,1.2545214783403298
2009-10-15,0.8402501072764053,1.094075038633693,0.9249360780042105,0.9722767782203073,1.0673814403874127,1.2597114138662497
2009-10-16,0.8334457181389078,1.0852172889052114,0.9177169359136048,0.9647872934395695,1.0591748037426085,1.2495601743353755
2009-10-19,0.8412845583277142,1.0954216559910637,0.9257595340795061,0.9732581655273778,1.0677205494021569,1.261254676632768
2009-10-20,0.8360356770673697,1.0885888197703317,0.9200276244654335,0.9669885662890474,1.061478435050604,1.2529098378133747
2009-10-21,0.828633605100227,1.0786903779707202,0.9122378083044165,0.9587944370997235,1.0494214478822164,1.238267470766495
2009-10-22,0.8374532581376817,1.0874772493911895,0.9203657430573347,0.9675862490799307,1.0577100775879353,1.2507256596304601
2009-10-23,0.8272543370318151,1.0762093499905463,0.9105388446804327,0.9577471374253456,1.0492954266720629,1.2377011028234333
2009-10-26,0.817561147551033,1.0653587145832164,0.9013847897598484,0.9480059002716692,1.036559252533699,1.2198230412850866
2009-10-27,0.81484858701649,1.0609249040473834,0.8978682834211889,0.9442430543443482,1.0337413006236065,1.2193479727622236
2009-10-28,0.798925703426715,1.0486116790881044,0.8849020438945708,0.9311250279402462,1.017931409926478,1.1957915772914427
2009-10-29,0.8169174891191074,1.0635912064149768,0.8997031932174512,0.9459574128109172,1.0371368973731427,1.2229983680965162
2009-10-30,0.7939909887819532,1.0490524927675249,0.8834241044240054,0.9299486948259702,1.0172829581628635,1.2011686355410287
2009-11-02,0.7991172684362167,1.0556589975227848,0.8893253866024007,0.9367223200421703,1.0242203395665097,1.2058042243146287
2009-11-03,0.8010559063323731,1.056281437840961,0.8913214395747772,0.938277215979041,1.0280356246121114,1.2181066738702586
2009-11-04,0.8018911297738002,1.0536058687139023,0.8893240783928953,0.9355565439635986,1.0254389904097043,1.2072544580667417
2009-11-05,0.817315944338871,1.0650427083766867,0.9013527068034062,0.9475713652024299,1.03654332688924,1.2268309260548798
2009-11-06,0.8193618586403482,1.0636929205276267,0.9013281246293807,0.9473540940148077,1.0372865484427858,1.223076673813246
2009-11-09,0.8375835223441427,1.082486173488036,0.9180577872175439,0.9649697145082178,1.0570717591665648,1.2488545940462035
2009-11-10,0.8375298841414823,1.0819480514718514,0.9178950793846452,0.9645599916003031,1.0566401261267615,1.248775241414685
2009-11-11,0.8417443143505181,1.0869104122085294,0.9228334731361507,0.9698281273123166,1.0619241096515615,1.2564842188247598
2009-11-12,0.8331085637221849,1.0781260477534762,0.9157184787140389,0.9626503404803021,1.0533559182612597,1.2442980964774606
2009-11-13,0.8378900263593453,1.081943189649642,0.9200222260651021,0.9667651551842931,1.0587678257198905,1.2493080376548809
2009-11-16,0.8500122601606082,1.0959242611560343,0.9327781903130412,0.9805283494470994,1.0735292250120436,1.2672417323780643
2009-11-17,0.8507938453993749,1.096697033022737,0.9336533591553475,0.9814748795637214,1.0745091637748247,1.26780836225301
2009-11-18,0.8503953901796114,1.095949025020516,0.9319466293523079,0.9795843516968297,1.0714589101163177,1.2630913273258415
2009-11-19,0.8389781156133147,1.081610448905624,0.920193559599864,0.9674110764046182,1.0579169486655673,1.2467238733044341
2009-11-20,0.8362808802795318,1.0758859142717845,0.9161154983238783,0.9629873529054009,1.0559960335705816,1.2423367041263025
2009-11-23,0.8476675044443083,1.0874455115117034,0.9270132570184431,0.9744756421118765,1.0676247102649703,1.2586590883904905
2009-11-24,0.8472154110218845,1.0861837334283004,0.9260324873634395,0.9737213855693252,1.0665994671772694,1.2584153400143276
2009-11-25,0.8510313860111568,1.0908240790647985,0.9298999772165912,0.9769930399500228,1.0706747965247116,1.2623424031187582
2009-11-27,0.8363651688837125,1.0759934551339438,0.9166591832746523,0.9638512620558533,1.0553868654943657,1.2428816765014792
2009-11-30,0.8395374854410593,1.0791276110923127,0.9198050972353357,0.9671721913059482,1.058614681008639,1.2475463963736884
2009-12-01,0.8496751057438852,1.0902352623505964,0.9292357603073969,0.9769174687580646,1.0677032363464838,1.2620321880311853
2009-12-02,0.8499662845583277,1.088780185348053,0.9293318929121545,0.9765545420254143,1.0683491856626448,1.2620393204329
2009-12-03,0.8428247410041073,1.0796685413905298,0.9217781728493105,0.9689923520580523,1.0599024732259736,1.2502749756232605
2009-12-04,0.8474682768344266,1.0839948064833194,0.9259813897806595,0.9734022870074057,1.0652332850620776,1.2571030438420014
2009-12-07,0.8453763869306687,1.0806408695366294,0.9235089440162801,0.9705385257763374,1.0624156179652533,1.2540270329117764
2009-12-08,0.8367099859008154,1.070040359136038,0.9147594238516656,0.9615087036581041,1.0524984279948637,1.2408625285151644
2009-12-09,0.8397826886532214,1.0735040668660372,0.917812055636753,0.9646877889284569,1.0565692789299013,1.2458018022192339
2009-12-10,0.844686752896463,1.0790760217507764,0.9225895590998874,0.9698666402295674,1.0620018410542773,1.2525919328315163
2009-12-11,0.8477977686507694,1.0823602890680297,0.9255125843466887,0.9728829503902535,1.0661204818758268,1.2580085740239797
2009-12-14,0.8536979709434194,1.0894315039864402,0.9313687239557806,0.9791373268797419,1.0720961568696927,1.2641583195964217
2009-12-15,0.8489624839085392,1.083389662821473,0.9258041309498405,0.9735651337818515,1.0671268533795482,1.2563529812713297
2009-12-16,0.8499203089560475,1.0843833953654112,0.9261860895578222,0.9736290781387154,1.0657322414961086,1.2552352286176183
2009-12-17,0.8398823024581623,1.0725835573457383,0.9157649515417549,0.9628607849811515,1.054060682497782,1.2400354745372997
2009-12-18,0.8447787041010238,1.0773028493807126,0.9201789291180018,0.967145855679058,1.0593100793905992,1.2460738409539043
2009-12-21,0.853651995341139,1.087045375087162,0.9281993819692347,0.9758361743816846,1.0686476730840375,1.2577774515351985
2009-12-22,0.8566940476920248,1.0876639675370354,0.9302469708917979,0.9776045554522294,1.0704307050054458,1.2589128616542038
2009-12-23,0.8586633359897015,1.0895652347092817,0.931785536368226,0.9793425760455735,1.0716517235296132,1.260746161987179
2009-12-24,0.8631766076135599,1.0946798224934828,0.9363209674082216,0.9839654805464371,1.076445246133395,1.2683911222915794
2009-12-28,0.8641727456629682,1.0953518972618705,0.9369696055792996,0.9846824917115952,1.0765568934378142,1.2682785485275472
2009-12-29,0.862962054802918,1.0932365132324557,0.9356193008355754,0.9831674381052821,1.0746197775201733,1.2659106457942815
2009-12-30,0.8631306320112795,1.094035597109037,0.9361014405881581,0.983703714703163,1.0758553068584242,1.2678008857894376
2009-12-31,0.8544565683810458,1.0842516407099754,0.927693577071528,0.974482024064878,1.0650282817547223,1.2524286006682428
2010-01-04,0.8681649604609821,1.0995152586595895,0.9410832332368271,0.9886926560793788,1.0808417363516944,1.2724718728671371
2010-01-05,0.870869858395145,1.1020526020467678,0.9433066438587904,0.9911599962791937,1.0836666790995433,1.2764267499415975
2010-01-06,0.8713449396187092,1.1014803737692336,0.9429355413940362,0.9909785476223198,1.0840196065288297,1.2770466578418858
2010-01-07,0.8748314227916387,1.1058841720746695,0.9464489648555082,0.9944524832528918,1.088170038503508,1.2816212892507721
2010-01-08,0.8773524183166801,1.1084823037935154,0.9486491190678458,0.9968096505898555,1.0908258956388992,1.2853072794986402
2010-01-11,0.878884938392693,1.1104180393123884,0.9501425144533937,0.9985847564823035,1.092550714853622,1.2875480030535753
2010-01-12,0.8706399803837431,1.1000037822208517,0.9414182971602166,0.9893693936934395,1.082315580674036,1.2760906414083573
2010-01-13,0.8778888003432846,1.1091598112251209,0.9493157638901043,0.9976273429419574,1.0913141280103638,1.2860915327428677
2010-01-14,0.8800190032489426,1.1118504835963543,0.9514431661084292,0.999923242588313,1.0939585214136396,1.2892061384842273
2010-01-15,0.8704943909765218,1.0998198873465588,0.9413618008428042,0.9892260917012843,1.0821348487507907,1.2752800415903058
2010-01-19,0.8813752835162141,1.1135636095305568,0.9525882853919793,1.0011691339357571,1.0954645599321062,1.291189178830345
2010-01-20,0.8720345736529149,1.1014722249490938,0.9426225611118422,0.990867875971615,1.0840665380663872,1.276660277666669
2010-01-21,0.8555140072334949,1.0875448885507324,0.9290558703113831,0.9765786865521285,1.071391727376056,1.2554516992613869
2010-01-22,0.8365720590939743,1.0767089634955092,0.9155341772237293,0.963642764767801,1.061415329483437,1.2474518324086852
2010-01-25,0.8404186844847669,1.076011710832135,0.9162285247845188,0.9631833218208568,1.0562551712899664,1.2402603821826996
2010-01-26,0.8368862257095568,1.0715944591648427,0.9128645099096355,0.9591684156670188,1.0508752776297126,1.232100903325863
2010-01-27,0.8409703917121315,1.0705823166703494,0.914054471024228,0.9613164691206213,1.0546972024140195,1.2374124042478782
2010-01-28,0.8310319990191872,1.05937846263079,0.9043301823775027,0.9504369487017073,1.0442726526761985,1.227871544543945
2010-01-29,0.8228636670140379,1.0516118837222188,0.8966080355765432,0.9432029747377998,1.033875617453826,1.2123850748201745
2010-02-01,0.8346027707962975,1.0565004750995295,0.9046119955079222,0.9507210594072281,1.0423865522998286,1.2266635835167352
2010-02-02,0.8454300251333293,1.065756184053146,0.9137392646423012,0.960645814700826,1.0533888144488412,1.2390125596434163
2010-02-03,0.84080181450377,1.059356792822853,0.9087530194172663,0.9554601073466025,1.0470905480919728,1.2316966739327129
2010-02-04,0.814618709005088,1.044973344257396,0.888360477656571,0.9330509120340434,1.0197707223333285,1.1986113467871664
2010-02-05,0.8169787899221481,1.04792456662947,0.8896696263377325,0.9342044720810763,1.0228473827166769,1.2044636918764453
2010-02-08,0.8097376325629867,1.0407054651455325,0.8820461164467611,0.9258880938791811,1.0130752136180385,1.1939686343848717
2010-02-09,0.8202966958867162,1.045648269370937,0.8907529067675372,0.9351461334182648,1.024091556965947,1.2059289037952876
2010-02-10,0.8184653343958808,1.0421343391134015,0.8877715121433329,0.9326356247075807,1.0213214515623203,1.2026666646289483
2010-02-11,0.8263884631888678,1.0434750079445474,0.8941715441491286,0.9399175806350049,1.02960993387252,1.212022378395046
2010-02-12,0.8241203334763687,1.0388029814638717,0.8912261133999372,0.9364653529388409,1.026818513023385,1.2075191711187911
2010-02-16,0.8389551278121743,1.0493984445560736,0.9043414649340049,0.9503359672471152,1.0412042481333954,1.2265884225042893
2010-02-17,0.8425105743885245,1.0535384773762262,0.9070937669850663,0.9533258116323098,1.0431709522325021,1.2268780837446733
2010-02-18,0.8480582970636915,1.0581488112440265,0.9118362503626342,0.9593070445348358,1.0502030992181082,1.2362391817748
2010-02-19,0.8499126463556673,1.0589393858494964,0.9133414467358915,0.9600029004379514,1.0513750132030433,1.2389125130887813
2010-02-22,0.8490237847115798,1.0560831038462635,0.9112549966512544,0.9579347838188759,1.047878664050969,1.236267883814442
2010-02-23,0.8387482376019125,1.0448673362114431,0.9010571061194396,0.9471430462045377,1.0349012087643765,1.2212268934655433
2010-02-24,0.8469012444063019,1.053455461927128,0.9090029102948786,0.9554939135802419,1.044635977610393,1.2322991151236007
2010-02-25,0.8451388463188869,1.051022822821963,0.9072165577774874,0.9535796075301244,1.0422711080451506,1.2283951477544193
2010-02-26,0.8463265493777968,1.051740636569646,0.9077226614111266,0.9538409007890375,1.0428269894578581,1.2298802057314457
2010-03-01,0.8549239870042299,1.0613806392887177,0.9162356193427664,0.9627638316584439,1.0526974493425703,1.2420475423664878
2010-03-02,0.8569162631030466,1.0635961754195689,0.9180734387262064,0.9644578017458477,1.0549622863072865,1.244919716505476
2010-03-03,0.8572840679212897,1.0638006643054498,0.9182045360606983,0.9646364156150337,1.0556176803591348,1.2454499640388277
2010-03-04,0.860487034880157,1.0672641573818218,0.9213206969440871,0.9677419645623853,1.0593120225839499,1.2484771387548492
2010-03-05,0.8725403052779993,1.081433220948707,0.9335770637553027,0.9807238665000574,1.073623143728741,1.2667625909816065
2010-03-08,0.8723870532703979,1.0807418145283954,0.9330998653636474,0.9804354881754557,1.0730262026646433,1.2642696579357422
2010-03-09,0.8738812603445106,1.0825915985508916,0.9347420924189968,0.9821125325991312,1.0745986953102402,1.2664237885399832
2010-03-10,0.877835162140624,1.0874864116565737,0.9388083519665498,0.9864218354629737,1.079472612680658,1.2721239495235133
2010-03-11,0.8813829461165942,1.0913767779128387,0.9425898961996442,0.9903961144806991,1.0834123566328768,1.2772386288556346
2010-03-12,0.8811913811070926,1.0911396261150828,0.9422514831509761,0.9900048597620263,1.0829457228145047,1.276508058990118
2010-03-15,0.8815898363268561,1.091632901854415,0.942725760141424,0.9903944694743511,1.0832296010227633,1.276628094474976
2010-03-16,0.8884478636670141,1.1001229362140772,0.9496825463339664,0.9977867792688152,1.0916360877507207,1.286515001607262
2010-03-17,0.893620118923558,1.1062751922437444,0.9546362654235088,1.0029263048560935,1.0964386915150381,1.2898820139325373
2010-03-18,0.8933289401091155,1.1052046009467065,0.954060224617333,1.0022068855576176,1.0960849985817345,1.2894659193924103
2010-03-19,0.8887850180837371,1.1007062014688533,0.9498588400684367,0.997779852540742,1.0914792261219646,1.2857366877992418
2010-03-22,0.8933136149083554,1.1048289550376094,0.9538351392545213,1.0020725565860584,1.0969800820057123,1.2909795938752602
2010-03-23,0.8997195488260897,1.1119662814707958,0.9599353206694076,1.0085186087054008,1.105431372551564,1.3007479030792912
2010-03-24,0.8947771715809477,1.1073364024977186,0.9557512090790764,1.0038160086220882,1.0976005024388311,1.2887714095589329
2010-03-25,0.8932523141053148,1.1068950037158871,0.9551308686123584,1.0029721811455359,1.0966619672348927,1.2887421915079802
2010-03-26,0.8939112977380004,1.1062751956331203,0.955153092723876,1.0036955768329319,1.0967923844483416,1.2896838791514253
2010-03-29,0.8989916017899835,1.109646665013261,0.959008496642462,1.0074311995382528,1.1036334411044817,1.2969436338910083
2010-03-30,0.8990299147918838,1.1082661688240125,0.9580109804245864,1.0066819852778415,1.102522627706167,1.2969983831726037
2010-03-31,0.8960874762459389,1.1043030810907297,0.9547829131844447,1.0035798103010076,1.0991921206386972,1.290029605302156
2010-04-01,0.9027309507754551,1.112088398132142,0.9618090315139132,1.0102370074396971,1.1070182510426305,1.299523130730841
2010-04-05,0.909887819530436,1.118361748380968,0.9677270828652015,1.01649396595869,1.1138233400812174,1.309136067028615
2010-04-06,0.911420339606449,1.1191694018607055,0.9687028218178189,1.0176864810783324,1.1154412288800253,1.3107118087881475
2010-04-07,0.9060641819407836,1.1126049452381024,0.9632445373000786,1.011747009833079,1.1091787934044153,1.303057859221076
2010-04-08,0.9091215594924295,1.1156383124871163,0.9659602458152439,1.014742290421272,1.1119788702264313,1.3074268518924086
2010-04-09,0.9151980015938209,1.1227286800067382,0.9723298487146991,1.0212679912174323,1.1191162303265285,1.3161100879534782
2010-04-12,0.9168148102740147,1.1243533625599433,0.9737123601206369,1.0228972651881634,1.1210801568772406,1.3178062780409936
2010-04-13,0.9174431435051799,1.1254803048857407,0.974279263507148,1.023712704591396,1.1223306950525467,1.3193183958549832
2010-04-14,0.9276727150125668,1.137303845836245,0.9848299360416419,1.034627122384378,1.1335991342517813,1.3339364540410212
2010-04-15,0.9284543002513335,1.1382617493777407,0.985778927537668,1.0358972951386634,1.1347921736470885,1.3350533393855726
2010-04-16,0.9134815791086865,1.1206250486999243,0.9709336613398046,1.0202318447495982,1.1194069207076798,1.3142715496422868
2010-04-19,0.9176117207135415,1.1249731855422853,0.9742142286874841,1.0237915062446221,1.1227791177461621,1.3207877517025908
2010-04-20,0.9250061300803041,1.1340357043417302,0.9813016548738327,1.0312038849751866,1.130360051599422,1.3301259040419642
2010-04-21,0.9240636302335562,1.1325237223836846,0.9805520379237295,1.0306141531487139,1.125560407782188,1.325093694505896
2010-04-22,0.9261555201373138,1.1354157983527653,0.9828717956246931,1.0334870649813477,1.1293038108153481,1.3275113140600783
2010-04-23,0.9327530190645499,1.1437746870242254,0.9900632658762353,1.0405208788745455,1.137140459841913,1.3385337907626065
2010-04-26,0.9287454790657759,1.1389121996057914,0.9859319873882942,1.0361544353744463,1.1323078693951463,1.331188137550928
2010-04-27,0.9070296695886717,1.1274280269750256,0.9705812749674123,1.0204495237556546,1.1227069665514402,1.3075369772180456
2010-04-28,0.9128915588794213,1.131709152519417,0.9758454759397218,1.0264718301481446,1.1275424146805175,1.3147545375304375
2010-04-29,0.9247072886654816,1.136843831242255,0.984219336367824,1.0347195814073444,1.1320834884208426,1.3309765624393195
2010-04-30,0.9093131245019311,1.1301986221006342,0.9744162298055824,1.0250032845932067,1.1260858384918728,1.3140914079870956
2010-05-03,0.9212437932936923,1.1354727619972524,0.9829848509254658,1.0329892974170516,1.129544667317467,1.3277159943718677
2010-05-04,0.8992827806044259,1.1233371641630903,0.967323644470164,1.0165793888151438,1.115032686898049,1.3048209767407735
2010-05-05,0.8933595905106357,1.1260599316978968,0.9667841963335814,1.015877937315054,1.1193541041822455,1.301933370331091
2010-05-06,0.8644562618770307,1.149386273136311,0.9663993862414316,1.0224513947510043,1.1925302953669084,1.3288119393500344
2010-05-07,0.8512229510206585,1.1828777564928246,0.976580086830033,1.0447584833538366,1.384414158633248,1.4535771415164647
2010-05-10,0.8886547538772759,1.1497262277250817,0.9727743290959439,1.0197231326278322,1.147119930012853,1.325620899979417
2010-05-11,0.8856356893275302,1.143231778573878,0.9688133408774814,1.0166731780820288,1.1450277062003789,1.3196785311437356
2010-05-12,0.8978038987310736,1.1318062801718909,0.969552596075417,1.0175827464197507,1.1221525841506899,1.3214936496901313
2010-05-13,0.886900018390241,1.1270701500233908,0.9623032472912806,1.0089954248501325,1.1160311795649498,1.3170564538361653
2010-05-14,0.8702261999632197,1.164881065784201,0.9698703147358803,1.0140754379788195,1.1267137865867358,1.317126805567699
2010-05-17,0.8711916876111078,1.168883838782173,0.9712651403843827,1.0035127471217637,1.1028953680257947,1.30414227216201
2010-05-18,0.8588242505976829,1.1864380505514343,0.976908224026592,1.0051265483981278,1.1131729033868174,1.3324110507568987
2010-05-19,0.8544182553791455,1.2181822576364072,0.9894980401554075,1.0207777658337793,1.1036613106265847,1.3118009169565708
2010-05-20,0.8211165941273831,1.1765740832032874,0.9532915664987397,0.9839213503393391,1.064657196679707,1.2655780480170429
2010-05-21,0.8334533807392878,1.1911059262300696,0.9673398942015783,0.9982090290570527,1.079172327430189,1.2823009997013441
2010-05-24,0.8226950898056766,1.174397452211909,0.9544625135467133,0.9846930523780042,1.0640141168010704,1.2640593262569484
2010-05-25,0.8229862686201189,1.1732116586124197,0.954094784200555,0.9841541946861897,1.0633206833663027,1.2635027355862234
2010-05-26,0.8183274075890394,1.1659172965543527,0.9482840241589919,0.9779719792987784,1.0563061162249938,1.254883867583342
2010-05-27,0.8452307975234475,1.2021033279393898,0.9778317253371086,1.00836138478002,1.089205957268139,1.2944960404258745
2010-05-28,0.834771348004659,1.1878744775268182,0.9659366228522772,0.9960679215345785,1.0762330600071255,1.2790329471660478
2010-06-01,0.8204422852939375,1.1680038592045157,0.9502144011575138,0.9798391239416132,1.0586465689035436,1.2578077814140463
2010-06-02,0.8416447005455774,1.1959501240987973,0.9735624877570337,1.0037778826177404,1.0844557117434224,1.2885716633548219
2010-06-03,0.8450545577147062,1.2004828563360062,0.9773374817162288,1.0076372489269867,1.0885164684361717,1.2933133289093748
2010-06-04,0.8159749892723597,1.1604482995461756,0.9453344578416196,0.9747390764557137,1.0524588282326626,1.2503855943415279
2010-06-07,0.804933182124686,1.1445558069143722,0.9334022729735846,0.9624470487390804,1.038586937013451,1.2333111723556165
2010-06-08,0.8137681603629008,1.1554903835363028,0.9427922102008919,0.9721079323993396,1.049140282372091,1.2461138598284431
2010-06-09,0.8089330595230798,1.1484789597431708,0.9372781322489566,0.9662891688716332,1.0425199565087224,1.2383257146981468
2010-06-10,0.8328020597069822,1.1815785396470402,0.9636727375691739,0.9933758127628178,1.072372329697626,1.2738730684500188
2010-06-11,0.836449457487893,1.1866766598429541,0.9673780510577074,0.9971369823146937,1.076884596648926,1.2796355759538058
2010-06-14,0.8349399252130204,1.1845352133138247,0.965348450216619,0.9949388273172456,1.074630552011602,1.2769819856582305
2010-06-15,0.8545561821859867,1.21236314790556,0.9869113113518155,1.017469781076941,1.0995289886421222,1.3066009567845742
2010-06-16,0.8540811009624226,1.2116130537224294,0.9862352506881459,1.0167807042413708,1.0987341136523434,1.305735940088387
2010-06-17,0.855176852816772,1.2114807694835137,0.9867032648937197,1.017002763175217,1.0997259921967533,1.3059746104688998
2010-06-18,0.8563032550726415,1.213271620939607,0.9872913145573529,1.0178225423763725,1.1010571882351736,1.3088432134433015
2010-06-21,0.8530006743088335,1.2088422767972304,0.983656342367949,1.014029938840311,1.0975451563505856,1.3029136477079986
2010-06-22,0.8392922822288972,1.1927232848098424,0.9697559790667634,1.0003012380363605,1.0828626941874824,1.286223199720333
2010-06-23,0.836786611904616,1.1889953482192774,0.9674513841411868,0.9976682470667259,1.078977412096653,1.282966117370328
2010-06-24,0.8227257402071968,1.174261412722879,0.953921465812858,0.9844667149788802,1.0675380190980537,1.2692722449688059
2010-06-25,0.8250781585238768,1.1738050403181859,0.9556315041556377,0.9857052745799187,1.0669306542673704,1.2686819694550813
2010-06-28,0.8234000490406425,1.171030456212029,0.9545490262264557,0.9843959725396465,1.0655072189188155,1.2639232002070795
2010-06-29,0.7978606019738859,1.146024833439425,0.9300373252171694,0.9608397445852692,1.0417674243080572,1.2366499923893925
2010-06-30,0.7897918837736775,1.1355284817800797,0.9218683607969205,0.9525766848768598,1.0312007722832506,1.225066163545695
2010-07-01,0.7872325752467357,1.1281739339798518,0.9182963460713351,0.9482151999171764,1.0235404262494512,1.2121540534602961
2010-07-02,0.7835621896646847,1.1169610699367294,0.912392767497147,0.940760703421947,1.0158039853861827,1.2048143808339538
2010-07-06,0.7877612946729602,1.1161736559592434,0.9141936740827585,0.9416442921654254,1.0166329245310248,1.2059484662272277
2010-07-07,0.8124425304971495,1.1460320465834553,0.9390364518348132,0.9665353049732052,1.0432572084166356,1.2364924318092076
2010-07-08,0.8200898056764544,1.155309815827608,0.94669201886503,0.974349265123426,1.0511162302929336,1.2476711454195217
2010-07-09,0.8259976705694846,1.1629803006176898,0.9526548473802497,0.9804155192810301,1.0577592584270017,1.2564965088755584
2010-07-12,0.8266030159995096,1.16236817421647,0.9523507999708183,0.980055448228252,1.057988727748141,1.255566222884713
2010-07-13,0.8393152700300374,1.17980384463976,0.9665545158270216,0.9945289586653294,1.0736374010745524,1.2744109413588058
2010-07-14,0.8391850058235765,1.1800386952764832,0.967667896537848,0.9951951078197551,1.0736241002369125,1.2750051374404394
2010-07-15,0.8401888064733649,1.1808217664418805,0.9688308804271617,0.9964337036604423,1.0749025279129565,1.2761287436189515
2010-07-16,0.8159749892723597,1.147024059530869,0.943491959911199,0.9694388372854499,1.0446745276298777,1.2394803705111157
2010-07-19,0.820856065714461,1.15304359341121,0.9478665357376597,0.974135930551532,1.050585800210919,1.2468680330648152
2010-07-20,0.8302274259792803,1.1662050107415365,0.9556048741135321,0.9832847584271021,1.0611476273904807,1.2602605262135775
2010-07-21,0.8195840740513701,1.1510482716552548,0.9441800376200322,0.9707459912115581,1.047321644979429,1.2438954520155736
2010-07-22,0.8380356157665666,1.1736335653014034,0.9634078742784192,0.9902807446802506,1.0713374410235768,1.2709285477846597
2010-07-23,0.8449242935082452,1.1812930689627061,0.9701749256268379,0.9974055020731407,1.075640339600965,1.2804497866465947
2010-07-26,0.8543876049776253,1.1931078299968627,0.9799920058141187,1.0074908219425711,1.0869140752290998,1.2939777220314779
2010-07-27,0.8534910807331576,1.1916694740597895,0.978787124145571,1.00612741036059,1.0858608427592336,1.2918013963924795
2010-07-28,0.8475832158401276,1.183455264547063,0.9720934964910776,0.9992873441812805,1.0782350703214536,1.2817498125668811
2010-07-29,0.8440584196652977,1.1785544391568497,0.968073754459814,0.9951541929326921,1.0741604064190224,1.2771447241192255
2010-07-30,0.8441120578679581,1.177669810041481,0.9677849333711768,0.9948142013055685,1.0741473112121536,1.2775708441585314
2010-08-02,0.8627015263899956,1.2015979234333356,0.9874848026807346,1.0149102946868915,1.096430156280885,1.3041201274892809
2010-08-03,0.8585637221847606,1.1956529391596076,0.9828437066973201,1.0100796018393463,1.0909728384827222,1.2979029180104384
2010-08-04,0.8637589652424448,1.2026844882017045,0.9886508753300542,1.0160873324096125,1.0975452936715617,1.305708969911652
2010-08-05,0.8626632133880955,1.2011609707434423,0.9875529614703678,1.0150112593211271,1.0960072820871611,1.3040625607348473
2010-08-06,0.8594679090296083,1.1965264246775307,0.9839433769829772,1.011257908671761,1.0922685028993928,1.2996070197922234
2010-08-09,0.8641804082633483,1.2021194082518345,0.9887730937740639,1.0161998934627863,1.0976939334567655,1.305512940563389
2010-08-10,0.8590234782075646,1.194949287626588,0.9830649498876086,1.0104021590380745,1.091706257470259,1.2985937190636432
2010-08-11,0.8348173236069393,1.1630199744338023,0.9573642573233117,0.9839554107631882,1.062773150617693,1.2644344132417284
2010-08-12,0.8303270397842211,1.1556257007280064,0.9520361307892607,0.9783894109289418,1.057244318610142,1.2573420630389966
2010-08-13,0.826986146018513,1.1509805705755436,0.9487683391637559,0.975098295875797,1.0535540937737164,1.2526677686354744
2010-08-16,0.8270857598234538,1.1501598652267326,0.948336147278344,0.9748718431656815,1.0534473761021184,1.2536467057822511
2010-08-17,0.8371697419236193,1.1641804874300377,0.9589243972398672,0.9857265968926501,1.0651319117935207,1.2656194316478584
2010-08-18,0.8384110831851899,1.1657145889033842,0.9601125488421353,0.986776017830502,1.0643395233215482,1.2629927497350273
2010-08-19,0.8242122846809294,1.1478657890477424,0.9454498969578649,0.9716233403251336,1.0479756139094047,1.2519079751607427
2010-08-20,0.8211932201311839,1.1418025690304168,0.94145457898227,0.9673221590005054,1.0428084779562867,1.2374485717672865
2010-08-23,0.8178753141666155,1.1353279992993603,0.9369145805943601,0.9623060573495286,1.0380935847462052,1.2403189455337944
2010-08-24,0.8060059461778949,1.119837825094684,0.9244058631381219,0.9494822802463101,1.0241122270772949,1.2199445847604442
2010-08-25,0.8086572059093974,1.1209438579895294,0.9259935927348104,0.9510310579565989,1.0256806546958723,1.2180179348345779
2010-08-26,0.8024428370011648,1.1132376855547415,0.9194211288822541,0.9440393834190077,1.017716323769178,1.208750147227329
2010-08-27,0.8157527738613376,1.1273196068171272,0.9316885738623971,0.9566943006556503,1.0313074925849477,1.2264614964901757
2010-08-30,0.8037454790657759,1.1120634752136325,0.9191843111137681,0.9437098128122255,1.0173533194710973,1.2086880897031587
2010-08-31,0.8040596456813585,1.1114361792491108,0.9188476471444685,0.9432774905620996,1.01609251773846,1.2085551964124286
2010-09-01,0.8277830564580396,1.141759588833856,0.9439105730067024,0.9692084590589479,1.0448997845221317,1.2433336362168226
2010-09-02,0.8353000674308834,1.1516827199332555,0.9517068603672139,0.9775227927512992,1.0537197023641693,1.2540763414476497
2010-09-03,0.846341874578557,1.1658218240119762,0.9631118380187607,0.9892875613960749,1.0668255358557592,1.2700757450908002
2010-09-07,0.8366333598970147,1.1524582320300067,0.9525000937943555,0.9782131805907643,1.0549325979953343,1.2555969696304001
2010-09-08,0.8420201679642003,1.1596611262112764,0.9581177585963567,0.9840397419066443,1.0613118447799277,1.2630291507210725
2010-09-09,0.846089008766015,1.1650498626491257,0.9623962014462563,0.9883940082858546,1.066661991954035,1.269097208944808
2010-09-10,0.8502038251701097,1.170501883674109,0.9667871961684256,0.9932889751291517,1.071833400347537,1.2752338327981898
2010-09-13,0.8596671366394901,1.1835279579422484,0.9768687937064008,1.0038134126608735,1.0834901567542956,1.289346924900474
2010-09-14,0.8590541286090847,1.1826841636576726,0.9762704076269061,1.0031568480146587,1.082328970071268,1.2884327165051843
2010-09-15,0.8620961809599706,1.1866595446846484,0.979705268979736,1.0067107246443519,1.0859516251171168,1.2876902996192288
2010-09-16,0.861782014344388,1.1857750174608486,0.9794325039421506,1.0066744918451747,1.085760940354704,1.288656496723132
2010-09-17,0.8624946361797339,1.1862897121094464,0.9800766697456281,1.0071821222750446,1.0861066522097576,1.289710276895796
2010-09-20,0.8756130080304053,1.2011996884166782,0.9936024038469774,1.0208550222710813,1.101179093214654,1.3082504366999201
2010-09-21,0.8733678661190463,1.1979119922657602,0.991047561899036,1.0180497493911678,1.0980373759535682,1.3034996957501046
2010-09-22,0.8691534359100104,1.1930817321577725,0.9868739622812301,1.0138175224503667,1.092419713362435,1.2976968924172756
2010-09-23,0.861912278550849,1.1852679189473108,0.9801103983746126,1.0065734087319718,1.0847167758529548,1.2888491232063068
2010-09-24,0.880179917856924,1.206282074327749,0.9984945641882342,1.0256087482320435,1.1050644184846663,1.3130006208011418
2010-09-27,0.8751915650095018,1.1994843620969204,0.9930034139607944,1.0200655762088393,1.0992055896330626,1.305194929390282
2010-09-28,0.8794366456200576,1.205269204763401,0.998077778751959,1.0256131367799914,1.1056658843831253,1.3137615140229364
2010-09-29,0.8771608533071784,1.2026243519874715,0.9959056084391231,1.023567258367658,1.1038333285971627,1.3116839061471162
2010-09-30,0.8744559553730155,1.2003075645137375,0.9943262899183802,1.0222019504733932,1.1023504981536298,1.3099733011406933
2010-10-01,0.8783179059645682,1.2037446794397437,0.9975468693880217,1.0254953666104996,1.1060404397082484,1.311964115485852
2010-10-04,0.8712606510145284,1.1941276395555764,0.9902046148846221,1.0175517941047443,1.0974406685532232,1.3033882897584492
2010-10-05,0.8894363391160425,1.2161575097754926,1.0082630508299726,1.0361452616871099,1.117975294921655,1.3275468924805978
2010-10-06,0.8888386562863975,1.2142020185074875,1.0071125694527048,1.03486597508062,1.1167070788424385,1.325232309887868
2010-10-07,0.8873750996138049,1.2117511978709037,1.0052566446929232,1.0331653966160643,1.1148819249160749,1.3226388644923373
2010-10-08,0.8928078832832712,1.2182417283000198,1.0103632541720986,1.0384275336208941,1.1210938865455853,1.3306725219377031
2010-10-11,0.8929381474897322,1.217962834015914,1.0098026247151677,1.0376714431010392,1.120291044460981,1.3304359182186685
2010-10-12,0.8963480046588611,1.2221530961600642,1.0128822473416335,1.0410714020151615,1.123618296523017,1.3354781996900194
2010-10-13,0.9027309507754551,1.2303948365105977,1.0195747211726114,1.0480805474361432,1.1315782610290952,1.3449168973656038
2010-10-14,0.8994436952124073,1.22591523812807,1.016145844148185,1.0443232714690842,1.1278810357019806,1.3400559114078296
2010-10-15,0.9012673941028628,1.2284004232447172,1.017939553595984,1.0463971778188557,1.129149800724244,1.3418942220237047
2010-10-18,0.9077959296266782,1.2372969682841422,1.0251543641738454,1.0537209089814645,1.1376533088984497,1.3515482081216617
2010-10-19,0.893382578311776,1.2176556522992144,1.0092171184605918,1.0373764260848994,1.1195180055992797,1.3306638842531746
2010-10-20,0.9027845889781158,1.2302397264201348,1.0187680243720674,1.0469089062994017,1.1290107132210618,1.338986992856907
2010-10-21,0.9043860724575493,1.230691604846518,1.0190923551047717,1.0476631550832978,1.1338010728719852,1.3404458614237158
2010-10-22,0.9065469257647275,1.2312146574271325,1.020992328473407,1.0493999901604072,1.1324442034895634,1.3436187345121986
2010-10-25,0.908493226261264,1.233156924552541,1.0223731209907176,1.0509062890997531,1.1341669171282014,1.3449888071571403
2010-10-26,0.9085085514620244,1.2338610663177336,1.0226443974735042,1.051231598762924,1.1341858909707896,1.3464990732024527
2010-10-27,0.9060641819407836,1.2298799260434767,1.019973680791125,1.0482156932569002,1.1313686391914108,1.342909901162644
2010-10-28,0.9070833077913322,1.2302296181188197,1.0208454160820244,1.0490610756116712,1.131883699483852,1.3412820241926888
2010-10-29,0.9066848525715687,1.2296920663129163,1.02013451970686,1.0480366669819445,1.1311215674333226,1.3399530736965837
2010-11-01,0.9075430638141361,1.2298246705663303,1.0205770502837737,1.0483106948788938,1.131915290635225,1.34121322187357
2010-11-02,0.9145849935634157,1.2386413982864632,1.027948565398314,1.0561201385792824,1.139946807183575,1.3511068586146293
2010-11-03,0.9179488751302644,1.2407874432084502,1.0300662363360429,1.058218025159862,1.1434246013417053,1.3553023077712707
2010-11-04,0.9356494820082144,1.2636419486941624,1.0483795384873258,1.0771629013384036,1.1644433492520376,1.3808465349505936
2010-11-05,0.9393198675902655,1.268251894583287,1.052298663819673,1.0814905226663853,1.1689875845518378,1.3862359186718112
2010-11-08,0.9373275914914487,1.2655641355537706,1.0500729163513673,1.0792032945712764,1.166520985015412,1.383310574689522
2010-11-09,0.9297799301170847,1.2553816638457949,1.0417794270239584,1.0708459344074224,1.157654255717397,1.3717816925548336
2010-11-10,0.9338487709188991,1.2608708947868459,1.046422113748877,1.075420221904604,1.1626918109244824,1.3782024740435246
2010-11-11,0.9298872065224054,1.2548429227635705,1.0420864570319548,1.0710175608032955,1.1575182605523802,1.3723855400479728
2010-11-12,0.9189067001777724,1.2407127020654722,1.0305863527138905,1.0593345616616334,1.1446104665034487,1.3567087231473713
2010-11-15,0.917787960522283,1.2385199554266222,1.0291008151205696,1.057564387946878,1.1425384118292394,1.35461970101707
2010-11-16,0.9029148531845768,1.2184548005178089,1.0133420993059186,1.0414609648518554,1.1248112617629829,1.3332272120279958
2010-11-17,0.9031064181940784,1.2183715056145474,1.0128063121615625,1.040645027915932,1.1205981015859685,1.3285988761560106
2010-11-18,0.9169757248819961,1.2324648919565973,1.0258212591476619,1.0539722728644239,1.1334249723439758,1.3476914095231596
2010-11-19,0.9193051553975359,1.235022271058751,1.0281266422753061,1.0564880377457873,1.1364830827731707,1.3505304831644673
2010-11-22,0.9178569239257034,1.2308727941963766,1.0251617647966593,1.053177901860467,1.133647344657787,1.3467604843538943
2010-11-23,0.9047462146754123,1.2161311735835312,1.0119625082407744,1.0399455759567577,1.1185986188876533,1.3276656307548318
2010-11-24,0.9182477165450867,1.231948541674698,1.0257218305999458,1.0537356043771737,1.1338570816866165,1.3473296471438136
2010-11-26,0.9113896892049287,1.2269425081618084,1.0201939146033536,1.0483869666207948,1.1280046911157264,1.337894980842302
2010-11-29,0.910133022742598,1.2241564953235047,1.018578057599588,1.0461777275755628,1.1266575757036466,1.3366183148595967
2010-11-30,0.9046082878685711,1.2223157185875704,1.0153841213245922,1.0429526942648972,1.1218614280745212,1.329679081065434
2010-12-01,0.9241632440384969,1.2437259495061337,1.0346445853586284,1.0628267388831663,1.1428440381661593,1.3576059578469954
2010-12-02,0.9360096242260775,1.2548406154265996,1.045248884455169,1.0738462856666129,1.1566099594478454,1.3737522366072275
2010-12-03,0.9384463311469382,1.2569874674102373,1.046720590908441,1.0754801438934711,1.1584728259013277,1.375640385614227
2010-12-06,0.9372279776865077,1.2545295283738649,1.0447291562189696,1.073085995411485,1.1561160706388456,1.373312353927442
2010-12-07,0.9377107215104519,1.2543435725551657,1.044856645497486,1.0733880352788379,1.1562421658993378,1.3734618545499933
2010-12-08,0.9411818794826213,1.2584258415702276,1.0480607132454351,1.076648160042832,1.1601130061896499,1.3785173593310427
2010-12-09,0.944798626862012,1.2629794622059465,1.0517964043324979,1.0805354062905774,1.1645558835338417,1.3848920708816035
2010-12-10,0.9504689511432602,1.2705527401483456,1.057866983712456,1.0867653156614738,1.1711282192756205,1.3925969285389679
2010-12-13,0.9505149267455404,1.2703372425122292,1.0577783187629237,1.0868588684951126,1.1707177806543352,1.3921103059608837
2010-12-14,0.9513808005884877,1.271493702522352,1.0587671066649613,1.0878466331908332,1.171978031819249,1.39337139214247
2010-12-15,0.9465073867467664,1.2649847771556417,1.053411270080739,1.0824139197306604,1.1659914428554654,1.3857200145267132
2010-12-16,0.952361613437136,1.272249869676495,1.0597134753734136,1.0888387762939011,1.1729862837050768,1.3947998791446203
2010-12-17,0.9531585238766629,1.2733142222521838,1.0608670189210114,1.0898746102652335,1.1741618189884282,1.3954069420100483
2010-12-20,0.9555875681971434,1.2765584507761574,1.0630812318805887,1.0923921144480566,1.1769491043870783,1.399498262175132
2010-12-21,0.9613498436829522,1.284254538631136,1.0693964839550039,1.0988536601673127,1.1838309908451201,1.406783457582638
2010-12-22,0.9645987862440998,1.288316919595906,1.0728817404080506,1.1024231996519847,1.1865769411834697,1.4076402407630526
2010-12-23,0.9630126279654263,1.2879606012715,1.0722596392017205,1.1012670216111573,1.1850847532471644,1.4075830543935108
2010-12-27,0.9636026481946914,1.2904817200289889,1.0725706117255451,1.1012001639204014,1.1853638205342265,1.4068714169383316
2010-12-28,0.9643459204315578,1.291464506354406,1.0732037291927543,1.1017476730370666,1.1858295222139776,1.4057108786442327
2010-12-29,0.9653190706798259,1.2913584735114485,1.0734707624455815,1.1020890454260526,1.185915965416129,1.4057761871544163
2010-12-30,0.9638631766076137,1.2876924585137792,1.0715376736727562,1.1000329530348494,1.1839232067190109,1.4021088002830266
2010-12-31,0.9636792741984922,1.286752907205709,1.071085359320933,1.0990399096109886,1.1832597729664656,1.4018431149527182
2011-01-03,0.9745984797400847,1.2980570042333346,1.0814340597188155,1.109824554282098,1.1958982299044016,1.416947876591758
2011-01-04,0.9733035002758538,1.2946037582393677,1.0798678674122573,1.1083019270196408,1.1943211733441603,1.4150770090575036
2011-01-05,0.9781769141175749,1.3000030128306665,1.0841052963124773,1.1134393083112748,1.1993771858851339,1.4221176703106737
2011-01-06,0.9761003494145774,1.2969090963695904,1.0818187194469975,1.1107383738659502,1.1968482963713742,1.4177770303266939
2011-01-07,0.9742996383252622,1.2934835380827912,1.079580446467292,1.107769506696736,1.1935566655288947,1.415175528134092
2011-01-10,0.9729586832587508,1.2899695011820975,1.0773005908236515,1.1057860451106016,1.1919236187949172,1.4132382392672609
2011-01-11,0.9765830932385215,1.2937172696815242,1.0801276368970938,1.1091588388199498,1.1958980378978414,1.4184744543187535
2011-01-12,0.9853797584748362,1.303955821554677,1.088981237020687,1.1184159543933767,1.2059516150773377,1.4311830692851673
2011-01-13,0.9836939863912219,1.3013786278526633,1.0870504697562713,1.1166234169294846,1.204557851435734,1.4280773155260504
2011-01-14,0.9909581315515233,1.3106353973527478,1.0942253248124627,1.123974303372512,1.2123056164985713,1.4385718860732284
2011-01-18,0.9923220744191749,1.312438860918977,1.0953678290152649,1.1253452881258539,1.213966658319417,1.4405423856063484
2011-01-19,0.98228406792129,1.2988179858541993,1.084782329853375,1.1140135217322962,1.1977868805830305,1.421348260524477
2011-01-20,0.9810120762581991,1.2963657603042338,1.08271438565458,1.1125166088292353,1.195985162909191,1.4242639433614914
2011-01-21,0.983379819775639,1.3006459290749626,1.086125961275292,1.1159177018045645,1.2008398040986998,1.4276557669259653
2011-01-24,0.9891191074603077,1.3054037046004714,1.0904973528252442,1.1202848276047583,1.2049734109033472,1.431139544082764
2011-01-25,0.98937963587323,1.3045639981343182,1.0905081239968384,1.1202610144327994,1.2065522502442307,1.4315127544426092
2011-01-26,0.9935557530803656,1.3076691325775753,1.0932917446356263,1.1228730680859005,1.2100631350805908,1.4359158210519485
2011-01-27,0.9957855697909643,1.3086201018964552,1.0946735263447123,1.1245926911536608,1.2112244546659723,1.43911006266121
2011-01-28,0.9780083369092135,1.295188873139469,1.0798995982834054,1.1105882087978667,1.1938230240440986,1.419961047447984
2011-01-31,0.985502360080917,1.3018500522374772,1.0862540184153895,1.115563916648621,1.2003411144289287,1.424379230222621
2011-02-01,1.0019539630969165,1.3186625601500543,1.1022977611619644,1.1319446933731057,1.2196690676275999,1.4463670909635002
2011-02-02,0.9992260773616136,1.3150917022889206,1.0988798630430379,1.127259036924921,1.2153778202916585,1.442459358960417
2011-02-03,1.0015784956782934,1.316596740908918,1.100499715729843,1.129707702486601,1.2182176493497556,1.4458292289743118
2011-02-04,1.004467296021578,1.3191974958089692,1.1031744905323346,1.1324972868596692,1.2214388215083163,1.450757111220211
2011-02-07,1.010735303132471,1.3258281194950465,1.1091807346648606,1.1390946765613332,1.2287393573910699,1.4589464754453356
2011-02-08,1.014965058542267,1.330577792899601,1.113038905603299,1.1435823826401381,1.233845499541134,1.4650056554051727
2011-02-09,1.012137559002023,1.3260893761634136,1.1099719837955986,1.1403940142882147,1.2304321545169066,1.4609552253233253
2011-02-10,1.0128961564396493,1.3274759768148583,1.110970679012915,1.1413832727339854,1.2313479300112116,1.4620419260769912
2011-02-11,1.0184745295163369,1.3343845993408225,1.1169647856447198,1.1476464703234055,1.2380821174844845,1.470033018487791
2011-02-14,1.0209035738368173,1.3367771052490718,1.1192660483548793,1.1501811688190062,1.241014449117764,1.4743022942163162
2011-02-15,1.0176009930730092,1.3324539599171934,1.115904997730101,1.1467344612406407,1.2362956070863784,1.4687816661047812
2011-02-16,1.0239686139888433,1.3403957238736555,1.1225919565533657,1.1532098885541253,1.2389917924149334,1.4739551767970587
2011-02-17,1.02711794274505,1.3454014437920028,1.1269210452281953,1.1574825631363215,1.2471696463980266,1.4792620195497694
2011-02-18,1.0290948936431068,1.349350051104434,1.130028501708628,1.1596368497683383,1.2501278125668707,1.481260427434215
2011-02-22,1.0079691043952677,1.3386118987590423,1.1153799739422754,1.1441613746378512,1.2341040439629378,1.4577058439020807
2011-02-23,1.0018083736896954,1.338023310561909,1.1121190361762296,1.1402225111998179,1.2319554635648333,1.4505641678485126
2011-02-24,1.0008122356402869,1.332110328989888,1.1088167269244262,1.1364928513806858,1.2201816031917827,1.445050292645419
2011-02-25,1.0113712989640167,1.3310035650309084,1.1137782032528276,1.14155594351124,1.225002919320429,1.4551843960392616
2011-02-28,1.0169956476429842,1.330897040707057,1.1159387977736475,1.1444474631172767,1.2291442883752917,1.4607428327962704
2011-03-01,1.0009884754490284,1.3217080004313968,1.1046107286617581,1.1316442971352183,1.2139814286972284,1.4412071247431055
2011-03-02,1.0026052841292223,1.3219544494268187,1.1052135205608777,1.1326184427509074,1.215288858840293,1.4435111724029561
2011-03-03,1.0198691227855086,1.3346208636872423,1.1195656313982285,1.1476714162516986,1.2331370586485246,1.4648377042296536
2011-03-04,1.0123444492122848,1.3244072076104325,1.1118237504687694,1.1398184193488856,1.2241233266026827,1.454114600902767
2011-03-07,1.0039002635934533,1.3166995712141711,1.104310856539973,1.1320183425506125,1.21428345174749,1.442081138717197
2011-03-08,1.012857843437749,1.3227615036154305,1.1115691295250791,1.13956230854946,1.2244629852204685,1.454846217932198
2011-03-09,1.0114785753693374,1.3228228895510536,1.110861652078801,1.1381617750137816,1.2222207775773306,1.4528806796441738
2011-03-10,0.9923910378225955,1.3064064729724592,1.0936392403696358,1.1195307436649955,1.2013226587610344,1.428955269414422
2011-03-11,0.9994176423711151,1.303957325711706,1.0970524199830969,1.1248516779375,1.2080484364818627,1.4356931392811185
2011-03-14,0.9933718506712439,1.2951979916783407,1.0901241540548694,1.117781602540511,1.2008062424042973,1.4270775297852796
2011-03-15,0.9822457549193895,1.3117471093728101,1.082963887421612,1.107797760173528,1.191175711425429,1.4153165070020115
2011-03-16,0.9630969165696073,1.3756749929065504,1.0972469244186052,1.096573316351126,1.180509426415972,1.4076810192165308
2011-03-17,0.9760007356096366,1.3906707262607958,1.1099250086292196,1.1088017370230188,1.1942176192308804,1.4209060105281437
2011-03-18,0.9801998406179122,1.39435758909156,1.1135415911027158,1.112389983419464,1.197369894959018,1.4254591984451739
2011-03-21,0.9948967081468769,1.4108883874525777,1.127954245693407,1.1267289740383224,1.2121846247567194,1.443028047458101
2011-03-22,0.9913642493716668,1.4048926360423337,1.123879155577236,1.1224860590829662,1.2080748277445184,1.438163530211323
2011-03-23,0.9942530497149513,1.4077270835070683,1.126428764342881,1.1252141500569994,1.2114691382053173,1.4420966717216899
2011-03-24,1.0035401213755901,1.4203597140196844,1.1363583137360385,1.1350941997418729,1.2219575634678472,1.4552881314170392
2011-03-25,1.006712437932937,1.4248456963934406,1.1398976220540293,1.1388020388012017,1.2260038758514584,1.4596315217636822
2011-03-28,1.0039462391957337,1.4219344972934727,1.137234590238714,1.1359423218759603,1.2228966369714869,1.4577142771842042
2011-03-29,1.0110341445472937,1.4309570346997171,1.1444665962224705,1.1432486284315013,1.2305980694585155,1.4656380829210023
2011-03-30,1.017792558082511,1.4400138821607877,1.1516674459639378,1.15037010180796,1.2385170118099034,1.4754175281533197
2011-03-31,1.015930546190155,1.4373808055501047,1.1495404066081505,1.1481737596341224,1.2354961440109915,1.4722292680601634
2011-04-01,1.020972537240238,1.444510700240761,1.155024492687394,1.1537220357496847,1.2418112795305047,1.479525044662051
2011-04-04,1.0213250168577208,1.4450091427267335,1.1550653130431183,1.1537720111747374,1.2419567128202549,1.4800350837557998
2011-04-05,1.0211411144485993,1.4447490857775305,1.1547751788044252,1.1534986649658243,1.2417335498773199,1.4797689764025397
2011-04-06,1.0233709311591983,1.44790227628662,1.1573174778265003,1.1561038647515673,1.244636152061115,1.4824741646987902
2011-04-07,1.021815423282045,1.4452023824465534,1.1556240878229698,1.154307485746118,1.2428597729365964,1.480744703364494
2011-04-08,1.0177235946790903,1.4394161153267808,1.151165234032827,1.149927710506864,1.2379799416397907,1.4745494129631187
2011-04-11,1.0148807699380864,1.435396068320347,1.1477462671890442,1.1464818840025048,1.2341623745462535,1.4707102385853024
2011-04-12,1.0069882915466195,1.4242352909170404,1.1389673155079456,1.1377032105574423,1.2247817165299284,1.4592897980078798
2011-04-13,1.0071798565561212,1.4245061835724604,1.1388820572133884,1.1376090713282325,1.2245351306266319,1.459566993167526
2011-04-14,1.0072641451603017,1.4246253763408452,1.1388268777713055,1.137597782393906,1.2246374136421436,1.4591675956757395
2011-04-15,1.0112180469564152,1.4302166007487156,1.1430841243539858,1.141948340442028,1.2294354169152513,1.4643949805742411
2011-04-18,1.0000766260038008,1.4144614839094845,1.130736357888855,1.1295447119805262,1.2159154619557586,1.4485202716783168
2011-04-19,1.0058082510880892,1.4225665921596526,1.1366408636010474,1.1355890563319027,1.2223061155758708,1.4565669892658328
2011-04-20,1.0194017041623245,1.4415390122585505,1.1516377907354645,1.1506073250921003,1.2385520726446717,1.475845735298699
2011-04-21,1.0247808496291302,1.4477181687760559,1.1570217217397805,1.1563122601840388,1.2439901414260295,1.4841704882038698
2011-04-25,1.0231487157481762,1.4427303571539918,1.1539842064729584,1.152916463403759,1.241338877848756,1.481216249136423
2011-04-26,1.0323361736038743,1.4542410062013504,1.1631851252353012,1.1619811700601916,1.2498955177382156,1.4943844415524374
2011-04-27,1.0387880831238891,1.4619219916005042,1.169380922373844,1.1677922388181707,1.2563659073760847,1.5017870221725973
2011-04-28,1.0424814565070804,1.4657411307669748,1.1726921759182818,1.171438370520282,1.259604258338323,1.507695593349617
2011-04-29,1.0448798504260406,1.468648310010354,1.1753175787093235,1.1739200067684772,1.262919170231976,1.5099032899738807
2011-05-02,1.0430484889352052,1.4674359166884599,1.1741807527118946,1.1728594953951614,1.2617484810586805,1.5097381804995502
2011-05-03,1.039523692760375,1.4634022976243553,1.171252007980888,1.1697736991745111,1.2577667835979216,1.5046861633924888
2011-05-04,1.0323974744069147,1.4543268249945875,1.163571826264953,1.1623570081064318,1.2497112206503118,1.4944723027195166
2011-05-05,1.0230337767424753,1.442569446916672,1.1542415643937596,1.1524641563973705,1.2405125413931704,1.4810515094481491
2011-05-06,1.0269417029363086,1.4484908765645723,1.1578887483858247,1.156740032285254,1.2441809839197617,1.4878825302039063
2011-05-09,1.0316082265677682,1.4500685412745271,1.160727312638245,1.1593560207571838,1.2470416789148118,1.4933410901933704
2011-05-10,1.0399374731808988,1.459026284359011,1.1684798151469014,1.1673302417470361,1.2562862481325914,1.5034344190553348
2011-05-11,1.0283822718077607,1.4432999228758427,1.156597890688572,1.1549652622111157,1.243333425953833,1.487487524921371
2011-05-12,1.0334166002574636,1.4489963484128823,1.1614350715010833,1.1599121767833738,1.2484427491121577,1.4934732517300464
2011-05-13,1.0250796910439528,1.4377754735746608,1.152339754540297,1.1504227531770785,1.2386728996128178,1.4821390686844822
2011-05-16,1.0187197327284987,1.428421292734293,1.1451393912830212,1.142967330862427,1.2291307211353315,1.472408536922777
2011-05-17,1.0183442653098755,1.4260937288939561,1.1439825418731424,1.1422411873203233,1.2286790978074804,1.4718703872744159
2011-05-18,1.0273095077545518,1.438194246463548,1.1529611035712808,1.1513401278461892,1.238172598393571,1.479800597175439
2011-05-19,1.0295469870655305,1.4395520434021314,1.1547921551071962,1.1538750034436802,1.2408423699628015,1.4829913716826404
2011-05-20,1.0216315208729236,1.4307605874652598,1.1474590412128873,1.145889221152703,1.2328716112586047,1.4725255716141152
2011-05-23,1.00944798626862,1.414746299218935,1.1343003973393748,1.1329120523825675,1.2198081711527018,1.456384315856241
2011-05-24,1.008612762827193,1.4109738127195672,1.1324104247282463,1.1304643516346953,1.2170427605942182,1.4547821836047983
2011-05-25,1.0118233923864404,1.4128087261703104,1.1349039395920166,1.1334218846546278,1.2196944876353,1.4564833366815864
2011-05-26,1.0158232697848342,1.415737506375284,1.1375384839864968,1.1353852196423853,1.2226983437212837,1.4601321136163017
2011-05-27,1.0199687365904495,1.4210471512800218,1.1416043064680192,1.139980569774347,1.2282343413654322,1.4668658999088033
2011-05-31,1.0307730031263411,1.4334065591933516,1.1519073866353928,1.1505709604342735,1.2396520316981479,1.481451295340788
2011-06-01,1.007287132961442,1.4052141912126488,1.1281320094690004,1.125902523234065,1.2125129821478862,1.4479590903251292
2011-06-02,1.0060534543002515,1.4017610938758536,1.1259712590959778,1.1239929435017981,1.2101565416901408,1.4453776820609805
2011-06-03,0.9962606510145284,1.3868811875328475,1.1148276180419874,1.1128235386919085,1.1993561285971543,1.4301794127726832
2011-06-06,0.9855406730828176,1.3728953347772404,1.1031059458581067,1.1003811860081525,1.18568058795442,1.4148921061440027
2011-06-07,0.9845981732360696,1.3698457997961082,1.1008767082145337,1.098498119776038,1.183671583347091,1.413548047019394
2011-06-08,0.9804756942315945,1.3645680151183595,1.0965395688219783,1.0943369761180628,1.1793422266354494,1.407669154262975
2011-06-09,0.9877091889903759,1.371106835195171,1.10291210844153,1.1012172018141477,1.1867940570205873,1.4179845348615985
2011-06-10,0.9739011831054988,1.3545843576219108,1.0887962403873934,1.0870423843333334,1.1714974868875048,1.3982935223205817
2011-06-13,0.9745525041378043,1.3537437981189344,1.0898077913295205,1.0881778962044792,1.1728642525694928,1.399222343666856
2011-06-14,0.9868433151474284,1.368163500873257,1.10216656478611,1.1006693466553568,1.1863504979696409,1.4167497488365512
2011-06-15,0.9696407772941826,1.3438856145585105,1.0857322934054536,1.0845233340707547,1.1670035552161162,1.3942732165104703
2011-06-16,0.9713418745785571,1.3475910066126453,1.0898776270312271,1.0883421642497024,1.1698106506915193,1.3986036368195869
2011-06-17,0.9742996383252622,1.348906738676736,1.0921821407889367,1.0903448302138292,1.170608024384656,1.3962577529296634
2011-06-20,0.9795561821859867,1.3525538455947095,1.0957226595860936,1.093588913270813,1.1734436356320896,1.4012509233983916
2011-06-21,0.9927052044381782,1.3697728679700283,1.1094963035260295,1.1076567034827947,1.1897464071160224,1.4199691917293542
2011-06-22,0.9862839453196839,1.3612365035557328,1.1030207091431932,1.101095911911597,1.182120858569612,1.4114091663296942
2011-06-23,0.9834947587813401,1.3571351903324664,1.0997388115220477,1.0977779316241465,1.1785686997407603,1.4056127907033535
2011-06-24,0.9719625452093423,1.3446029571087887,1.0886050319961356,1.0866165085398947,1.1664329372949982,1.3904410143564434
2011-06-27,0.980889474652118,1.3538347356215863,1.0972399156370625,1.094941889433951,1.175261086863968,1.4024849900291125
2011-06-28,0.9935864034818858,1.3690621268986314,1.109565290395878,1.1075163673602835,1.1892025373281436,1.4199787344049137
2011-06-29,1.0018160362900757,1.3781599297591036,1.1170802306435084,1.1150538550796967,1.1978497777951118,1.4316940142344325
2011-06-30,1.0119536565929015,1.3906984745989193,1.127002747535655,1.1251717123855929,1.2094568706243705,1.4455444592098305
2011-07-01,1.0265355851161653,1.4104321161155378,1.142138449343713,1.1404244769382195,1.2261305625785852,1.465057652061081
2011-07-05,1.0251639796481335,1.4077273454613835,1.1405939127612545,1.1388727107911112,1.2244962854214372,1.463686052596374
2011-07-06,1.0261907680990623,1.408861942350216,1.1417954720301606,1.1400670504757306,1.2254765850567464,1.4639028486834957
2011-07-07,1.0369184086311531,1.4235813672192559,1.1530356848683532,1.1512485164388662,1.2378009926215305,1.478510223524516
2011-07-08,1.029700239073132,1.413128772298805,1.145124694808012,1.1433132576210303,1.2294293192311887,1.4688987501377966
2011-07-11,1.0110724575491938,1.3883923295084084,1.1262491187955253,1.1240395987786016,1.2079349661653862,1.4423812033356
2011-07-12,1.006589836326856,1.382515975036764,1.1217265808120058,1.1193055448197715,1.2030515411876175,1.4359999754954993
2011-07-13,1.0097161772819225,1.3865313736499654,1.1251771960964063,1.1226525612148297,1.2060758233656506,1.4411144125584803
2011-07-14,1.002934775945565,1.3783236438340187,1.1189117284264887,1.1163901792772912,1.1996404121820867,1.4321246997836368
2011-07-15,1.0085054864218723,1.3851444437633782,1.1236903459495584,1.1214597288531798,1.2053340511836346,1.4400548752362068
2011-07-18,1.0003065040152026,1.373346072916203,1.1153950000765194,1.113233164300507,1.19675193411765,1.429545122124176
2011-07-19,1.016620180224361,1.3951815878334823,1.1315606420903348,1.1299774212541425,1.2147739392521122,1.4516065338390558
2011-07-20,1.015938208790535,1.3939715905977406,1.1302676844157258,1.1287876078922698,1.2135148406887655,1.4481459409175061
2011-07-21,1.029700239073132,1.4087451352808469,1.1431342340238135,1.1415703292574313,1.2281259205932977,1.46756654527994
2011-07-22,1.0306350763194998,1.409579385391914,1.1437679788413069,1.1423690173440773,1.2288268909800637,1.4682823680031427
2011-07-25,1.0248191626310306,1.4064709315042936,1.1392390213925252,1.1374901541843327,1.2227583953465284,1.4624886848897567
2011-07-26,1.0206123950223749,1.4024990002316031,1.135425985067438,1.1338279982335289,1.219132106685069,1.4541386316411922
2011-07-27,0.9998850609942991,1.3847981550763966,1.1170038597565037,1.1158797810448498,1.1984866352877204,1.430319326715758
2011-07-28,0.9966514436339117,1.3821481332956955,1.1140334324052321,1.1131246719777905,1.199157278015447,1.4366172283124512
2011-07-29,0.9902225219150372,1.3721083544820594,1.1056775164742485,1.1046914318214607,1.189352565578783,1.4245279374578073
2011-08-01,0.9861306933120826,1.3574021513624646,1.0978756887103585,1.0957325547601602,1.1770080328115982,1.410306141330505
2011-08-02,0.9609284006620487,1.3340582210300649,1.0745179569770686,1.0731262745007173,1.1541719828833663,1.3765515310688432
2011-08-03,0.9657481763011097,1.3353779235170895,1.0786374426331184,1.0760762850419483,1.1550174639237147,1.3797327033147795
2011-08-04,0.919565683810458,1.334501960353817,1.0504582404795382,1.052588129624069,1.1494851096607115,1.3984330059284518
2011-08-05,0.9190369643842335,1.3529508649823203,1.0560438054030843,1.0579229421628626,1.1380281380749473,1.3717409418039315
2011-08-08,0.8577974621467542,1.3891230679257582,1.0251551107534236,1.0459501760092689,1.1952318127646462,1.509180645023899
2011-08-09,0.8984628823637589,1.3415568174679167,1.0352059567851366,1.0355951003983908,1.116979607794013,1.3451209330934504
2011-08-10,0.8587936001961626,1.3765364846044725,1.0191398389899269,1.0329671090206394,1.1394644726263101,1.4164568809980491
2011-08-11,0.8985471709679399,1.4139835987208305,1.0565504858904866,1.0658484757493836,1.1393270520083665,1.3802367368795647
2011-08-12,0.9032749954024398,1.4195345533753134,1.0606982758802528,1.068043177737141,1.1221307469887372,1.350704866675403
2011-08-15,0.9229525531784467,1.393990253959025,1.0680779643050757,1.0636744159509874,1.1151521135884839,1.3380458970789029
2011-08-16,0.9139643229326304,1.406175302271383,1.0637700828278012,1.0639250472242414,1.1010175317182718,1.3313958906316392
2011-08-17,0.914830196775578,1.3747674073359741,1.0591402742568876,1.052623385415743,1.103210025962872,1.3289974237623103
2011-08-18,0.8740345123521119,1.3287090923829867,1.0194900137559517,1.0139777785791224,1.0632131593498848,1.2830950614818026
2011-08-19,0.8609161405014406,1.3167315541404405,1.0071337519322314,1.0018048165689957,1.0506038626220193,1.2662870087685687
2011-08-22,0.8611383559124625,1.3201664632793366,1.0089544504380665,1.0038390994784485,1.052302997370598,1.2678692526161586
2011-08-23,0.8906623551768529,1.3525598741564855,1.040206320389391,1.0335812830704094,1.0821188591886526,1.3025471088698106
2011-08-24,0.9023478207564519,1.3675055819872557,1.0529284697612735,1.0463216236009196,1.095669875423717,1.3197875672527202
2011-08-25,0.8883022742597929,1.3530399732702882,1.0382445677008507,1.0324596471431193,1.0824552448492655,1.304057935541798
2011-08-26,0.9017348127260468,1.3672588024283374,1.0520003600900358,1.045421796950521,1.0939564075917945,1.3183858976164322
2011-08-29,0.9272359467909029,1.3936672797376521,1.0780713907432151,1.0701265369335722,1.1189446631789806,1.3466874091922167
2011-08-30,0.9294121252988415,1.398900474753256,1.0819546779446798,1.073896058117433,1.1217137528152117,1.348881965554733
2011-08-31,0.9339866977257404,1.4026018866053196,1.086134923996913,1.0777939168662276,1.1263258421956235,1.354883283574888
2011-09-01,0.9228989149757864,1.3861062667908393,1.074102820638616,1.0657559032653185,1.112846139916423,1.3386864600133694
2011-09-02,0.8995662968184884,1.3562718536786504,1.0503760988718878,1.042397682124899,1.0873697273150948,1.3075200064179138
2011-09-06,0.8928768466866916,1.3496458126690354,1.044592260897669,1.0371541616822768,1.080886419023074,1.2989200729027517
2011-09-07,0.9184546067553485,1.379494339014475,1.0707453523424584,1.0620572799659793,1.1077774640387286,1.3324787104937577
2011-09-08,0.9087077790719059,1.3665458537834194,1.0611191120568861,1.0526816921379514,1.0971227525949159,1.3186534453331527
2011-09-09,0.8844403236682401,1.345964017186381,1.039203054004126,1.033292809053952,1.075060792962321,1.2908549938226312
2011-09-12,0.8906010543738123,1.3502513082984335,1.046631045816715,1.0399448310040775,1.0796697019519386,1.2981851815377297
2011-09-13,0.898723410776681,1.3581221801263144,1.05576941382095,1.048471284730489,1.0881480806923982,1.307803693454528
2011-09-14,0.910837981977564,1.3659454959366044,1.067050063476958,1.058346505902235,1.0993244739353742,1.3215159317046086
2011-09-15,0.9264926745540366,1.3825833407080212,1.0812810244058109,1.0708732845109454,1.115543111014039,1.3420830032184756
2011-09-16,0.9317798688162815,1.3897840448362595,1.0855432064026458,1.0747534965504506,1.1212759930215228,1.3491092131484244
2011-09-19,0.922646049163244,1.3750867098411637,1.0777439329238947,1.067477890807223,1.1109314232138983,1.337043013612052
2011-09-20,0.921113529087231,1.3705893678420638,1.0754709383589394,1.0648700203817782,1.1082800741414718,1.333084069196914
2011-09-21,0.8940415619444616,1.330091871094898,1.0506641304956466,1.0429185351004404,1.0798154311885804,1.2981789996994246
2011-09-22,0.8655366885306198,1.2914625605827221,1.018510641978037,1.011350133861477,1.0475648106228757,1.2601771623296323
2011-09-23,0.8708008949917244,1.2998334167168248,1.0248547179819272,1.0176584776656183,1.0543357563347207,1.268215673137265
2011-09-26,0.8911221111996568,1.3274087545258857,1.047983319942966,1.0403464108085205,1.077282842316549,1.2957356897164194
2011-09-27,0.9006467234720777,1.3401585804193363,1.058762610641598,1.050973915188952,1.0879535880662856,1.308045559008124
2011-09-28,0.8820112793477596,1.3158497441958026,1.0380755200015164,1.0307083111136064,1.067607469912019,1.2843296620609819
2011-09-29,0.8891681481027403,1.3246127040366906,1.0459773827970402,1.038334859050477,1.0749263926326296,1.2923796775778529
2011-09-30,0.866961932201312,1.2956927716402504,1.0214802561990275,1.0144799421976822,1.050603354396981,1.26357461631054
2011-10-03,0.8422960215778827,1.2638064601052743,0.9941703679146738,0.9879001630508959,1.0239268144351472,1.232011900180432
2011-10-04,0.8612379697174034,1.284038988579984,1.014716931019248,1.0075278857046026,1.0426004782082605,1.253912308320734
2011-10-05,0.8766244712805737,1.3033456790457498,1.0316699646372356,1.0238837821331046,1.058892675519087,1.2733402952732364
2011-10-06,0.8926699564764299,1.3262302102970718,1.0501473457933166,1.0420552231008278,1.0775303068276612,1.295180681906719
2011-10-07,0.8853828235149881,1.3148648344132128,1.0416286146298157,1.0335528376744463,1.0683283044636087,1.284219499175566
2011-10-10,0.9155964568135844,1.3567946742200285,1.0755716920514513,1.066816769452778,1.102841091097054,1.3257511812766312
2011-10-11,0.9160945258382885,1.3569536603379642,1.0760693165689783,1.067292707929582,1.1032049041004852,1.3261344955438505
2011-10-12,0.9250674308833446,1.370043401326333,1.0855658925115337,1.0765093742527736,1.1133500449548426,1.3384291671552284
2011-10-13,0.9223165573469014,1.3657785418830677,1.0822821450243096,1.073277704406823,1.1099576592021343,1.334258082450996
2011-10-14,0.9383467173419973,1.3891223048134849,1.1000800245788647,1.0909961177822967,1.12882942835521,1.3572516094389153
2011-10-17,0.920171029240483,1.3622170027064024,1.0805683420889607,1.0717678866462128,1.1078608381620245,1.3318845329798326
2011-10-18,0.9389597253724026,1.3900297349014135,1.1016489607772502,1.0924788695255594,1.1300203292953945,1.3586970883173117
2011-10-19,0.9270826947833019,1.3723518934787735,1.0889859711539795,1.0800987696199191,1.1165072919134742,1.3419972276916579
2011-10-20,0.9313047875927176,1.3786714767141264,1.0939540920889745,1.0850593115379792,1.1213796359832817,1.3483268717428487
2011-10-21,0.9488214920615462,1.4017471200491272,1.1132924478972928,1.1039486530762936,1.1408146669065782,1.3717235504071952
2011-10-24,0.9610356770673697,1.4184254551970883,1.1267350091594113,1.1172420218510717,1.1545022792058244,1.3884148956689313
2011-10-25,0.9417718997118862,1.3916665761343654,1.1052001748759208,1.0959213709799949,1.1325085162765955,1.3620048527998623
2011-10-26,0.9516949672040704,1.4047685321904984,1.1160342887461252,1.106550243446989,1.143605748966723,1.3743400750365558
2011-10-27,0.9843299822227671,1.4511208550832166,1.1526353585804079,1.142922522636534,1.1812665386522083,1.420474827470441
2011-10-28,0.9847131122417704,1.4515842550407494,1.153004059037048,1.143373967322676,1.1816161824773859,1.4204985530525993
2011-10-31,0.9603537056335438,1.4175218949325294,1.125927458947601,1.1165956800509635,1.1545105937463163,1.389141205999293
2011-11-01,0.9335192791025563,1.3814286363276487,1.096618156256647,1.0878006192458847,1.1248587869773943,1.3531939243553825
2011-11-02,0.9485533010482439,1.4015539211269392,1.1134690578875763,1.1042313252957867,1.1414738857374804,1.3727973152924715
2011-11-03,0.966368846931895,1.4260788072558626,1.133393134617024,1.1238096134885311,1.1615178682550367,1.396189512139919
2011-11-04,0.9603000674308835,1.4170392588057406,1.1264721969519254,1.1169068921062302,1.1542456395520289,1.3880698782475027
2011-11-07,0.9663458591307545,1.425237682901481,1.133408175779236,1.1236945236868412,1.161225790031318,1.3963738559032604
2011-11-08,0.9776865076932509,1.4409321199987137,1.1456709133648106,1.1358620639028232,1.1738347158198024,1.4116827779144994
2011-11-09,0.9418102127137866,1.3931357221840297,1.107635813062923,1.0983269581379695,1.1351860635956275,1.3651043810151686
2011-11-10,0.9499325691166555,1.400860908123128,1.1153535644422885,1.1054103806397446,1.1423832390342543,1.37329278208158
2011-11-11,0.9684377490345124,1.4270069981785722,1.1359906011015617,1.1259461955581351,1.163344829152559,1.3983306260306778
2011-11-14,0.959188990375774,1.413081876298285,1.125500502831039,1.115312277362009,1.1525721669496416,1.3858172222868659
2011-11-15,0.9638095384049532,1.4196856153548196,1.1307497726440618,1.120434432379696,1.157999515917197,1.391944146892553
2011-11-16,0.9477947036106175,1.395996629136787,1.1131316625157894,1.1026314728843793,1.1396207518112116,1.3692816487811754
2011-11-17,0.9318718200208425,1.3732429142282887,1.0951486404793649,1.0847386051570331,1.1208332338276246,1.3473610125836266
2011-11-18,0.9315040152025993,1.3706265107178244,1.0938774876126087,1.083354010463701,1.1190565946009257,1.34419055542529
2011-11-21,0.914132900140992,1.3449194258588826,1.0737999151212168,1.0632761844507712,1.098272764466274,1.3199045783085357
2011-11-22,0.9103475755532399,1.3388733682250176,1.0689541385650079,1.0585216251522618,1.093146593345213,1.3138546831736273
2011-11-23,0.8902332495555692,1.3103093703566457,1.0462422812143033,1.0360387365657724,1.069825805071398,1.2849615030470958
2011-11-25,0.887842518236989,1.3073042644808077,1.0438451272469147,1.033586782895941,1.0669327512609525,1.2811237737342436
2011-11-28,0.913803408324649,1.3426084562851262,1.0726049021839803,1.0618728521611238,1.0963497906746034,1.3167753642022353
2011-11-29,0.9158263348249864,1.3451576300392598,1.0745795321083633,1.0638443598672676,1.0983988723356055,1.3192268518581505
2011-11-30,0.9554956169925827,1.401881331319082,1.1195764438489486,1.1085327672036236,1.1448898172816593,1.3762506227085878
2011-12-01,0.9536719181021273,1.3990424653394875,1.1171719675021663,1.106155538361084,1.1424859004074188,1.37298594596145
2011-12-02,0.9534420400907252,1.3988717634351973,1.1168658083972893,1.105892932545534,1.142319684324321,1.3722405672857363
2011-12-05,0.9632501685772084,1.4128303437939098,1.1281116511505727,1.116991046566896,1.1537931784486333,1.386526268852724
2011-12-06,0.9643152700300375,1.4143081813293692,1.1293305315507711,1.1182040557709705,1.1549914698582417,1.3876423963144882
2011-12-07,0.9662615705265739,1.417077438018537,1.1318121789240825,1.1205730763141237,1.157395959578097,1.3906476298349324
2011-12-08,0.9458330779133207,1.3875544506185384,1.108480567433257,1.097395908631344,1.1333268264660366,1.361717775673639
2011-12-09,0.9618019371053763,1.4102093544343006,1.1261252097444427,1.1150665450605115,1.1517595665024407,1.3844859595547525
2011-12-12,0.9474575491938945,1.3889380130371733,1.1094120582174165,1.0983774449169026,1.1347501768064596,1.3638454525677794
2011-12-13,0.9392279163857047,1.3767110919672747,1.09974640961791,1.0888094710783989,1.124755381205243,1.351808059090341
2011-12-14,0.9285692392570344,1.3610905362714387,1.0873357939230204,1.0765329248687154,1.1120795275658846,1.3364864316510985
2011-12-15,0.9315806412063998,1.3655038205190762,1.0904705694409518,1.079736905830939,1.115533281328055,1.3403795789738575
2011-12-16,0.9345767179550053,1.3697284552137814,1.0938148574425837,1.0830384760541656,1.1191177276935012,1.3446656305162572
2011-12-19,0.9236115368111323,1.3536587102815447,1.080760953161786,1.0701424364451526,1.1057011493931292,1.3286959429778464
2011-12-20,0.9511585851774659,1.3940295929030617,1.1125584265447224,1.1017647800788855,1.1385088603810483,1.3685017209393489
2011-12-21,0.9530129344694417,1.3966640927408256,1.1143595880464572,1.1036860908125845,1.1406886919254695,1.3705794866749454
2011-12-22,0.9608900876601484,1.409362509387533,1.1237794615263803,1.1130117277366998,1.1487553681061822,1.3835079858577721
2011-12-23,0.969571813890762,1.4238631032580216,1.1350869064943534,1.123652246032762,1.1592012918117771,1.4004373876272478
2011-12-27,0.9696484398945627,1.4220697359933825,1.1339182056090173,1.1228259349643863,1.1578662296286142,1.393693588367782
2011-12-28,0.9575491938944403,1.4118160513922822,1.1231728039669842,1.1127844677851653,1.146539262758985,1.3776091630682652
2011-12-29,0.9678017532029671,1.4222472461397362,1.1330288965290973,1.1225548363607987,1.1559156240757686,1.3916354013920025
2011-12-30,0.9636486237969718,1.418760986937965,1.1290222961795569,1.1178511577162966,1.1512319768532502,1.3885776634786562
2012-01-03,0.9785600441365783,1.431190226556361,1.1430448849431685,1.1323743747106199,1.1684261204337971,1.4086659855145254
2012-01-04,0.9787439465456997,1.4282828084571715,1.141692746348332,1.1309352678701488,1.1681687502937663,1.4072145963225502
2012-01-05,0.9816250842886043,1.4305584218904686,1.144021797130231,1.1331281773071464,1.1715827820588127,1.415314204637403
2012-01-06,0.9791347391650832,1.424723290264883,1.1401468723937813,1.1294881014002272,1.167205963134234,1.4071999212277386
2012-01-09,0.981349230674922,1.4269839577752246,1.1420861709027468,1.1310638451745518,1.1700676893073365,1.4103528535351115
2012-01-10,0.9900692699074358,1.4386833262235463,1.151438426213717,1.140571025033971,1.1792123660915608,1.4221971317845425
2012-01-11,0.9903757739226384,1.4391280235675832,1.1520726608700729,1.1406281220728618,1.180288491410342,1.422062448885644
2012-01-12,0.992689879237418,1.4412157939884955,1.1541272735200643,1.1432812921387219,1.1811294647777386,1.4253572085978465
2012-01-13,0.9877781523937963,1.434089519050307,1.1488977217112062,1.1381404218110363,1.1767351276959206,1.4183640265596942
2012-01-17,0.9912876233678664,1.4385464563052959,1.1528206039993651,1.141918840078523,1.1799431350317042,1.4239317900436161
2012-01-18,1.0022987801140195,1.454204784734524,1.1645597529640468,1.1531788037154587,1.1910105485299944,1.431614126086807
2012-01-19,1.0072488199595415,1.4594180396321639,1.1696017558898677,1.1578463412976365,1.1953391548576948,1.4368241993620767
2012-01-20,1.0079231287929875,1.4584898018599841,1.1691002424591523,1.1578460290633972,1.195501874044626,1.4377777040153343
2012-01-23,1.0083982100165514,1.456643137479465,1.1685768203249933,1.1571801191482922,1.19566375440081,1.4372564797018217
2012-01-24,1.0073637589652427,1.4548411612986925,1.1670256233203544,1.155252915091366,1.194213298898333,1.4375832345835355
2012-01-25,1.0161067859988966,1.4661347768924817,1.1756330663777543,1.164039137417388,1.2030039606970502,1.4463672538313264
2012-01-26,1.0102602219089072,1.458053133007082,1.1693791687698578,1.1577441359743705,1.1967566201336213,1.4410824644612832
2012-01-27,1.0086510758290934,1.4551095554477154,1.1666606783448963,1.1555468700077138,1.1944666233607846,1.4376140439467933
2012-01-30,1.0061070925029119,1.4514554773717656,1.164218943700012,1.1522448862660408,1.1925014297597059,1.4352097426196295
2012-01-31,1.005647336480108,1.4501628387021355,1.1633820155221568,1.1510805561139377,1.1921941060659884,1.4333666141277377
2012-02-01,1.0145972537240238,1.4611213609360574,1.1725887376550583,1.1605261807181637,1.2012281527150326,1.4430396918699087
2012-02-02,1.0157083307791333,1.4620850054157335,1.173016742914929,1.1614616843207193,1.2023016881137911,1.444014301650327
2012-02-03,1.0305431251149393,1.4821285975019838,1.189657844662943,1.1779206153864359,1.2197532833076272,1.4655879098634166
2012-02-06,1.0301063568932753,1.4811851091670156,1.1889880973770146,1.17729506233567,1.219239470845825,1.464970298894829
2012-02-07,1.032190584196653,1.4835465487617643,1.190821866568282,1.17941293380894,1.2206638092831126,1.4673209892543804
2012-02-08,1.034420400907252,1.4873816331331597,1.1939553138167798,1.1824650052229548,1.223917492195321,1.4710705616196464
2012-02-09,1.035945258382885,1.4902041416521836,1.196749097059625,1.1851524322905176,1.2265753950965512,1.4750162999827918
2012-02-10,1.0288113774290446,1.4809057087587283,1.1901382462812318,1.1783958511190586,1.220308261203195,1.466718171864586
2012-02-13,1.0358073315760437,1.4881092401388336,1.1966254536782583,1.1852660289607335,1.2262496665663847,1.4730317473269146
2012-02-14,1.0348341813277755,1.4867114452121903,1.1962377691044377,1.1847781090459968,1.2263659261095743,1.4740416902912599
2012-02-15,1.0292634708514683,1.4783937632403943,1.191747074413261,1.1803482810734731,1.2182712559076614,1.4637784179893711
2012-02-16,1.0406117820143446,1.4906532765494291,1.2029880220502873,1.1914549951331959,1.230786006327578,1.4792140128671747
2012-02-17,1.0430561515355852,1.4931597245083195,1.205750882373702,1.193969429117522,1.2322966781757152,1.4802701201427777
2012-02-21,1.0438070863728315,1.4930157535966653,1.2065641631840667,1.1948079328789638,1.2325868236846649,1.4792672584220996
2012-02-22,1.0403206031999022,1.4858767477235209,1.201004554465786,1.1889469225875458,1.2261421790218827,1.4727862950207147
2012-02-23,1.04476491142034,1.48953058572747,1.2042164312404737,1.1920906661024215,1.2295709462006474,1.4780135454511485
2012-02-24,1.0465119843069945,1.4934690764491714,1.207544577814343,1.1952783969499312,1.2320145838518346,1.4810154584080644
2012-02-27,1.0479295653773064,1.4954848728335393,1.2094216938757096,1.1971484640180632,1.2338594096875595,1.4825234005947938
2012-02-28,1.0514466989517564,1.4995167883265461,1.2126115912777944,1.2001927687382745,1.237594025747584,1.4874753116667514
2012-02-29,1.0464660087047142,1.4926766201844675,1.2070995075443738,1.1948311617216196,1.231554619232465,1.4809507275443785
2012-03-01,1.0529102556243486,1.5001438042994366,1.2131659841456792,1.2008560551748686,1.238516174771668,1.4889937706905545
2012-03-02,1.0494927358548398,1.4952841005836088,1.2096279852746776,1.197343066815512,1.2347049094920788,1.4836941837130027
2012-03-05,1.0454315576534052,1.4887820372626406,1.2046954916994146,1.1924724238180548,1.2295496086105344,1.4779762907540972
2012-03-06,1.029363084656409,1.4685986689068726,1.188483504182329,1.1761610744861235,1.2121032507234684,1.456382920143044
2012-03-07,1.0364663152087294,1.4786994432220582,1.1946600925000606,1.182389956033268,1.2192375347919429,1.465841698445629
2012-03-08,1.0466422485134557,1.490018917091535,1.205441942357592,1.1929409695683646,1.2301754502936122,1.4786508038446755
2012-03-09,1.0504428983019678,1.494938711395653,1.2092007738904802,1.1968225265894052,1.234232621241939,1.4834597483583842
2012-03-12,1.0506114755103293,1.49469370847712,1.2084870470178954,1.1961419254681,1.2336373164241068,1.484239235076209
2012-03-13,1.069660700055171,1.521296934104864,1.2297583769489577,1.2173111460838812,1.2557657770345863,1.5116015297335177
2012-03-14,1.0683810457916998,1.5194772692605967,1.228891173120158,1.2164704172487015,1.254662702814487,1.5092577138907395
2012-03-15,1.074756329307914,1.528542904891917,1.236034570224722,1.2235592806780238,1.2623266215533995,1.5176915867708487
2012-03-16,1.0759593575675843,1.530253607769462,1.237263110736746,1.2246748218787675,1.2635429509430411,1.5193853777039585
2012-03-19,1.0802350885796606,1.536333685512583,1.2414289628436406,1.2290713798577144,1.2681568209348941,1.525947488244374
2012-03-20,1.076993808618893,1.5317245943202171,1.2375067941570774,1.2252371661441281,1.2647551182811145,1.5214381763447893
2012-03-21,1.074978544718936,1.528616534954694,1.2345638007103723,1.2222603224105055,1.2610206643242172,1.514534755591496
2012-03-22,1.0672316557346901,1.5177106406673957,1.226096848806409,1.2140787789924927,1.2530129646417327,1.5054121444122048
2012-03-23,1.0705495616992582,1.5164161806923637,1.226573791707043,1.2147339520465512,1.2544759961602436,1.5083571716195197
2012-03-26,1.0854150064365844,1.5339879163210708,1.2403972671971195,1.2275702503729689,1.270503466139539,1.527408806841145
2012-03-27,1.0823576288849384,1.5337849761711395,1.2390711104536756,1.2260771597507392,1.265551691834457,1.5281927992707085
2012-03-28,1.077009133819653,1.526628319300993,1.232944881733423,1.2203407041318697,1.2607826398698823,1.521854549473132
2012-03-29,1.0752773861337583,1.5219534047538192,1.2303106325639654,1.2179386924936186,1.25877150026923,1.518878153817401
2012-03-30,1.0792542757310122,1.5260606459709087,1.234058110498297,1.221267188873286,1.2633487925159796,1.5244251539583276
2012-04-02,1.0873536443327407,1.5367170867015718,1.2425185236981116,1.2302568349727656,1.271106481588056,1.5306737744241972
2012-04-03,1.0830166125176242,1.5306115118582377,1.2374953784919789,1.2251888217171578,1.2672648185260222,1.5296728939760447
2012-04-04,1.0719671427695703,1.516174819164714,1.2258226932365732,1.2131918268462125,1.2548859882672174,1.513700059018114
2012-04-05,1.0712928339361245,1.5152255425106265,1.2255011908832822,1.213128155316475,1.252949014336029,1.513320465814931
2012-04-09,1.0591246245325816,1.4992139139945464,1.2130183439102278,1.2004105198844062,1.2412078141046132,1.4974700192438966
2012-04-10,1.041033225035248,1.4800834193005246,1.195140877156447,1.1829396457064163,1.2228350633465852,1.47391879498127
2012-04-11,1.0487877766198739,1.4883902674755831,1.2026508876058397,1.1901020146543637,1.230192303868941,1.4791255227307296
2012-04-12,1.0632394409366763,1.5001598257362994,1.214945973900987,1.2023397859526308,1.2442968923787503,1.4976000130946763
2012-04-13,1.049975479678784,1.4829784556116465,1.2018679260922593,1.1896178457084061,1.2317776745257547,1.4852696515082675
2012-04-16,1.0494467602525592,1.480369970089787,1.2006512123989121,1.188895379868932,1.2304630870620699,1.4800446788234458
2012-04-17,1.0656991356586771,1.5006398616921777,1.2174062271752593,1.2057059328609556,1.2476479405311092,1.5010308166500472
2012-04-18,1.0613774290443205,1.4941830280028183,1.2127175010288722,1.2007999002515304,1.2386728471686599,1.489954413554371
2012-04-19,1.0550787715319072,1.4838481515518238,1.2049415916388457,1.1927881250113854,1.2307442662767152,1.4812008211184997
2012-04-20,1.0563124501930976,1.482765935528492,1.2049282887221662,1.1927880294209294,1.2312602813181504,1.4822058306723005
2012-04-23,1.0474314963526024,1.4725675707905272,1.1959779344259716,1.1833174576909198,1.2211960874999441,1.4692426638427627
2012-04-24,1.051285784343775,1.4748264088721994,1.1985223339288933,1.1862366820944925,1.2215326043146557,1.4739783667608963
2012-04-25,1.0656301722552566,1.4910827180083552,1.212350648213474,1.1997537442518869,1.2367416985779225,1.4905434201775998
2012-04-26,1.072748728008337,1.4991361168543813,1.2193574628818202,1.2064879359655052,1.2440569377266628,1.4997269683324148
2012-04-27,1.075338686936799,1.5024344535099516,1.2218994186615013,1.2089281858186645,1.247110746729236,1.5041245673435226
2012-04-30,1.0711625697296636,1.4969254888461756,1.2173066169070987,1.2043778098381768,1.2415730480386302,1.49699047001387
2012-05-01,1.0772236866302949,1.5044390002647754,1.2235617082457628,1.210562964886138,1.24818266535617,1.5040836226178425
2012-05-02,1.074534113896892,1.5003792558842666,1.2203315960358283,1.207300352134298,1.2450752074265554,1.5009665890918713
2012-05-03,1.0663044810887023,1.4898434852893012,1.2115047352195676,1.1986029697727651,1.2357635320275844,1.4895294135734702
2012-05-04,1.0490866180346963,1.467403398662114,1.1931616932580276,1.1800011599777505,1.2163251610015386,1.4656007977542451
2012-05-07,1.0494544228529394,1.4663595674629988,1.1926700610543814,1.1797499783127785,1.2165534977198296,1.4667327708218674
2012-05-08,1.0449641390302213,1.4594788847355658,1.1877096459596734,1.1745419618381396,1.2113655480139773,1.460492375241064
2012-05-09,1.037960522282842,1.450963099939554,1.1808327777343743,1.1677697292591267,1.2039250493484381,1.4513798762900114
2012-05-10,1.0405734690124442,1.4518031695118336,1.1822419698456688,1.1698227528856562,1.2067473610368469,1.4550112327628
2012-05-11,1.0370486728376143,1.447513239026752,1.1789502835523742,1.1664148602515636,1.2026749090493178,1.4488710000452991
2012-05-14,1.0255241218659965,1.4320740542394153,1.167436071131539,1.1549998870898528,1.190723776339452,1.4348058255190226
2012-05-15,1.0196315821737267,1.4219938959862815,1.1614726977805383,1.149480054108982,1.1857343852302387,1.4298980844827713
2012-05-16,1.0151412983510084,1.414801925251709,1.1572498519153924,1.1450662176413797,1.1800180334418575,1.4194006764730536
2012-05-17,0.9998620731931589,1.3996366680996533,1.1427083631557131,1.1314427643963771,1.1664158437674081,1.4029536219797365
2012-05-18,0.9924753264267763,1.3963901026179897,1.137784045619779,1.1272576367934917,1.1628015709646662,1.3988680078554763
2012-05-21,1.0083905474161712,1.403944072159492,1.1497328341495954,1.1377977395761623,1.1716249661857998,1.4085070177936663
2012-05-22,1.0088809538404955,1.40642137306366,1.1514014192534652,1.1394615565856516,1.1738832773845804,1.4118331571016425
2012-05-23,1.0105897137252497,1.4077501087914936,1.1527136777040776,1.1406353312158035,1.1748622515666596,1.4130156693120643
2012-05-24,1.0119843069944219,1.4071019491644239,1.1533785254907178,1.1409218531318415,1.1746992488139796,1.4135098330869214
2012-05-25,1.009792803285723,1.404078194506243,1.1510240009102253,1.1384771758975862,1.171970260164995,1.4096876937596197
2012-05-29,1.020980199840618,1.4153983576855993,1.161307009518828,1.1484738580687794,1.182713642951001,1.421935106089318
2012-05-30,1.006344633114694,1.4018929057123608,1.1488162660032806,1.1365278013420945,1.1706917550660711,1.4069704515022998
2012-05-31,1.0040535156010544,1.3992461818239506,1.146809909701527,1.1345113669276068,1.1677741955262004,1.4032075610350832
2012-06-01,0.9793109789738247,1.3694803810209235,1.122497764507481,1.110878725482258,1.14354785959932,1.3741678713077456
2012-06-04,0.9794182553791455,1.364998136872894,1.1206683534973538,1.1082433288812115,1.1401897505800258,1.3702046124113505
2012-06-05,0.9850272788573531,1.3675925222998961,1.124263188367661,1.1113349140728404,1.1433815362174746,1.3732657156545196
2012-06-06,1.0077315637834858,1.3942887827377786,1.1461683109585787,1.1329665835381222,1.1659063304256547,1.4021312555478904
2012-06-07,1.0076242873781647,1.3933690567571035,1.1456843431713475,1.1325772814484774,1.1653458336201805,1.4011942024957067
2012-06-08,1.0158002819836942,1.4033638038755032,1.1528712689108727,1.1397577359794346,1.1732825665702575,1.4121175236653076
2012-06-11,1.0029807515478455,1.3879910268971545,1.1423440087584285,1.1288766452236896,1.161278710996134,1.396146373298758
2012-06-12,1.0146662171274445,1.4020563004777506,1.1538390530935891,1.1403318551720707,1.1736681614464832,1.4117305311825978
2012-06-13,1.0075399987739841,1.393767231744394,1.1481072027749153,1.1343982721970598,1.1675950693946127,1.4038374718497868
2012-06-14,1.0184362165144363,1.4070007675203078,1.1572136170238683,1.1440691648814163,1.1775811089863177,1.416357726180659
2012-06-15,1.0289646294366457,1.4215274769620567,1.1675521759762209,1.1543945543044944,1.1888690537474076,1.4309316540503696
2012-06-18,1.0304511739103783,1.4220351350490323,1.16682656489435,1.1539128303438,1.1892801291600792,1.4316094262732855
2012-06-19,1.0405658064120642,1.4359909257790966,1.1781283726228242,1.1651517822292394,1.200287417710777,1.4442306068689783
2012-06-20,1.0388110709250291,1.4333125708212902,1.1752384640189542,1.1624950582664269,1.1973545598551738,1.4411257137850761
2012-06-21,1.015685342977993,1.416056764212002,1.1562507024708824,1.1449376497247306,1.1799265264320506,1.4181142787927086
2012-06-22,1.0229724759394347,1.4181926632408943,1.1610849518650705,1.1491408470903015,1.1822159269435806,1.4212600031775757
2012-06-25,1.0066511371298965,1.3978528043386202,1.1439403626510107,1.1320673757664663,1.1649612699411724,1.3990156610317475
2012-06-26,1.0114555875681972,1.3995292221802682,1.1468964099301178,1.134245395836105,1.1681741035684239,1.404927895157711
2012-06-27,1.0205434316189541,1.411291392956096,1.156524601554534,1.143071585313772,1.1776442147479385,1.4167229892053277
2012-06-28,1.018390240912156,1.4060699391781384,1.1528314898739382,1.1392752333193847,1.1727220805266299,1.4125648355952518
2012-06-29,1.0437687733709313,1.4335695612741675,1.1775192225180713,1.1642616142835436,1.1978467051035808,1.4441602995942207
2012-07-02,1.046335744498253,1.433492671879715,1.1778693350461462,1.1643631946616273,1.1996411124740929,1.4457986173367086
2012-07-03,1.0528566174216882,1.4417484498462863,1.1843940895060727,1.171006242319179,1.206416844017319,1.4559553934373182
2012-07-05,1.0479219027769264,1.435985061318167,1.179869487740032,1.1663142049300705,1.2007858710575623,1.4479770644191974
2012-07-06,1.0380371482866426,1.421505575392328,1.1684589866861426,1.1553631583123922,1.1899368592018402,1.4344012347747
2012-07-09,1.036336051002268,1.4188561833081623,1.1663301005548175,1.1537368917349242,1.1888957197700527,1.4332658673027934
2012-07-10,1.0279148531845768,1.4076788757265166,1.1576769499531765,1.1449239435908811,1.1801863143666707,1.4235872908525755
2012-07-11,1.0278995279838166,1.4063549305241458,1.1564639286892646,1.143277484980052,1.1786036575964924,1.4211643667755587
2012-07-12,1.022773248329553,1.3987011068642803,1.1506066290388337,1.1376628042662247,1.173654063330836,1.4141238783785284
2012-07-13,1.0396462943664564,1.420446083860058,1.1681708875860102,1.1552580742908076,1.191538270723198,1.4366112535540365
2012-07-16,1.037240237847116,1.4171594951431281,1.1653253918804474,1.1525278875443175,1.1885579587646924,1.4333067492839806
2012-07-17,1.0449258260283212,1.427657738719819,1.173541635235359,1.160848789373566,1.1970931615237628,1.4438622199300515
2012-07-18,1.0519064549745603,1.4368672798813373,1.181256967365109,1.168348942799198,1.2039630962786338,1.4498466775883312
2012-07-19,1.0547646049163244,1.4393639264122957,1.1835670538897405,1.1709487524392364,1.207775004330813,1.4513302714316496
2012-07-20,1.0441519033899347,1.4291176500025924,1.1740686849389388,1.1612048518643223,1.1964578823376515,1.4368490197236177
2012-07-23,1.0348495065285355,1.425090751833739,1.168425525046194,1.155876919500812,1.1909646902298978,1.4314049397001156
2012-07-24,1.0254934714644761,1.4189386495016096,1.1617566084965327,1.14946395591572,1.1838369123073944,1.4210548457158836
2012-07-25,1.0251716422485138,1.4123454362387642,1.1579368014083742,1.145477710254821,1.1802796631877548,1.4169910868209306
2012-07-26,1.0421289768895972,1.4243293685940421,1.1711286171006987,1.1582333932266773,1.191962357342508,1.4352968999629347
2012-07-27,1.0620134248758661,1.447798098998837,1.1915600260974963,1.1780872181695499,1.2140214390289357,1.4618255394155015
2012-07-30,1.0615000306504017,1.4491565006091358,1.1919166596188773,1.1785159789669235,1.2136757789636947,1.4611250023292648
2012-07-31,1.0569177956231226,1.4443283656049926,1.1874757073205595,1.173359442969847,1.2087196839939713,1.4554765503575209
2012-08-01,1.0538527554710968,1.4384729393949087,1.183169177081406,1.1687571472405072,1.2033918177198302,1.449481931002918
2012-08-02,1.0459449518788697,1.4233317279931024,1.1723304629434876,1.1583186465371156,1.1936220362136691,1.4380874661621048
2012-08-03,1.0658600502666584,1.445473462495156,1.191836592551327,1.1781668549244328,1.2146703901664464,1.4628456205123406
2012-08-06,1.0683427327897996,1.448488695716871,1.1935218940753243,1.1797246933288954,1.2164380792869247,1.465025086737378
2012-08-07,1.0737985042604057,1.4565507863448315,1.2001670665157733,1.1860561460091121,1.22238398554235,1.4724696002508213
2012-08-08,1.0744651504934717,1.456083850527479,1.1998401827711997,1.1859138576660522,1.2223299805584007,1.4721710473205316
2012-08-09,1.0749095813155152,1.45600063415075,1.2000601721539899,1.1862199948537642,1.2228335686132115,1.4727774824101099
2012-08-10,1.0772619996321953,1.4581554880014127,1.2020785435297552,1.1885351982840389,1.2260724281037958,1.475987406073912
2012-08-13,1.0759133819653037,1.4559896340165488,1.2005440775728868,1.1872020606194458,1.2237349117678595,1.4741471892503641
2012-08-14,1.0757754551584626,1.4564873373779603,1.201170735977126,1.187715083590476,1.2243880128859805,1.4739589852570467
2012-08-15,1.077001471219273,1.457461062812173,1.2024705820986326,1.189063198164839,1.2260132925580556,1.4768401152967654
2012-08-16,1.084648746398578,1.4671182904990248,1.2106982473932952,1.1969899314523575,1.2346784801218693,1.4860667754937986
2012-08-17,1.0866793354992952,1.4698642667725492,1.2124111033784069,1.1991010431740687,1.2367432853341838,1.4894416592438462
2012-08-20,1.086656347698155,1.469833180248698,1.212494591638679,1.199197469067877,1.2367172376761764,1.4900143948289828
2012-08-21,1.0828556979096429,1.46469354163863,1.2085749472257368,1.1951400167843484,1.2324106915522768,1.4854324318826493
2012-08-22,1.083100901121805,1.4646830199486272,1.2090129845715378,1.195502321415888,1.2329695704587396,1.484558811285019
2012-08-23,1.0743578740881505,1.452978011122928,1.1999711259196268,1.186661417840279,1.2223285677975386,1.4742345080004564
2012-08-24,1.0812925274321095,1.4587930158790665,1.2061057283376944,1.1926849604110683,1.2295444674776952,1.479795626004629
2012-08-27,1.080763808005885,1.4580851757309743,1.205313589896949,1.1915514824223905,1.228349247595609,1.4786383110773393
2012-08-28,1.0798902715625576,1.4573011432409273,1.2044515889226737,1.1904884919344192,1.2267996729241029,1.478442672349952
2012-08-29,1.0808021210077854,1.4585219110325647,1.2057545048422609,1.1917085464969854,1.2280841831662928,1.4786902998860034
2012-08-30,1.0723655979893338,1.4487690163085816,1.197121438035307,1.1831549165114472,1.2197408087255215,1.4666925274757407
2012-08-31,1.0778060442591797,1.4525836023359264,1.2010634901048962,1.1868338573078656,1.2227725685344515,1.473525101891341
2012-09-04,1.0765493777968493,1.4485885421442626,1.1984804344381437,1.1845041711355766,1.2201576021879301,1.4697304899948296
2012-09-05,1.0753999877398395,1.444737101692792,1.1958166412368663,1.1817149721516251,1.2182628953156822,1.4681708257349066
2012-09-06,1.0973763256298659,1.4714605312684672,1.2174700938007312,1.2029008579731824,1.2407181090181743,1.4949125212857606
2012-09-07,1.1018206338503036,1.4762541631731727,1.2213063643138355,1.207242505764745,1.2451274234078862,1.4994036806232924
2012-09-10,1.095046895114326,1.4675710453171442,1.2147753938285153,1.200954273770137,1.2390347245920152,1.49274130768166
2012-09-11,1.0984797400845951,1.4717814341214592,1.217988436606337,1.2043047273985978,1.2429034938361545,1.497399504937963
2012-09-12,1.1007785201986147,1.4740881141328788,1.2197660865733382,1.206145773479282,1.2442954671149558,1.5005188334578083
2012-09-13,1.1187319928891069,1.4981239035094025,1.2387402300597767,1.2250933226655003,1.2636725559633524,1.522351540767623
2012-09-14,1.1231609759087844,1.5040533470687838,1.2440947346011588,1.2302242311342158,1.269862679525896,1.5308906954793715
2012-09-17,1.1196515049347149,1.4993549298539108,1.2399691923403846,1.226233194973289,1.2655650623120882,1.5261285206057407
2012-09-18,1.1182185986636426,1.497436580467052,1.2380424854631689,1.2242666491940435,1.263607705065159,1.5241841391617033
2012-09-19,1.1195442285293937,1.4988258672031516,1.2392380592297791,1.225383133537931,1.2642796920339952,1.522354030340516
2012-09-20,1.1189388830993687,1.4985403817791605,1.239264781936277,1.2254213030862136,1.2636029231710955,1.520814184052074
2012-09-21,1.118854594495188,1.4963613196897596,1.238279411115564,1.2243421871130813,1.2635086895319576,1.520700714729392
2012-09-24,1.1163565867712868,1.4909831291198024,1.2342938238019756,1.2209412485466817,1.2583278629966477,1.5153443376809084
2012-09-25,1.1046328081897874,1.482163373195965,1.2250172794312362,1.2108403923647184,1.2471874779644678,1.5015553453750998
2012-09-26,1.0982958376754737,1.477899081101245,1.2203461262517503,1.2055888583644903,1.2413671012708194,1.49447437630758
2012-09-27,1.1088932140011036,1.4805743797002298,1.2266800430760934,1.212480241507717,1.2484386720896277,1.5052971449270933
2012-09-28,1.1039278489548214,1.4760606593111252,1.2221938765535632,1.2079541085453707,1.242185076538045,1.4986127702818446
2012-10-01,1.1068549623000061,1.4809739120601615,1.2259178850728027,1.2111259054957924,1.245457553824472,1.5025532503967907
2012-10-02,1.1078204499478943,1.4796693815005988,1.2253297375160612,1.210570292688722,1.2459750551080087,1.5025843614580072
2012-10-03,1.1118356525470485,1.4829237619392712,1.228565061791147,1.2135462491763294,1.250464003008762,1.5067209990162267
2012-10-04,1.1198124195426962,1.4898782688896142,1.2356611684435905,1.2213355132857433,1.2588200300646022,1.5167343926393286
2012-10-05,1.1194522773248332,1.4883672652002127,1.2345415337054537,1.2202511492023373,1.257715017783076,1.5169744996294632
2012-10-08,1.1155826641329003,1.4827216653883046,1.2298264176117675,1.2151503755649997,1.2538102636091124,1.512308924077919
2012-10-09,1.1045485195856066,1.4696475819439656,1.219114891377684,1.204275083829845,1.241755174686166,1.4981796886593632
2012-10-10,1.0977134800465886,1.4595547858504105,1.2113947732921937,1.1973225345818506,1.234113683221525,1.4889783581291753
2012-10-11,1.0979280328572305,1.4577718071034724,1.2099216240125243,1.196019956261932,1.2340725995569453,1.4872736303139733
2012-10-12,1.0946714276957028,1.4534555209830402,1.2066596296984442,1.1930250607388855,1.2304317544084336,1.4836145187610463
2012-10-15,1.103514068534298,1.4631081613478896,1.2153743162223754,1.2014455658109602,1.2405986709331094,1.495518482249653
2012-10-16,1.114847054496414,1.4781288370469932,1.2271247686661546,1.2130985252025888,1.2527069098306138,1.51005001799408
2012-10-17,1.119436952124073,1.4836954249883294,1.231046113667252,1.2174580756292963,1.256152653528257,1.5118793554090524
2012-10-18,1.1167014037883896,1.4805423820295218,1.2288911566039273,1.2148644557090642,1.2541372438733502,1.5190208868356758
2012-10-19,1.098196223870533,1.4619339412781918,1.2122648118821426,1.1986646845379834,1.2393486936922857,1.496726053488056
2012-10-22,1.0986789676944768,1.4608218445647214,1.211314169835101,1.1972545520137516,1.234395125656625,1.4855644549920528
2012-10-23,1.0828097223073623,1.4522178328972624,1.2003247085019233,1.1857145356405492,1.2200225508054665,1.478601097296447
2012-10-24,1.079468828541654,1.4434703012025845,1.1943020862057194,1.1797727034950232,1.2155667395898944,1.461607102646219
2012-10-25,1.0827024459020413,1.4437858339474832,1.1958215176823563,1.1808284001470397,1.215623152904915,1.4649227411458903
2012-10-26,1.0819131980628949,1.4410047055609971,1.1940538714174354,1.1787250965183738,1.2140019847904833,1.4628595455552302
2012-10-31,1.0820817752712562,1.4429714269263128,1.1947477365724077,1.1784376542521846,1.2137240166621008,1.4630849443296983
2012-11-01,1.0939051676576963,1.4458303286848901,1.2010635069063809,1.1862889003166004,1.2236020222718118,1.475005905150609
2012-11-02,1.0836449457487896,1.4371676673464433,1.1927600872335953,1.177270946792014,1.213692636392623,1.4630151779197575
2012-11-05,1.0859897014650892,1.4415534588703327,1.1958946976527802,1.1800931162805635,1.2160182984659729,1.466150269964631
2012-11-06,1.0945181756881017,1.446634681298392,1.2019287478937808,1.1863988071554548,1.2240038725107545,1.4740976746632748
2012-11-07,1.0685726108012015,1.4230636012307225,1.1789184875142902,1.1629275613455472,1.1969486634798825,1.4425745016264544
2012-11-08,1.0555308649543311,1.4024599505852684,1.1635565016962512,1.147812513074026,1.1827396323975146,1.4251368328017004
2012-11-09,1.0573239134432662,1.4039399197814595,1.165877436345769,1.150608813307127,1.1847315437658832,1.428542175640329
2012-11-12,1.0574618402501073,1.3945205175392157,1.1615580505221368,1.1470959250809847,1.1831168493318045,1.4269987305751404
2012-11-13,1.0532474100410716,1.3876814500239398,1.1560053833391053,1.1420172095193004,1.1781558612712928,1.4206438189084556
2012-11-14,1.038657818917428,1.370283382219202,1.14190919404851,1.1280402783893366,1.1634369458060856,1.4018565218231154
2012-11-15,1.0370026972353337,1.3672388679644458,1.1401208689149962,1.1264205579506719,1.1614121616430244,1.4003634584078957
2012-11-16,1.0420217004842764,1.3698970761355482,1.1430314101333403,1.1299306311538369,1.1652198922678496,1.4056343096086528
2012-11-19,1.062718384110832,1.394872126175814,1.1630376191624936,1.149860734070687,1.1866301756435023,1.431867246620377
2012-11-20,1.063423343345798,1.3957971316813407,1.163023915783484,1.1500786621812806,1.1874133202840573,1.4307939840679271
2012-11-21,1.0658907006681788,1.398598269949073,1.1655115009599988,1.1523654877316998,1.1882933596819538,1.4290534046428687
2012-11-23,1.0797753325568566,1.4138374746826325,1.1790330303618637,1.1649766005156692,1.2016866798058,1.4474825565771965
2012-11-26,1.077583828848158,1.4086596720229618,1.1752108154065581,1.1615335041451325,1.1986242856575233,1.4415965665245705
2012-11-27,1.0719518175688103,1.4027421808861815,1.1700092544970022,1.155604235917698,1.1928044018845396,1.4347166045432989
2012-11-28,1.0803730153865017,1.4104180807883655,1.1772898956323359,1.163278655380922,1.1988144633398243,1.4452986698932768
2012-11-29,1.0849859008153009,1.414545509088685,1.181230571028946,1.1673049915625062,1.2030144278953234,1.4514213793107518
2012-11-30,1.0851621406240424,1.4152406474857697,1.1815930854800019,1.1674936241739933,1.2029613805751798,1.4510598645504709
2012-12-03,1.0800128731686387,1.4113488472471851,1.1775419077106073,1.1628931887400575,1.1981694176418478,1.4442252121774752
2012-12-04,1.0781661864770429,1.40941616565596,1.1758693861895626,1.16121296974461,1.1961312523061862,1.441774094287755
2012-12-05,1.0798749463617974,1.409304880120413,1.1762974676348317,1.1620541440698602,1.1976210916444936,1.4440421411317699
2012-12-06,1.0834457181389077,1.4148757796232578,1.1806612260192195,1.1663040263805338,1.2019582063156087,1.4505679637155187
2012-12-07,1.0866103720958744,1.4166557281702064,1.1827357343665519,1.1689339430351051,1.2048073368212993,1.4535775494046133
2012-12-10,1.0869781769141176,1.4162011145536926,1.182635594900365,1.1685154677583085,1.2045696196775884,1.4510885442224577
2012-12-11,1.094096732667198,1.4235834562486231,1.1890353560880698,1.1750370940350636,1.2120301841421455,1.4605370443035783
2012-12-12,1.0945871390915223,1.4246867030529835,1.1902447087714298,1.1758802571545781,1.2129675374299198,1.461187963577197
2012-12-13,1.0876678109483235,1.4161645634859226,1.183362436233432,1.1687048498601618,1.2057268580223222,1.4543856552141161
2012-12-14,1.0831698645252252,1.4107878450918365,1.1784820228712016,1.1638576928614808,1.2012576522018978,1.4490109438756327
2012-12-17,1.0960277079629743,1.4242270321875097,1.1902557799665436,1.1766429051867735,1.2141613777711358,1.4631000389434516
2012-12-18,1.108617360387421,1.4405812300693028,1.2033636091435975,1.1895142147507785,1.2275612997511391,1.4798103571708798
2012-12-19,1.1002038251701098,1.4291856884149319,1.1949989475153908,1.1809480543135227,1.2174501809272948,1.4638795120340506
2012-12-20,1.1062419542696011,1.4387373779253902,1.2022802241071058,1.187446520703008,1.2235576934430201,1.4718332223782327
2012-12-21,1.095866793354993,1.4303074472395354,1.1933955857405996,1.1785301257119167,1.214341544611353,1.4630461661755092
2012-12-24,1.0931925458223504,1.428654770339663,1.1915074357325166,1.1766255797794145,1.2103490475091763,1.455457188049449
2012-12-26,1.087958989762766,1.4286235742092217,1.189062429475459,1.1732549543935333,1.2069829395140896,1.4477500334426763
2012-12-27,1.0866333598970146,1.42245257078206,1.1860558431049961,1.1709207210029098,1.2041779868292226,1.4460038508417328
2012-12-28,1.074626065101453,1.4427404873833662,1.1896051339014582,1.1770351731869406,1.209309877029284,1.4614980266264854
2012-12-31,1.0928324036044874,1.4201524479021475,1.1884357855801946,1.1739465849771897,1.209954510927605,1.454169525547879
2013-01-02,1.1205940047814626,1.4446891544601688,1.21174899253813,1.197671759424928,1.2344009330030186,1.487485359013355
2013-01-03,1.118256911665543,1.4412369647210819,1.2091422549341853,1.1948250443040696,1.231840642420483,1.4860333618662898
2013-01-04,1.123697357935389,1.44734029445125,1.2142380071847743,1.1994699406053406,1.2370035230851426,1.4919798765064185
2013-01-07,1.1201878869613193,1.4419337726326196,1.2097715494577774,1.1951665072214082,1.2333762918926203,1.4873570347073888
2013-01-08,1.1165558143811687,1.4372628226033988,1.2060649727330706,1.191552893245979,1.2288900776245748,1.4817594299368406
2013-01-09,1.1195212407282535,1.4410764463614334,1.209023887642338,1.1946221119687723,1.2321387086260212,1.4864788966363938
2013-01-10,1.1280267271501256,1.4511215059742386,1.2176153479721818,1.2034144902722954,1.240949216596454,1.497682727197361
2013-01-11,1.1279730889474653,1.4510525256995455,1.2174044657879333,1.2031934707003065,1.240890455828986,1.4976120724100395
2013-01-14,1.1269233126953964,1.4497024831805514,1.215924326707592,1.201667867915517,1.2397404236656833,1.4929761916943525
2013-01-15,1.1281953043584871,1.451338301123274,1.2171239258611886,1.2029375475293527,1.2411338932942106,1.495464985822758
2013-01-16,1.1284175197695092,1.4511774560193733,1.2170394046904416,1.2027284875303892,1.2397347392050344,1.4900648338248592
2013-01-17,1.134785140685343,1.4592845106175587,1.2240419045347783,1.2100378007051655,1.2466605615269792,1.5000447615743084
2013-01-18,1.1386470912768958,1.4593641659838092,1.2253013906596497,1.2108038199994975,1.2488932274770332,1.503437807264383
2013-01-22,1.1436890823269785,1.462021158874615,1.2284813485029196,1.2143375139943962,1.250441545940308,1.5083735028273653
2013-01-23,1.1454131674124932,1.4631412632575793,1.2293851767038342,1.2148156233778922,1.2519723977613437,1.5089717470800004
2013-01-24,1.1454208300128732,1.4647634387908173,1.2294935262055584,1.2165593924803433,1.2523251029135445,1.5089817642885692
2013-01-25,1.1516581867222462,1.4721671718494802,1.236203554362629,1.221494431194172,1.2591092417463525,1.51713577206368
2013-01-28,1.1495279838165882,1.4705300103953483,1.2343356644674803,1.2191575595453326,1.2567922999828138,1.514350988081517
2013-01-29,1.1553975357077177,1.4753155738911288,1.238955844290696,1.2235629011934892,1.2618973000128426,1.5195407285789642
2013-01-30,1.1508919266842397,1.4728040127896336,1.2358418047534536,1.219915876322,1.2582758094573097,1.5153062374924533
2013-01-31,1.1479418255379146,1.4674356177217787,1.2323352783017854,1.2164815785306577,1.2544767452938173,1.5114496121934142
2013-02-01,1.1594817017102925,1.4789029861095748,1.2434165895316245,1.2280156771914614,1.2657491441747935,1.5248799007462053
2013-02-04,1.146102801446699,1.464556756861684,1.229764390900168,1.2144519574858457,1.2517877663467545,1.5073898545848499
2013-02-05,1.1580411328388402,1.4770688991487337,1.2417014139703524,1.2264955952557466,1.2641822914713932,1.5229966655352458
2013-02-06,1.1586771286703856,1.4768036828497193,1.241923778879989,1.226791240346414,1.2648740402712986,1.5246559075608004
2013-02-07,1.156585238766628,1.4741403544438176,1.2393868225880438,1.2244947964086308,1.262598770122212,1.5202655820694617
2013-02-08,1.1631290994912036,1.4813968457204583,1.2460206143669947,1.2310784854170258,1.2693719110413262,1.5296480920250166
2013-02-11,1.1624241402562374,1.480499313803451,1.244964555015188,1.2300132515789224,1.2682607826087269,1.5287265088366748
2013-02-12,1.1642784895482132,1.4828602129764485,1.2466411999259799,1.2319699527940446,1.26993331802153,1.5303228594726692
2013-02-13,1.164968123582419,1.4832007601996664,1.247124007525797,1.232018332682618,1.2702406447376444,1.5262575254644566
2013-02-14,1.1657726966223259,1.4842251172788599,1.2479853206669587,1.2328692132475723,1.2711179231423164,1.5273116192478706
2013-02-15,1.1645543431618957,1.4826739479875102,1.2466810464817712,1.2315807369634988,1.2697894729866706,1.5257154200901295
2013-02-19,1.173098142585668,1.4935516445903703,1.255827371742677,1.2406162782008692,1.2791053341410414,1.5369088921711438
2013-02-20,1.1585468644639245,1.4750254151295352,1.2402499083610987,1.2252274954118412,1.2632391275651218,1.517844853173972
2013-02-21,1.1512444063017226,1.4657281551631443,1.2324324662322708,1.2175047413318287,1.255276781663673,1.5082776972159393
2013-02-22,1.1613437136026483,1.4785862754524444,1.243243996899422,1.2281853183281102,1.266288714400409,1.5215090839448873
2013-02-25,1.140079997547968,1.4515139812166267,1.2204807210258675,1.205697760540036,1.2431034994197998,1.4936508910975195
2013-02-26,1.1470453012934472,1.460381986787927,1.2279372319336375,1.213063955145211,1.2506982238945292,1.50277633156536
2013-02-27,1.161642555017471,1.4789667509390017,1.2435639132089962,1.2285013596808076,1.2666145606650014,1.5219006044930126
2013-02-28,1.1606387543676824,1.477688743535437,1.2424893225281186,1.2274397848807221,1.2655200514172682,1.5205854970108483
2013-03-01,1.1633359897014652,1.4811227786961607,1.2453767722965838,1.2302922606794253,1.2684610228310247,1.5241192209323884
2013-03-04,1.1686998099675108,1.4879518258907813,1.2511188599043273,1.2359647977791197,1.2743095455288362,1.5311465128218147
2013-03-05,1.1798795439220255,1.502185511400712,1.2630870110753238,1.2477879858197685,1.2864995378375599,1.5457933969170612
2013-03-06,1.1811591981854963,1.5038147269457145,1.2644569091188855,1.249141291099267,1.2878948282526093,1.5474699079821101
2013-03-07,1.1833047262919145,1.5065463458235628,1.266753744161983,1.2514103059391446,1.2902342373317337,1.5502808247378805
2013-03-08,1.1886072457549195,1.5132973467645308,1.2724302079113523,1.257018014043414,1.2960159197701417,1.557227804719999
2013-03-11,1.1924691963464722,1.5182142607446576,1.2765645109889276,1.261102240755194,1.3002268561125658,1.5622874548803858
2013-03-12,1.1896033838043278,1.5145655983863886,1.2734965956099331,1.2580714852190715,1.2971020739854495,1.5585328732137496
2013-03-13,1.1911665542818612,1.5165557778545355,1.2751700039984755,1.259724624602411,1.29880650060024,1.5605808268500962
2013-03-14,1.197840679212898,1.5250530637209847,1.2823148015789676,1.2667828814793163,1.3060837338428024,1.569324785758225
2013-03-15,1.1959020413167414,1.5225848509492148,1.2802394470578833,1.2647326644989982,1.3039699106391651,1.5667849216896184
2013-03-18,1.1893122049898854,1.5141948786815378,1.2731848822826555,1.2577635474908022,1.2967845827532825,1.5581513916540375
2013-03-19,1.1864310672469809,1.5105267047598558,1.2701005609390676,1.2547165847058235,1.2936430905613152,1.5543767320105744
2013-03-20,1.1943771838411084,1.5206434503896014,1.2786070535808247,1.2631200432377994,1.3023072591865015,1.5647871629953387
2013-03-21,1.1844847667504443,1.5080487362063792,1.2680170034356866,1.2526582641010775,1.2915209123252522,1.5518268289535542
2013-03-22,1.1929825905719367,1.518867898119,1.2771141108028115,1.261645183591879,1.3007866432850705,1.562960067104088
2013-03-25,1.1889980383743028,1.5137948916315673,1.2728485600084878,1.2574312988892489,1.2964420264238392,1.5577397931290857
2013-03-26,1.1982544596334213,1.5255798759331414,1.2827577626229936,1.2672204771984357,1.3065349055937765,1.5698668911325524
2013-03-27,1.1975495003984553,1.524682344016134,1.2820030882516902,1.2664749437510472,1.3057662426106356,1.5689433041985135
2013-03-28,1.2024075890394166,1.5308675096181192,1.2872037790278463,1.2716126416384848,1.3110633331683677,1.5753080228526508
2013-04-01,1.197028443572611,1.5240189508600852,1.2814452854555094,1.265923897289934,1.3051981004057056,1.5682606529863978
2013-04-02,1.2032198246797032,1.5319016224790187,1.2880732951513048,1.272471625827867,1.3119489666054647,1.576372155624478
2013-04-03,1.1905305584503159,1.5157460479728877,1.274489156467843,1.2590520237748757,1.2981130329089283,1.5597475908117788
2013-04-04,1.1953503340893767,1.5218824346663395,1.2796488323325153,1.2641492035401727,1.303368348304533,1.566062114523849
2013-04-05,1.190216391834733,1.5153460609229168,1.2741528341936752,1.2587197751733221,1.297770476579485,1.5593359922868266
2013-04-08,1.1977180776068166,1.5248969712136793,1.2821835538622193,1.2666532234884662,1.3059500533239954,1.5691641619436096
2013-04-09,1.2019631582173727,1.530301674279136,1.2867280060546331,1.2711426314216527,1.3105787412876917,1.57472576152467
2013-04-10,1.216614050144057,1.5489547289021572,1.3024121082060698,1.2866367613282468,1.3265535632851422,1.5939203073712167
2013-04-11,1.2209357567584136,1.55445698978468,1.3070385902214514,1.2912072055057147,1.331265801573093,1.5995822968364113
2013-04-12,1.2174722613866242,1.5500473764532965,1.3033308422233085,1.2875443672641977,1.327489326916792,1.5950446740735247
2013-04-15,1.189511432599767,1.5144485290059095,1.2733981598223718,1.2579742417259336,1.2970018135963441,1.5584124053527877
2013-04-16,1.2065300680438913,1.5361161201762705,1.2916169835035118,1.2759723915808212,1.315558340613257,1.5807089986190952
2013-04-17,1.1892432415864649,1.5141070766461786,1.2731110554419844,1.257690614870949,1.2967093874614535,1.5580610407583164
2013-04-18,1.1812741371911972,1.5070168798456594,1.267015306310599,1.2518438792631996,1.2891810879657375,1.5492829588745505
2013-04-19,1.1917259241096059,1.5128048088804247,1.274991575641135,1.2592634929268007,1.2969072622245938,1.5562607276162104
2013-04-22,1.197281309385153,1.5168526651557404,1.2786863987903507,1.2628495590779274,1.300821493224793,1.5629468579780683
2013-04-23,1.2097560228038988,1.5307297820004968,1.289909418462789,1.273680021933745,1.3119167145084962,1.574452713282182
2013-04-24,1.2097636854042788,1.5303701457188115,1.2898651478164143,1.2735988466874264,1.3119249859905973,1.5761938307718926
2013-04-25,1.2146447618463803,1.53689172884202,1.2949858031932036,1.278811486534907,1.3170891354756233,1.5825247180350768
2013-04-26,1.2124072825354013,1.533702232960701,1.292705537325487,1.2765308337274892,1.3146738627020758,1.579622647264512
2013-04-29,1.221119659167535,1.543945044511953,1.3016916926821085,1.2851662187364337,1.3237510860618307,1.5909228337923613
2013-04-30,1.224154048918041,1.5470311126012928,1.3043604636168307,1.2879057553336026,1.3256643931944576,1.5939929294288775
2013-05-01,1.2127597621528843,1.533777216754045,1.293581588253063,1.277220828103201,1.314726899089432,1.5800798227968613
2013-05-02,1.224169374118801,1.5466811345434972,1.3043698119165614,1.2879218005099702,1.3263620359039516,1.5931472171158538
2013-05-03,1.2370655305584504,1.5618280420529775,1.3172566118551488,1.3004870568988354,1.3392088983282766,1.6081426994850452
2013-05-06,1.2394256114755104,1.5640641862199214,1.3189521723455664,1.3020615630454913,1.3411801995664783,1.611203787832079
2013-05-07,1.2459081713970455,1.5722350436304682,1.325362118450287,1.3085538239365082,1.3481778734240852,1.6187462527423024
2013-05-08,1.2510651014528291,1.578735028308125,1.330922018364245,1.3142609277458566,1.3537445808781863,1.6254349295525428
2013-05-09,1.2464522160240301,1.572920777526625,1.3266713832999588,1.309828429667959,1.3487651486532697,1.6194518932378854
2013-05-10,1.2518390240912158,1.5793412145254515,1.331882231282221,1.3149417030724797,1.3545800005704065,1.6264387280040051
2013-05-13,1.2518926622938762,1.579039527697162,1.331722618565263,1.314895609893508,1.3546379009451148,1.6265082981937102
2013-05-14,1.2645895911236438,1.5950432046821215,1.3449316693664242,1.3280998404669861,1.3683437467867872,1.642976555956812
2013-05-15,1.2710568258444186,1.6031947456448892,1.3519463742371363,1.3346379992064217,1.3753248776801918,1.6522303225611583
2013-05-16,1.2646892049285847,1.5951687615926855,1.345361930766649,1.3281626777690647,1.3684512760541028,1.6439713471832842
2013-05-17,1.277715625574695,1.6108491533313183,1.3586478849882742,1.3416096283381902,1.3825127956261263,1.6608669646831473
2013-05-20,1.2768114387298475,1.609709482912353,1.3574980834176393,1.3405607116362368,1.3818249182767905,1.659694210056686
2013-05-21,1.2790106050389263,1.6124813931686497,1.3603141066453766,1.3429654457412616,1.3844869913501927,1.6625465878346044
2013-05-22,1.2684285539140563,1.598774091554171,1.3488688811341498,1.3318589966669958,1.3724157198149614,1.6477826758896144
2013-05-23,1.264719855330105,1.5941462569952616,1.3454852325264433,1.328616006985986,1.3690966369277846,1.6457592850396274
2013-05-24,1.264022558695519,1.5909921853950322,1.3438396730788578,1.326739173731103,1.3670426572324221,1.6412007637787234
2013-05-28,1.272037638693067,1.5987096989902319,1.350905326811215,1.3336600315833085,1.3712712253569201,1.6505933900168364
2013-05-29,1.263072396248391,1.5875225782589832,1.341050628307624,1.3234357502015706,1.3610144734518943,1.6363170364829094
2013-05-30,1.2677082694783304,1.5921653896719359,1.345745164512229,1.3282665180119202,1.365980241388483,1.6450254603357488
2013-05-31,1.2495708943787165,1.5741009096662624,1.329418510136698,1.311493915621799,1.3485127811311142,1.623530153862788
2013-06-03,1.2569882915466195,1.5816436067862287,1.3369549219643213,1.3188172735318227,1.3567847755607025,1.633069544891625
2013-06-04,1.2500613008030408,1.5735708743075667,1.3297462702351022,1.311452191037325,1.349038085507877,1.6241608574018849
2013-06-05,1.2328357751486547,1.5577862114440046,1.3151864894259842,1.297108305001219,1.3318938318087261,1.604753700255546
2013-06-06,1.2433028872678233,1.5662794867960392,1.3238381766890297,1.3057211982260966,1.3421255002966577,1.6154689742537087
2013-06-07,1.2592564212591186,1.5793349360405848,1.3372000724932611,1.3188128084063218,1.3569269487702065,1.6314093745693137
2013-06-10,1.258819653037455,1.5759349686829605,1.335074668550422,1.3166645367589798,1.3551520368302326,1.629932219500807
2013-06-11,1.2460384356035066,1.5674090306552964,1.3263802343681192,1.3069068054693733,1.3444021823111958,1.617156247701915
2013-06-12,1.2356096364862381,1.5658154501415786,1.3214750974807334,1.3013923822201372,1.3355186157623506,1.6028285080243136
2013-06-13,1.253877275792313,1.5726226636018357,1.3334452821068723,1.3148689181735922,1.352472078727471,1.625406779853845
2013-06-14,1.2464981916263105,1.5656987655829655,1.327653968425905,1.308163879728657,1.3448946551644112,1.615916662539
2013-06-17,1.2559308526941704,1.5711882483353217,1.334121611193603,1.3151474492424693,1.3540182595378405,1.6271324161948142
2013-06-18,1.2657159933795132,1.580543511024735,1.3428622239936145,1.3248713705118245,1.3631926610905565,1.6397169227483521
2013-06-19,1.2481839637099248,1.5575244933976398,1.3233570920302695,1.305906280872047,1.3428881233037984,1.6116766623060146
2013-06-20,1.21696652976154,1.5336451383803138,1.2969641875675255,1.2807201164377655,1.3189061944690608,1.5784865766452314
2013-06-21,1.2202154723226877,1.5323186478290474,1.2987243351458053,1.2816367454903104,1.317861703881573,1.5804012774577743
2013-06-24,1.2053960031876418,1.5229114949885059,1.28772115608692,1.2715620842822164,1.3108576901335514,1.5659343540891046
2013-06-25,1.2168439281554588,1.5281535967260287,1.296422099959183,1.279140421987864,1.3160496620547262,1.5778821671064152
2013-06-26,1.228514068534298,1.537230270029034,1.3067946255017593,1.2889998247853742,1.3251511756474603,1.591009415112705
2013-06-27,1.2361306933120826,1.541299414922203,1.311855044112847,1.2937571745174654,1.3274101408488053,1.5958212173653565
2013-06-28,1.2308281738490774,1.534748925460183,1.3058900647308027,1.288268697484019,1.3221066791501717,1.5903860436092603
2013-07-01,1.237479310978974,1.5389603719559963,1.310745843229074,1.2924855650565348,1.3270388395034474,1.5966497866058318
2013-07-02,1.2368050021455281,1.5376823551616707,1.3100009256171767,1.2915978661036613,1.3266649531416763,1.5957878142017377
2013-07-03,1.2378241279960769,1.537161308100964,1.310260908707536,1.2918116007244076,1.3270330848892535,1.5970905679488345
2013-07-05,1.250452093422424,1.5469762269235345,1.3202228537041576,1.302138133117908,1.3390486084053892,1.6100991443224122
2013-07-08,1.2570189419481397,1.5546436035775981,1.3253385556223358,1.3073878988322958,1.3449813710000407,1.619836644106695
2013-07-09,1.2661067859988968,1.5654253025336906,1.334427110402307,1.316148333827953,1.3543166380284481,1.6287675534094783
2013-07-10,1.2663366640102987,1.5657092832907147,1.3339859658218978,1.3158382933575752,1.3538441298868114,1.6281660318035904
2013-07-11,1.2835008888616442,1.586023165772528,1.3513195135880447,1.3330761150154078,1.371781669825305,1.6501071475441678
2013-07-12,1.2874624532581378,1.590917100818575,1.355707918645937,1.3371794344443504,1.3763455211705935,1.6551712354182206
2013-07-15,1.2892325139459329,1.5931037526476597,1.356967924285338,1.3385573056465316,1.377169153942949,1.6565385370109904
2013-07-16,1.2844510513087721,1.5871969529015606,1.352593513204892,1.3341491139167243,1.373138032315125,1.6504263690546868
2013-07-17,1.2880141604855027,1.5911536476306878,1.355508020574724,1.3371098748689734,1.3750680303972693,1.650504230026005
2013-07-18,1.2944967204070374,1.597857859183321,1.361637806547641,1.3435306840876668,1.3811555975632748,1.6568942347868176
2013-07-19,1.296580947710415,1.5979589410962847,1.362357909461753,1.344136134075333,1.382703647893157,1.6613722187456712
2013-07-22,1.2992168822411574,1.5993467443579978,1.3639904722416816,1.3450857425637763,1.3813425675591076,1.6610484279147826
2013-07-23,1.2968108257218172,1.596404135753715,1.3612235534365174,1.3427345065382839,1.3787995780597933,1.657996058989939
2013-07-24,1.2918684484766751,1.5909715869514411,1.356671954071898,1.3378576389890386,1.3746672451271154,1.6526430122011926
2013-07-25,1.2951710292404832,1.5937866813070907,1.3591179850483106,1.3404835278581269,1.3781577816691681,1.6577496757593853
2013-07-26,1.2962437932936923,1.5944866900640207,1.3598385724279793,1.3415860463074003,1.3785276720357205,1.6609444982593875
2013-07-29,1.291401029853491,1.587952005055007,1.3548482581596393,1.3363861113231648,1.3734092982663992,1.654800876729129
2013-07-30,1.2918837736774353,1.5867064547568372,1.3543951373900958,1.3356698070173496,1.372500794829677,1.6517455073381095
2013-07-31,1.2917075338686939,1.5852669486812139,1.3529400822311426,1.3345177942182316,1.3719871276644704,1.6515219261748246
2013-08-01,1.307906271072151,1.60385404993645,1.369002299967605,1.3501746782771769,1.3891077639751426,1.670238057813361
2013-08-02,1.3100517991785694,1.6058660501556008,1.3703633437384035,1.3520758266226875,1.3918119274926573,1.6729599154533492
2013-08-05,1.308113161282413,1.6028831124746863,1.36780522056147,1.349637715017158,1.3893264286773133,1.6714174693605857
2013-08-06,1.3006268007110893,1.5937272888874754,1.361195038624152,1.34279459918952,1.3825053297772074,1.6619201303810562
2013-08-07,1.2956767608655675,1.5876733871092379,1.3561953810239378,1.338355559906382,1.3765096477028003,1.6565573629454382
2013-08-08,1.30071108931527,1.593830373902275,1.3608427820779938,1.342195528206465,1.3818304887889459,1.6620270605026273
2013-08-09,1.2960675534849508,1.5881513267233094,1.3564778187454014,1.3378486424956044,1.3772500782628496,1.6570531298727218
2013-08-12,1.2945733464108382,1.5850999462355877,1.3546651355140789,1.3360901400994585,1.3756708331916192,1.655157550444873
2013-08-13,1.2981671059890887,1.5888831341627199,1.3581476741565885,1.339783576904525,1.3797965172889728,1.659716661991853
2013-08-14,1.2914470054557716,1.5800524648699559,1.3511238584072538,1.3330796787821981,1.372366566581045,1.6511914150266052
2013-08-15,1.2730031263409551,1.5587195538118435,1.3334943857434811,1.3149751246412391,1.3535278073943577,1.6277931602428515
2013-08-16,1.2687963587322995,1.5535746744368397,1.3284972185901045,1.3100033816881589,1.348754228273454,1.622456375084447
2013-08-19,1.2613099981609759,1.5431948863965683,1.3208715039939516,1.302856377440315,1.3408418055319558,1.6129590361049173
2013-08-20,1.2661297738000368,1.5490894749701154,1.3254323657144558,1.3077085392264232,1.3456084859895303,1.6190734948747474
2013-08-21,1.2588119904370747,1.539527839208772,1.3184165471603613,1.3001488282255094,1.3366737783914018,1.6042883353716066
2013-08-22,1.269662232575247,1.5483350710527783,1.3271340738274295,1.3083333175228744,1.3440486924704111,1.6170868347764344
2013-08-23,1.2746735732238095,1.5519971428109705,1.3311359062515606,1.311955324640719,1.3486272347229489,1.6207358387902824
2013-08-26,1.2695243057684056,1.5472058682142278,1.3270676993979085,1.3072932467875775,1.3438506564008545,1.6142389983729704
2013-08-27,1.2493716667688348,1.5300221818498927,1.3110012183609292,1.2916924411807202,1.3257950137353753,1.5941600036909789
2013-08-28,1.252804511739104,1.5346596727774233,1.3145752838022817,1.2949682967226164,1.328661143772468,1.5975999591613452
2013-08-29,1.2552642064611048,1.5371566957241805,1.317111053407914,1.2977176195616331,1.3312468605976144,1.6007033606106864
2013-08-30,1.251279654263471,1.5332945221461292,1.313605544939989,1.294423208156137,1.3270581604447296,1.5947847721465913
2013-09-03,1.2564902225219152,1.534311198642265,1.3160948608174448,1.296489685277631,1.331156583616546,1.5995764137500466
2013-09-04,1.2666891436277816,1.5442542403522037,1.3254226240737994,1.3060461390334308,1.34081719275681,1.6124444116599308
2013-09-05,1.2682216637037944,1.5432231558483922,1.3256270664819556,1.306145701320996,1.3421099755343309,1.6134867239085753
2013-09-06,1.2682906271072154,1.5442688592514362,1.3262547940522487,1.3067271053234135,1.3418111739222003,1.6135737351641646
2013-09-09,1.2809645681358428,1.555284172685971,1.336564911078394,1.3172893098203868,1.3537553549093846,1.6286731988834569
2013-09-10,1.2903742414025625,1.564752718866004,1.3445981275481607,1.3250246571071311,1.3626393217037442,1.6387628587621244
2013-09-11,1.294312817997916,1.568559226822823,1.3475651417847658,1.3281223217021911,1.3660901367233087,1.642840896972691
2013-09-12,1.2899374731808988,1.563261687912266,1.3431511562990248,1.3238578292444607,1.361808877490557,1.6373205162014335
2013-09-13,1.2934392815545883,1.5665393696356276,1.3460863621622294,1.3271369130339188,1.365171844766715,1.6408474831930082
2013-09-16,1.300803040519831,1.5754551925656546,1.3534233092066392,1.3342477479511614,1.3725946293038251,1.6501383517064558
2013-09-17,1.3062894623919574,1.5820979909193478,1.3588136902374472,1.3396732488587029,1.3780438914638236,1.6570605804844252
2013-09-18,1.3221970207809723,1.6008772926347732,1.3743813419009192,1.3550419175397206,1.3929630227016145,1.6708922776473507
2013-09-19,1.3197603138601115,1.5979269995112053,1.3718484633093961,1.352544680012612,1.390395899508495,1.6678129523176424
2013-09-20,1.3102357015876909,1.586394878905562,1.3619479347268075,1.3427834654019333,1.3803615154548876,1.6557764699754172
2013-09-23,1.3040519830809785,1.5789078142806587,1.3555201579237912,1.3364461362057805,1.373846834898764,1.6479619556953076
2013-09-24,1.3006651137129897,1.5748070923919262,1.3519996159821146,1.3329751331020634,1.3702786951146173,1.6436818871552727
2013-09-25,1.2971020045362596,1.5704929845225584,1.3482958784190382,1.3293235121897822,1.3665248828982637,1.639179100116548
2013-09-26,1.301622938760498,1.575966798808423,1.3529952443592854,1.3339567516268704,1.3712877844200888,1.6448923137785858
2013-09-27,1.2963204192974929,1.5695466640866969,1.3474834456632667,1.3285225114735397,1.365701466024999,1.6381913919919247
2013-09-30,1.2885045669098265,1.5600834597280833,1.339359118105551,1.3205125043111163,1.3574672972923523,1.6283143107456897
2013-10-01,1.298810764421014,1.5725619007695886,1.3500720794439114,1.3310747196380375,1.3683250982192245,1.6413385012125385
2013-10-02,1.2979448905780666,1.5715135261690754,1.3491720313909485,1.330187336491612,1.3674128814870785,1.6402442755450635
2013-10-03,1.286290075399988,1.557402218493143,1.337057225297532,1.3182430022817628,1.3551342828181023,1.62551580439259
2013-10-04,1.2953625942499847,1.5683869576702,1.3464878172860957,1.327540892948733,1.3646923767195274,1.6369809653686114
2013-10-07,1.2843437749034514,1.5550456950548215,1.33503410843512,1.3162483534393552,1.3530838133493845,1.6230562174940175
2013-10-08,1.268505179917857,1.5358687897516314,1.31857039759022,1.3000163095131498,1.3363975125941094,1.6030406028509128
2013-10-09,1.2692331269539632,1.536750166628169,1.31932707515687,1.3007623395920032,1.3371644204662678,1.6039605270846307
2013-10-10,1.296941089928278,1.5702981538445868,1.3481286128516736,1.3291586002776146,1.3663553558949444,1.6389757484438314
2013-10-11,1.3050940967326672,1.5801695748618072,1.3566034015981532,1.3375141371607702,1.3749447240631172,1.6492788998614722
2013-10-14,1.3104119413964324,1.5866082648861972,1.362131130348207,1.3429640832104974,1.3805471878870943,1.6559991884741068
2013-10-15,1.301155520137314,1.5754008620771724,1.352509377711226,1.3334777217867646,1.3707953488390185,1.644301625586409
2013-10-16,1.3191473058297065,1.5971847874046474,1.3712112611480065,1.3519164441567355,1.3897500823529934,1.667038279278722
2013-10-17,1.328043584870962,1.6016657764574656,1.3763666431904116,1.356444691081645,1.3938498820455272,1.672611502791009
2013-10-18,1.3367406363023357,1.6110601679151269,1.3843258706520403,1.364358274659525,1.4021783995910364,1.6807138729371727
2013-10-21,1.3368632379084167,1.6117223463358854,1.3848516916450466,1.3649378561916452,1.4030486594270601,1.6827195227696272
2013-10-22,1.3445335008888617,1.6204011856056981,1.392534899508967,1.3723359821158285,1.410662596947451,1.6913895559197492
2013-10-23,1.338181205173788,1.612786924381034,1.386058770780537,1.3655865801035314,1.4040669349695531,1.6825161496242165
2013-10-24,1.3425412247900448,1.6169826760771457,1.389998452898095,1.3696802111514628,1.4078422924404885,1.6870447807082702
2013-10-25,1.348441427082695,1.6230245876118075,1.395837921096881,1.3754872822214108,1.41214312245453,1.6944264464278826
2013-10-28,1.35023447557163,1.6241434068578615,1.3973882152099288,1.3769224290663693,1.41365690142198,1.6957435734569577
2013-10-29,1.3577744743456142,1.6326661026415659,1.4046798669663425,1.3840945069749746,1.4211646706515317,1.7070290318986485
2013-10-30,1.3511539876172378,1.6247303707982486,1.3978669014567666,1.3774001684796888,1.4142595936249074,1.6968939629197546
2013-10-31,1.3459664071599338,1.6179969895081687,1.3923184469631296,1.3718865321944747,1.4092350597594023,1.6922561138805667
2013-11-01,1.3498743333537673,1.622166054934927,1.3963195354613251,1.3760563216091435,1.4129249317459187,1.696219136605072
2013-11-04,1.354694108992828,1.6263976783894025,1.3998212030930905,1.3795182701783617,1.4175955455904066,1.700396829997146
2013-11-05,1.3508934592043156,1.62184198047935,1.3959082924964705,1.3756621584949924,1.4136315198899372,1.6956418868842527
2013-11-06,1.3566557346901245,1.6277185645743715,1.4010996340581214,1.3804900321469613,1.4192851481722428,1.7028509941844456
2013-11-07,1.338771225403053,1.608341950284846,1.3841738522632192,1.3640230545432794,1.4009881959823913,1.6823281838418014
2013-11-08,1.3567476858946852,1.6278287830721954,1.4010655063155677,1.380788161040828,1.4193810520198347,1.7029660331307253
2013-11-11,1.3577284987433338,1.629004447048983,1.4020730706557125,1.3813280958038798,1.4204040263941495,1.7051192476477537
2013-11-12,1.3545102065837065,1.6241163577413809,1.398466328255257,1.3783928532939251,1.4170473917284296,1.7010928845279651
2013-11-13,1.3654753877275794,1.637259913606875,1.4098755270305046,1.3896204642897365,1.4288402717205686,1.7148112788718164
2013-11-14,1.3720805492551953,1.645177275700555,1.41661010946158,1.3964244310358764,1.435373018605801,1.7230749098462397
2013-11-15,1.3778734751425246,1.6521210410634577,1.4224409382889274,1.402074296291291,1.4418010025402408,1.7312484957472334
2013-11-18,1.3727778458897812,1.6460130993090525,1.4168823370984422,1.3969270675139893,1.4364863309861842,1.7248734208075678
2013-11-19,1.3699733341506775,1.642651435125425,1.4143111148625698,1.3942864658888472,1.43394730540087,1.7213647329460378
2013-11-20,1.3649926439036353,1.6361660455706095,1.40827801074341,1.3881662405991178,1.4270539302852097,1.7114289272717167
2013-11-21,1.3760880892539693,1.649465744308021,1.419725304453063,1.3994500542727932,1.438653845468765,1.7253404060026343
2013-11-22,1.3829154661926073,1.6576494677714422,1.4267691847674975,1.4063933401728244,1.4457916385824028,1.7339005769620595
2013-11-25,1.3811683933059524,1.655555316312789,1.4249667103436021,1.4046166070805604,1.4439651326004619,1.731710095504429
2013-11-26,1.3813752835162143,1.6558033079328927,1.4251801612622212,1.4048270096835915,1.4441814293614812,1.7319694946244115
2013-11-27,1.3848081284864835,1.6599181318516496,1.4287218653933846,1.40831813435611,1.4477703533961725,1.7362735985411593
2013-11-29,1.383720039232514,1.6586138796274006,1.427599271673239,1.4072115725179455,1.4466327926530336,1.7349093513175473
2013-12-02,1.3799577024459022,1.6541041060914417,1.4237176271902006,1.4033853622183776,1.4426993959989416,1.7301921302837902
2013-12-03,1.3755517072273646,1.6488228030707155,1.419171913182569,1.3989045660427122,1.4380930760883446,1.7246678897656427
2013-12-04,1.3737586587384296,1.64667354236315,1.4173220052212026,1.3970810768164414,1.4362185041595104,1.7224197640591268
2013-12-05,1.367797155642739,1.6395277097542371,1.4111714565291373,1.3910183647735412,1.429985953045694,1.714945226453703
2013-12-06,1.383168332005149,1.6579525686404575,1.4270300692235878,1.4066504989098623,1.4460560012903154,1.734217620330927
2013-12-09,1.3856816649298107,1.660965207580976,1.4296231026053323,1.4092065009022419,1.4486836063871427,1.7373688392699744
2013-12-10,1.3812756697112731,1.6556839045602498,1.4250773885977008,1.4047257047265764,1.444077286476546,1.7318445987518272
2013-12-11,1.3656439649359406,1.6369467599301954,1.408949985857582,1.388828619164216,1.4277348645328634,1.7122455541309214
2013-12-12,1.3604946974805372,1.63077452405206,1.403637429660837,1.3835919321554386,1.4223514784808264,1.7057893982557992
2013-12-13,1.3603567706736959,1.6306091963053237,1.403495129048424,1.3834516637534175,1.422207280640147,1.7056164655091441
2013-12-16,1.3689542083001287,1.6409146258518539,1.4123652005554894,1.3921950608127158,1.4311956127091727,1.7163959400506426
2013-12-17,1.3647091276895729,1.6358262052023196,1.4079855039290061,1.387877911106075,1.426757523612702,1.7110734544035926
2013-12-18,1.3874287378164656,1.6630593590396292,1.4314255770292281,1.4109832339945056,1.450510112369084,1.7395593207276054
2013-12-19,1.3866241647765587,1.6620949471836706,1.4305954901234865,1.4101650016493839,1.4496689582984532,1.7385505463721176
2013-12-20,1.3933059523079754,1.670104158025537,1.4374891642359293,1.4169602264583927,1.4566545425802626,1.7469281772100733
2013-12-23,1.4007156868754982,1.6789859319751759,1.445133869358329,1.4244957567225118,1.4644011710212144,1.7562185086553752
2013-12-24,1.404799852878073,1.6838814702535185,1.449347548603664,1.4286492599601286,1.468671029303559,1.7613392394313274
2013-12-26,1.4114663152087292,1.6918723113457477,1.45622541153695,1.435428899391135,1.4756405916030708,1.769697655519655
2013-12-27,1.4109912339851656,1.6913028491069912,1.4557352649830837,1.4349457526730636,1.4751439101518413,1.7691019982811766
2013-12-30,1.410738368172623,1.6909997482379755,1.4554743805269934,1.4346885939360252,1.4748795474439285,1.768784954912309
2013-12-31,1.4163244038496905,1.6976955219807743,1.4612375553297126,1.4403694642178688,1.4807195599914504,1.7757887311518383
2014-01-02,1.403773064427144,1.6826506970278188,1.4482881996001464,1.4276050396339734,1.467597556489611,1.7600518512062289
2014-01-03,1.4033056458039601,1.6820904196638808,1.4478059586358585,1.427129685604903,1.4671088860295305,1.7594658013425646
2014-01-06,1.3997808496291304,1.6778653772473,1.4441693874297534,1.4235450486643708,1.4634238301010527,1.7550464089280466
2014-01-07,1.4082939986513825,1.688069773170825,1.4529524974514554,1.4322027261446562,1.472324041267441,1.765720202346589
2014-01-08,1.4079951572365599,1.6877115630528974,1.4526441794578944,1.431898811273611,1.4720116126126352,1.7653455147288364
2014-01-09,1.4084855636608842,1.6882993950412915,1.4531501371909177,1.4323975433696852,1.4725243160461627,1.765960386716943
2014-01-10,1.4117345062220314,1.6921937819644004,1.456502107172197,1.4357016435061756,1.4759209762932808,1.7700339136381509
2014-01-13,1.3939802611414212,1.6709124270095785,1.4381848561188368,1.4176459830904948,1.4573595098013628,1.7477736261937202
2014-01-14,1.409060258689389,1.6889882606526903,1.4537430564093046,1.432981995044772,1.4731251403823276,1.7666809398280061
2014-01-15,1.4163397290504507,1.6977138917304118,1.4612533665088694,1.4403850495958712,1.4807355819737482,1.7758079459014668
2014-01-16,1.4144317415558145,1.6954268579005671,1.4592848747038256,1.4384446700345832,1.4787408451776811,1.7734157095727388
2014-01-17,1.408922331882548,1.6888229329059545,1.4536007557968913,1.432841726642751,1.4729809425416478,1.766508007081351
2014-01-21,1.412830258076381,1.6935072190634681,1.4576326064819214,1.4368159980333413,1.4770665480275684,1.771407768236577
2014-01-22,1.4136424937166678,1.6944808157942455,1.4584705989772409,1.4376420230674638,1.4779157130893479,1.7724261499668792
2014-01-23,1.4010758290933614,1.6794176210916527,1.4455054320685181,1.4248620131055663,1.4647776876052108,1.7566700552716412
2014-01-24,1.371827683442653,1.6443589539088495,1.415329796647423,1.3951173191881496,1.4341997343899964,1.7199987056059562
2014-01-27,1.3651382333108564,1.6363405581921644,1.4084282169454017,1.3883143016901396,1.427206139117038,1.7116114673931861
2014-01-28,1.3735211181266478,1.6463888112437721,1.4170769319442693,1.3968395034574053,1.4359701634338955,1.7221219354398878
2014-01-29,1.3594985594311286,1.6295804903256348,1.4026097030156333,1.382578882585288,1.421310049631474,1.7045404395299573
2014-01-30,1.3748160975908787,1.6479410550881246,1.4184129765830342,1.398156467898601,1.4373240209380533,1.7237455817834824
2014-01-31,1.365927481150003,1.6372866002984856,1.409242492671986,1.3891169486572588,1.4280312712053709,1.7126010269990455
2014-02-03,1.3347406976031388,1.599904159786563,1.3770667430875334,1.3574007044225493,1.395426537229494,1.6734990115053756
2014-02-04,1.3449396187090052,1.6121292281701918,1.387589082816503,1.3677727734830896,1.4060891664486321,1.6862864273830351
2014-02-05,1.3422117329737022,1.6088594127347509,1.3847746929265607,1.3649985761986776,1.4032372535996365,1.6828662019491911
2014-02-06,1.3589085392018636,1.6288732549645988,1.4020009726180895,1.3819788455321989,1.4206932033130115,1.7038006716692662
2014-02-07,1.376984613498437,1.650540374661804,1.4206502584337466,1.4003617988859283,1.4395911314331817,1.726464468855892
2014-02-10,1.3791454668056151,1.6531305093606643,1.4228796346948807,1.4025593371842544,1.4418502309371615,1.7291737485534877
2014-02-11,1.3944017041623245,1.6714175951246049,1.4386196635456536,1.4180745809855584,1.45780011431455,1.7483020318084996
2014-02-12,1.3940262367437013,1.6709675362584908,1.4382322896563076,1.4176927392245016,1.4574075757482556,1.7478312704426053
2014-02-13,1.40212560534543,1.6806759489418082,1.446588497840771,1.4259296114987248,1.4658751933926049,1.7579862656211824
2014-02-14,1.4088686936798873,1.6887586387822242,1.453545416669842,1.4327871778197432,1.4729248656036056,1.7664407554576516
2014-02-18,1.4105008275608413,1.6907150171185974,1.4552293072500604,1.4344470205769895,1.4746312067183136,1.7684871262930697
2014-02-19,1.4012980445043832,1.6796839824613936,1.4457346941662943,1.4250880010865998,1.4650100063485278,1.7569486691412521
2014-02-20,1.409749892723595,1.6869141172838211,1.4519954562200992,1.4312768591720872,1.472246250168738,1.7654874689321811
2014-02-21,1.4070449947894317,1.683704279080946,1.4494962345729543,1.4282896428915555,1.4674933025332415,1.7601778145164213
2014-02-24,1.4157497088211854,1.6931007986817606,1.4575323088506957,1.4353020185772611,1.4756888892517817,1.7695185287455635
2014-02-25,1.4138417213265495,1.6899034771749775,1.454929593108645,1.4331518137636035,1.471063129055915,1.766174131992225
2014-02-26,1.4138723717280697,1.6913395868583194,1.4564779364565759,1.4346191149321297,1.4731760969860173,1.7662121771964894
2014-02-27,1.420868325875069,1.69870836164542,1.4632331975966781,1.4407951808066883,1.4786845591459656,1.77587207785767
2014-02-28,1.4248222276711826,1.704800099564431,1.4680722314757364,1.4454983619538269,1.4850790526368343,1.7793157852077035
2014-03-03,1.4143091399497334,1.6979234136623467,1.4628539506802203,1.4398005575388844,1.4768721081262657,1.7677304041451503
2014-03-04,1.4359023478207567,1.7170154572470908,1.4783434799259711,1.4560073403930802,1.4942449481336961,1.7896528373733291
2014-03-05,1.435825721816956,1.716457948534973,1.478011576859846,1.4554370581855496,1.4934098800211064,1.7895577243626688
2014-03-06,1.4382930791393367,1.71891932336584,1.479815225692827,1.4571641719206754,1.495556676717262,1.7926203633059299
2014-03-07,1.4390670017777234,1.7217040350294301,1.4819959237370557,1.4588685653078488,1.4975204020847321,1.7945570872106007
2014-03-10,1.4384003555446576,1.71951320529465,1.4802296185152328,1.4572028268794264,1.4956677090545853,1.7927535215208543
2014-03-11,1.4310902347820758,1.7113050368748368,1.4730464649589543,1.4497241863220856,1.488101648354129,1.7836797403038636
2014-03-12,1.4315270030037395,1.7099570244427913,1.472817207048419,1.4498159414942706,1.4881467612798205,1.7851979669616296
2014-03-13,1.4147765585729173,1.6947454584165205,1.4600025582371132,1.4358228210037771,1.4727283205576287,1.7658703867222436
2014-03-14,1.4107843437749037,1.6937406216699316,1.4603705109200884,1.4347788078929864,1.4701078493750122,1.7618910816547408
2014-03-17,1.4243471464476187,1.7033031739328255,1.4657474416561718,1.4425261427553029,1.4814712848606155,1.775309795365759
2014-03-18,1.4346303561576659,1.7117733839708578,1.4730863112080943,1.4510025582077302,1.4896844710459927,1.7851457137599138
2014-03-19,1.4258336909213514,1.7022677480571975,1.4648265188427085,1.4424546973298973,1.4806415750917492,1.7743092666689675
2014-03-20,1.4344464537485442,1.7101554148785172,1.4717947599362853,1.4489714130737923,1.4861790997956483,1.784919167827699
2014-03-21,1.4302396861398885,1.7056299220172433,1.4686163416300957,1.4454811587390866,1.483202388363338,1.779736929628283
2014-03-24,1.4232820449947896,1.6964402968862273,1.460887104058426,1.4379104802909737,1.4740814823056385,1.7671989513352033
2014-03-25,1.4295500521056828,1.7029452341966334,1.4661608490210718,1.4428013707172689,1.4772086177218815,1.7739286440423963
2014-03-26,1.4195426960093178,1.691536321156221,1.4574418212604847,1.433905476228919,1.4688896538774638,1.7606090220441346
2014-03-27,1.416845460675535,1.6874024179641798,1.4533610984560357,1.4299374547396069,1.4657622323600483,1.7572863483716492
2014-03-28,1.4234199718016307,1.6947376558812282,1.4593539448731854,1.4360830363725874,1.4709069480673567,1.7673688606365825
2014-03-31,1.4346993195610862,1.7062562745045864,1.4684845876918284,1.4451862376885671,1.4811719448875533,1.7782884351039454
2014-04-01,1.4447986268620119,1.7168411461207107,1.4766147407083137,1.4536531783608375,1.491553945643383,1.7907295825480807
2014-04-02,1.448921105866487,1.7217331941466225,1.4807457283538052,1.4575551929218773,1.4957918184860513,1.7967997347154656
2014-04-03,1.447288971985533,1.7193298007250457,1.4787129294521058,1.4556607176289966,1.4937593120711092,1.793797392046824
2014-04-04,1.429143934285539,1.6982640938587452,1.4612058616755526,1.4378703177880308,1.47484035494645,1.7724366075885207
2014-04-07,1.413780420523509,1.6804991555950755,1.4470531786603815,1.4235769067199093,1.4600221838495018,1.7525188353145
2014-04-08,1.419082939986514,1.6858583717596543,1.4509379408895862,1.4275603286971474,1.4651184414426512,1.7600426572135972
2014-04-09,1.4345767179550055,1.7037778916055732,1.464859093781763,1.4420084611126844,1.4800705228083482,1.7781374044824687
2014-04-10,1.404615950468951,1.669157317407178,1.4382609766002217,1.4139387897509998,1.4508672028746623,1.742221043879358
2014-04-11,1.3912906884080183,1.6542777028077686,1.4277953072291707,1.4025262175053466,1.4378783219905782,1.7258059032076198
2014-04-14,1.402723288175075,1.6650450243892165,1.4368145504195842,1.412337722939333,1.4489215623688279,1.7398895086603128
2014-04-15,1.4122019248452156,1.676293097638385,1.4443241100229611,1.4209051609797947,1.4577788020967717,1.7505743160629885
2014-04-16,1.4270137313798812,1.6934033381292692,1.4570392682115758,1.434209263581759,1.4703273263093855,1.7628702173075976
2014-04-17,1.4289600318764175,1.6937359437752368,1.457372148629988,1.4342687801889868,1.4690452541320773,1.7632918031076312
2014-04-21,1.4343545025439837,1.696816874224843,1.4618350047696402,1.4378281506688129,1.473731030331502,1.767930510165612
2014-04-22,1.440224054435113,1.702409862080787,1.4668061063220448,1.442756603952245,1.478084564508983,1.7731502426530865
2014-04-23,1.4370364126770063,1.6986649902239257,1.463387801381517,1.4391635505412828,1.474016165012225,1.7692517484695405
2014-04-24,1.4395037699993871,1.7022149742300468,1.4665823804724125,1.4419173448707268,1.4765329905948665,1.772269332909689
2014-04-25,1.4278489548213082,1.6898254040377318,1.4553523991636417,1.4311100190449515,1.4650529311147333,1.758015463551099
2014-04-28,1.4324695028504875,1.6913458136551742,1.4581176301245455,1.4340066021652038,1.4681324199221384,1.763666405841191
2014-04-29,1.4392892171887453,1.6980550613915288,1.4638530455597885,1.439336501739344,1.475497287762906,1.7710275620170628
2014-04-30,1.4435955986023419,1.7018116209258602,1.4677951069446677,1.4436213165664762,1.4782563111402331,1.7762942777169495
2014-05-01,1.44338870839208,1.7015685643389966,1.4673898361693711,1.4428178753247225,1.4796789700197794,1.7750618780586345
2014-05-02,1.4414424078955437,1.69863072323615,1.4655718965786992,1.4405748671027419,1.4776936479763294,1.7726815474754118
2014-05-05,1.4441396432293263,1.701148151805809,1.4670654646230774,1.4424618116297279,1.4796281118593066,1.7759802733230277
2014-05-06,1.4311591981854963,1.6858986015040704,1.4543086957299136,1.4300367015698487,1.4663874207506276,1.760105155181376
2014-05-07,1.4391972659841845,1.6940391820859666,1.46135037942832,1.4374216042034589,1.472952947415987,1.7699357330624814
2014-05-08,1.4372203150861278,1.6910653324057758,1.4591838975823275,1.4352706809472335,1.470936360458467,1.767517916958263
2014-05-09,1.4394041561944462,1.6936309297115582,1.4607375909128613,1.4370758392197778,1.47316398558596,1.770188760329202
2014-05-12,1.4533271010850244,1.709336428836625,1.473989407465638,1.4500250151105958,1.4873660728022942,1.787216558241469
2014-05-13,1.4539401091154294,1.7100565965014058,1.4749639744520693,1.450880117193417,1.4879913710836958,1.787966268661382
2014-05-14,1.4471050695764116,1.7007241089709737,1.4677933885682655,1.4438954348617439,1.481019295246068,1.7796069974793551
2014-05-15,1.4335575921044565,1.6848084035793125,1.4543420264080762,1.4309061317003515,1.467608627443827,1.7630383971992845
2014-05-16,1.438929074970882,1.6911188727419564,1.459024484958778,1.4357603860707298,1.4726793794178739,1.7696077347537695
2014-05-19,1.444461472445289,1.6976183859166054,1.464131120800147,1.4408973311076536,1.4783226964075233,1.7763738712934816
2014-05-20,1.4350747869797094,1.6865908185496457,1.454717493749406,1.4313737817371164,1.468747816473561,1.7639145581699427
2014-05-21,1.4467219395574082,1.699622695170687,1.4658463299512778,1.4423573561128757,1.4777695140596077,1.772282822090592
2014-05-22,1.4501394593269172,1.7036376299018412,1.469309026323466,1.4457645656425249,1.4812603759806078,1.7764693982501467
2014-05-23,1.4563001900324894,1.7108753149328908,1.4755511964652586,1.4519067101757939,1.4875533198920072,1.7840164996678192
2014-05-27,1.4650202292650034,1.721119699964401,1.4843865069395865,1.4606004421146743,1.4964604967218236,1.794698839734127
2014-05-28,1.4633880953840497,1.7192022535569214,1.4827327976856042,1.458973232182353,1.4947933362079828,1.7926994210749676
2014-05-29,1.4712422607736164,1.7284294017619284,1.4906907882270681,1.4668037025139458,1.50281605699055,1.8023210366882936
2014-05-30,1.473954821308159,1.7316161436785846,1.4934392064238275,1.469508079584564,1.5055868308022857,1.8056440141781647
2014-06-02,1.4750275853613686,1.7328764370919516,1.4945261514733934,1.470577607239611,1.5066826170555143,1.8069581860668142
2014-06-03,1.4744682155336235,1.7322192840978385,1.493959387268977,1.4700199249623367,1.5061112427949024,1.806272939296304
2014-06-04,1.4772574020719673,1.7354960469725926,1.4967854443978483,1.4728006968654583,1.5089602870532972,1.8096897862067927
2014-06-05,1.4868969533500889,1.7468206835012743,1.5065524220575184,1.482411166794379,1.518806709243024,1.821498559320514
2014-06-06,1.4937779684913874,1.7549045655384414,1.5135243981611621,1.4892714227531791,1.5258353953530197,1.829928033291994
2014-06-09,1.4951802243609391,1.7565519490716284,1.5149451906188087,1.4906694481879903,1.5272677445268827,1.8316458436893002
2014-06-10,1.4948124195426962,1.7561198484727594,1.514572523744672,1.4903027529919741,1.5268920463829188,1.8311952704703347
2014-06-11,1.4895252252804514,1.7499084023640232,1.5092154374289546,1.4850315095492437,1.5214913855634344,1.8247182804477053
2014-06-12,1.4789661619567216,1.7375035143381694,1.4985167925839422,1.4745043016302826,1.510705718013797,1.81178307428657
2014-06-13,1.4836020351866612,1.7429497823030764,1.503213947976709,1.479126188996735,1.5154410800366784,1.8174621742339478
2014-06-16,1.4848433764482314,1.7444081218242578,1.504471698676921,1.4803637852832892,1.5167090612725576,1.8189828588479564
2014-06-17,1.488069331208239,1.7481980041601681,1.5077402977188294,1.4835800077316799,1.5200042470769095,1.8229347614559668
2014-06-18,1.4995555691779565,1.761692145779003,1.5193783736423951,1.4950315931239313,1.531736987031123,1.8370057876065777
2014-06-19,1.5014712192729727,1.7639426697314438,1.5213193469451913,1.4969414639365148,1.533693748197603,1.839352523122023
2014-06-20,1.5040688408018144,1.7669943802109531,1.523951306743783,1.499531248758378,1.5363471163393496,1.842534696480967
2014-06-23,1.503869613191933,1.7667603257198996,1.5237494455202922,1.4993326221938692,1.5361436131780355,1.8422906359873608
2014-06-24,1.494191748911911,1.755390678712169,1.5139436483945663,1.489683954848697,1.5262580557649792,1.8304349281633305
2014-06-25,1.501509532274873,1.7639876802104923,1.5213581664112472,1.4969796613527664,1.5337328834209323,1.839399457832332
2014-06-26,1.499739471587078,1.7619081960784373,1.5195647070794636,1.495214940721939,1.531924836103105,1.8372310742160605
2014-06-27,1.5026052841292221,1.7652749799112886,1.5224684031404467,1.4980721074575643,1.534852150808159,1.8407417905471668
2014-06-30,1.5020459143014775,1.7646178269171757,1.52190163893603,1.4975144251802897,1.5342807765475468,1.8400565437766565
2014-07-01,1.5120762581989826,1.7764015703321556,1.5320645751494706,1.5075145087549773,1.5445263780152354,1.852344050935529
2014-07-02,1.513072396248391,1.7775718427874247,1.5330738812669247,1.508507641577521,1.545543893821805,1.8535643534035604
2014-07-03,1.5213633298596212,1.7873121104535885,1.5414744137214267,1.5167735624543828,1.5540127561503299,1.863721024714409
2014-07-07,1.5153941641635509,1.7802994778177832,1.5354263409099136,1.5108224050023724,1.5479154883555788,1.8564085968482809
2014-07-08,1.50471249923374,1.7677505562589733,1.5246034737735223,1.5001729653514062,1.537004588091287,1.8433231996141568
2014-07-09,1.5117007907803592,1.7759604676374772,1.5316841443821227,1.507140174075711,1.5441428528266052,1.8518840907745016
2014-07-10,1.5054557714706065,1.7686237595525207,1.5253565714150072,1.5009139952266888,1.537763811423881,1.8442337329941496
2014-07-11,1.507670262980445,1.771225365241542,1.5276003365530395,1.5031218058860352,1.5400258273323315,1.8469465592500047
2014-07-14,1.5149727211426471,1.779804362548246,1.5349993267832984,1.5104022334236036,1.547485000898953,1.8558923150348825
2014-07-15,1.5120456077974624,1.7763655619489165,1.5320335195766261,1.5074839508219762,1.5444950698365718,1.8523065031672818
2014-07-16,1.5183979035125361,1.7838282993752101,1.538469787048698,1.5138170824365031,1.5509836898646192,1.860088278136499
2014-07-17,1.5004291056212837,1.762718384701316,1.5202634574684701,1.4959024942144692,1.5326292701230377,1.8380758990016206
2014-07-18,1.5158309323852144,1.7808125972789395,1.5358688828229514,1.5112578555476415,1.5483616299015361,1.856943652545802
2014-07-21,1.5123137988107644,1.7766806353022582,1.5323052558390176,1.507751332735738,1.544769016399879,1.8526350461394445
2014-07-22,1.519899773187029,1.7855927101539237,1.5399915101180903,1.5153144211535687,1.5525177906191392,1.8619281187806083
2014-07-23,1.5225663581192914,1.7887254394957213,1.5426933449555824,1.5179729613246853,1.5552416021628794,1.8651947746181083
2014-07-24,1.523309630356158,1.7895986427892683,1.5434464425970675,1.5187139911999679,1.5560008254954736,1.8661053079981014
2014-07-25,1.5159228835897753,1.7809206224286567,1.5359620495414852,1.5113495293466452,1.548455554437527,1.8570562958505434
2014-07-28,1.5163596518114388,1.7814337418898134,1.536404591454523,1.5117849798919143,1.5489016959834847,1.857591351548065
2014-07-29,1.5094939618709007,1.7733678640442656,1.5294481431373017,1.504940002899615,1.5418886639628206,1.8491806514607088
2014-07-30,1.5095859130754614,1.7734758891939826,1.5295413098558357,1.505031676698619,1.5419825884988114,1.8492932947654501
2014-07-31,1.4793952675780053,1.7380076317035165,1.4989515706037688,1.4749321126923016,1.5111440325150884,1.8123087430420297
2014-08-01,1.4751655121682095,1.7330384748165275,1.4946659015511947,1.470715117938117,1.506823503859501,1.8071271510239262
2014-08-04,1.4857705510942194,1.7454973754172394,1.5054111297554744,1.4812881627565797,1.5176561336771337,1.8201186788374322
2014-08-05,1.4713801875804573,1.7285914394865043,1.4908305383048697,1.4669412132124517,1.502956943794537,1.802490001645406
2014-08-06,1.4714031753815977,1.7286184457739335,1.4908538299845033,1.4669641316622029,1.5029804249285343,1.8025181624715911
2014-08-07,1.4632271807760684,1.7190132095449164,1.4825697559281692,1.458812803034096,1.4946289682699985,1.79250229529167
2014-08-08,1.4801002268129715,1.7388358245180144,1.4996658487791974,1.4756349451513322,1.5118641206243533,1.8131723417117136
2014-08-11,1.484184392815546,1.7436339415846183,1.5038040038607592,1.4797067897237606,1.5160359354312882,1.8181755818306433
2014-08-12,1.4817553484950654,1.7407802772129233,1.5013428497128136,1.4772850735334044,1.5135547622721919,1.8151999211970586
2014-08-13,1.4916937411880096,1.7524559954781862,1.51141261920772,1.4871934833090883,1.5237064392038895,1.8273747850511894
2014-08-14,1.4981763011095448,1.7600717685332457,1.517980872864382,1.493656486138871,1.5303281189912574,1.835316138035457
2014-08-15,1.4980843499049838,1.7599637433835285,1.5178877061458478,1.493564812339867,1.5302341944552664,1.8352034947307154
2014-08-18,1.5108655673389322,1.774979239194213,1.5308378800221036,1.5063074704014248,1.5432897049580203,1.8508609140897676
2014-08-19,1.518420891313676,1.7838553056626394,1.5384930787283315,1.5138400008862543,1.5510071709986166,1.8601164389626845
2014-08-20,1.5221832281002883,1.7882753347052331,1.5423051502950234,1.5175909871621684,1.5548502499295835,1.8647254275150191
2014-08-21,1.5266735119230064,1.7935505628497541,1.5468547917167772,1.522067724346864,1.559436898103812,1.8702261755632235
2014-08-22,1.5236314595721208,1.7899767308132783,1.543772526111937,1.5190348494964816,1.5563295613714423,1.866499559564696
2014-08-25,1.5309262551339424,1.7985467260241725,1.5511637524489847,1.5263076375508,1.5637809078933975,1.8754359284075126
2014-08-26,1.532535401213756,1.800437166144223,1.5527941700233334,1.5279119290333703,1.5654245872732406,1.8774071862404866
2014-08-27,1.5326120272175565,1.8005271871023205,1.5528718089554452,1.5279883238658734,1.5655028577199,1.8775010556611043
2014-08-28,1.5300220682890948,1.7974844787186206,1.550247613050065,1.5254061785272603,1.562857316622819,1.874328269244222
2014-08-29,1.5351023723410777,1.8034528682404933,1.5553950742490805,1.5304711559222322,1.5680466472363235,1.8805518118311835
2014-09-02,1.5342671488996507,1.8024716397972294,1.5545488098890614,1.5296384522479458,1.5671934993677386,1.8795286351464493
2014-09-03,1.5330717832403606,1.8010673128509065,1.5533376425481165,1.5284466928608935,1.5659724803998551,1.8780642721848113
2014-09-04,1.5307193649236808,1.7983036694373091,1.5509541273322829,1.526101371503041,1.5635695776874179,1.8751824809718443
2014-09-05,1.538427940906026,1.8073597778219308,1.5587646039027345,1.5337866916528775,1.5714435846213328,1.8846257446859969
2014-09-08,1.5337001164715258,1.8018054847073068,1.5539742817914337,1.529073130487421,1.5666142980624604,1.8788340014338774
2014-09-09,1.5236621099736407,1.7900127391965175,1.5438035816847817,1.519065407429483,1.5563608695501059,1.8665371073329433
2014-09-10,1.529217495249188,1.7965392586585955,1.5494324042628906,1.5246040327859753,1.5620354769328975,1.873342640327735
2014-09-11,1.5305661129160792,1.7981236275211139,1.5507988494680591,1.5259485818380343,1.5634130367940993,1.8749947421306086
2014-09-12,1.521439955863422,1.7874021314116861,1.5415520526535385,1.5168499572868859,1.5540910265969892,1.8638148941350265
2014-09-15,1.5203595292098329,1.7861328359025097,1.5404573437107614,1.5157727901485891,1.5529874132990946,1.8624913353043153
2014-09-16,1.5317384907742293,1.7995009481800077,1.5519867251293704,1.5271174227753355,1.564610574627985,1.8764309442660614
2014-09-17,1.533723104272666,1.801832490994736,1.5539975734710672,1.529096048937172,1.5666377791964583,1.8788621622600628
2014-09-18,1.5412247900447495,1.8106455427924941,1.561598424924817,1.5365751030392494,1.5743004559243932,1.888051978538547
2014-09-19,1.5404891804082637,1.809781341594757,1.5608530911765433,1.5358417126472175,1.5735490596364654,1.8871508321006163
2014-09-22,1.5281447311959788,1.7952789652452286,1.5483454592133248,1.5235345051309286,1.5609396906796689,1.8720284684390858
2014-09-23,1.519317415558144,1.7849085508723816,1.5394014542340402,1.5147338204265435,1.5519229352245294,1.8612147111839128
2014-09-24,1.5312174339483848,1.7988888056649437,1.5514587803910098,1.5265979379143126,1.5640783355907024,1.87579263220586
2014-09-25,1.506459572120395,1.7698030341035995,1.5263736414256726,1.5019147675324824,1.5387891542751164,1.845463422404243
2014-09-26,1.5193787163611845,1.7849805676388597,1.5394635653797295,1.514794936292546,1.5519855515818568,1.8612898067204071
2014-09-29,1.5155091031692516,1.7804345092549294,1.5355427993080815,1.5109369972511273,1.5480328940255674,1.8565494009792074
2014-09-30,1.511287010359836,1.7754743544637501,1.5312648941487186,1.5067276419801932,1.5437201924146458,1.8513771959031655
2014-10-01,1.491264635566726,1.7519518781128394,1.5109778411878936,1.4867656722470695,1.523268124702598,1.8268491162957297
2014-10-02,1.4912722981671063,1.751960880208649,1.5109856050811046,1.48677331173032,1.5232759517472638,1.8268585032377915
2014-10-03,1.5079231287929875,1.771522434403264,1.527856545029009,1.5033739088332965,1.540284119806307,1.8472563283380434
2014-10-06,1.5055630478759272,1.768749788893857,1.525465265919964,1.5010209479921934,1.5378733900492039,1.8443651501830145
2014-10-07,1.4827897995463741,1.7419955601472412,1.5023909752963232,1.4783164037721996,1.514611413302091,1.816467158375399
2014-10-08,1.508681726230614,1.7724136418884309,1.528625170456916,1.5041302176750795,1.5410589972282331,1.8481856356021598
2014-10-09,1.4775102678845093,1.7357931161343145,1.4970416528738173,1.4730527998127194,1.5092185795272723,1.8099995552948316
2014-10-10,1.460591246245326,1.715916488586358,1.4798989766635218,1.456184820795981,1.491936464904922,1.7892731872224172
2014-10-13,1.4365383436523018,1.6876589098395118,1.4555281158736135,1.4322044828731817,1.4673673716986007,1.7598075760904839
2014-10-14,1.4388064733648012,1.6903235301992017,1.457826228264124,1.4344657699152805,1.4696841769197129,1.7625861109407714
2014-10-15,1.4271516581867225,1.676631342472552,1.4460173466899122,1.4228461158915218,1.457779241982849,1.7483085720648013
2014-10-16,1.427358548396984,1.6768743990594157,1.4462269718066143,1.4230523819392809,1.4579905721888289,1.7485620195004692
2014-10-17,1.44574878930914,1.6984794290028469,1.4648603155134574,1.4413871417400834,1.4767754793870358,1.7710906804487458
2014-10-20,1.4589667749647521,1.7140080442746883,1.4782530313027507,1.4545652503469102,1.490277131435747,1.7872831555053192
2014-10-21,1.4875252865812543,1.747558855357675,1.5071890613008354,1.4830376044209062,1.5194485269056293,1.8222682885695802
2014-10-22,1.476667381842702,1.7348028855952409,1.4961876246205867,1.4722124566551824,1.5083576046140212,1.8089669916680353
2014-10-23,1.4948354073438361,1.752030108162341,1.5117868869516722,1.4874020586434271,1.523122296398027,1.8267296946805807
2014-10-24,1.5053791454668057,1.7642931231582324,1.5219989792198865,1.4975340634963297,1.534502875433216,1.8427831525435054
2014-10-27,1.5031186783546866,1.7594955574699973,1.5186723618538154,1.4943464985214794,1.5304131609646818,1.834263052262736
2014-10-28,1.5210644884447988,1.7773317320330129,1.5341559725331322,1.509578496487628,1.5475609317067132,1.8552736919733404
2014-10-29,1.5189572733402807,1.7757483125813953,1.5331364836716634,1.5083625089567874,1.5453443168263894,1.8542255698270238
2014-10-30,1.5284205848096613,1.7858873238906119,1.5424776729063512,1.517644619784818,1.5545998117493092,1.866205004758385
2014-10-31,1.5463510696990133,1.8050067762613156,1.5594884208490676,1.5344040308038371,1.5716463832453147,1.8846846047551484
2014-11-03,1.5461671672898913,1.8039254848152737,1.5595123016704238,1.5340038278249553,1.5708727407287728,1.8837078345967593
2014-11-04,1.5417918224728744,1.7984029897671827,1.5549331524954537,1.5294622418771726,1.5658197083611445,1.8784014901186545
2014-11-05,1.550580825108809,1.8064566357565432,1.5625088424145679,1.5367388994321138,1.574250474229563,1.8867994358669575
2014-11-06,1.5564350517991787,1.8123980595521192,1.5672920312103744,1.5415089027029736,1.5783667118541296,1.8931456070621213
2014-11-07,1.5569790964261634,1.812163415475491,1.567462281514732,1.5415654682743825,1.5785577421830135,1.8945591515223297
2014-11-10,1.5618371850671247,1.8178136709314472,1.5710723618126279,1.5454061996816124,1.5826542541584279,1.899697223386457
2014-11-11,1.5629252743210937,1.8182117840723473,1.5720057028910461,1.5463336367833558,1.584113712952306,1.9017705758918728
2014-11-12,1.5618295224667444,1.8178047588565953,1.571382530003745,1.5458207470592022,1.5830056382389517,1.9004416665041866
2014-11-13,1.5626570833077913,1.818767262940575,1.57295170949235,1.5471340252576153,1.585017849374912,1.9014453183494322
2014-11-14,1.5630325507264147,1.8192039546083068,1.5728089030621466,1.5471007438275732,1.5851690003673389,1.9011469426061631
2014-11-17,1.5641819407834243,1.8196733643480203,1.5734536890518886,1.5480143313895087,1.585743644564948,1.9017871672558095
2014-11-18,1.5722123459817325,1.8290132187925656,1.581092192503793,1.5554622214400864,1.5935052273060497,1.9115263073837494
2014-11-19,1.5698522650646722,1.825834599010391,1.5787750698395657,1.5530788606350368,1.5908043636788893,1.9069053231828212
2014-11-20,1.5729402930178389,1.8258790290024571,1.5805180003261687,1.5545910523483244,1.593018533323595,1.9106188517118066
2014-11-21,1.5811775884264083,1.834661461230754,1.5882408576301665,1.562451764898494,1.6000450038092922,1.9194652739694023
2014-11-24,1.5857061852510268,1.8377690951336687,1.5915496227320947,1.5652943519375513,1.6033256079425424,1.9249111681645146
2014-11-25,1.5838824863605716,1.8342647435176622,1.5892461792140573,1.562976369269896,1.6014960493685548,1.9227180669488857
2014-11-26,1.588326794581009,1.837977568358031,1.5928298367623033,1.5664815659695808,1.604313331746335,1.9280625993231073
2014-11-28,1.584288604180715,1.8347323600851286,1.5899608277639745,1.562761787897633,1.5997571492587443,1.921087662833691
2014-12-01,1.5734690124440631,1.825785569402986,1.582699596396054,1.555263677378051,1.5914278792071543,1.908076490915758
2014-12-02,1.5835146815423287,1.8310322654789368,1.5880241487649251,1.5611127314819704,1.5973646844261675,1.919097585282726
2014-12-03,1.5894761846380188,1.8378965237711862,1.5943881640437427,1.5676815591617916,1.603724105326161,1.9273260221739466
2014-12-04,1.5876294979464234,1.8343657032928702,1.591703021112566,1.565297658948273,1.601871485089476,1.9251052768253474
2014-12-05,1.5902730950775457,1.8360051343375692,1.5934400199517884,1.5672745146416052,1.60363979618542,1.927224960375939
2014-12-08,1.578733218905168,1.8255267421185717,1.5854104905844393,1.5586133843493697,1.5940829102955532,1.9144069973659137
2014-12-09,1.5783577514865446,1.825796661637246,1.585692494521921,1.558688034978328,1.5958525600038675,1.9150148685840969
2014-12-10,1.5525501134064856,1.814339298207945,1.5720092940916788,1.5437600929812059,1.5794058221185043,1.8966924238084786
2014-12-11,1.5595920431557655,1.8470261382835407,1.591604780894433,1.5648455629493592,1.596545472527419,1.9146952691927908
2014-12-12,1.534305461901551,1.8207193634735035,1.5691065818269667,1.5428382621798575,1.5739047361304215,1.8885242898895527
2014-12-15,1.5245739594188688,1.7940648428513155,1.5556687094823396,1.5228605968261901,1.5550264047202502,1.871524647911624
2014-12-16,1.511631827376939,1.8571119714053146,1.5647464852729718,1.5358466700413917,1.5486079124995076,1.8644361349772227
2014-12-17,1.5423971679028996,1.7883231046691968,1.5675978925604015,1.5260569539569375,1.5631347966749645,1.8696514461101839
2014-12-18,1.5794381781401339,1.8269529520820047,1.602941759403909,1.55969224993494,1.5965188605198286,1.908389715712549
2014-12-19,1.586656347698155,1.8313506656567051,1.6080669021783014,1.564547192586872,1.6004061171307316,1.9131567784011734
2014-12-22,1.5927021393980263,1.837901559324992,1.6135565269444792,1.5699037779992264,1.606165427026471,1.9196330140968523
2014-12-23,1.59548366333599,1.8395392663144952,1.6154753602868714,1.5715681537187116,1.6085030771178688,1.9229709840812461
2014-12-24,1.595261447924968,1.8392841964580446,1.6152946936767048,1.5714299731347205,1.6080535847039301,1.921925292925041
2014-12-26,1.6005409795868326,1.8441780069110554,1.6196203494553092,1.575518468017677,1.6116332119891454,1.9282609990386697
2014-12-29,1.6019202476552445,1.8453724335938835,1.6211298573131678,1.5770033421861702,1.612365740115691,1.9299161907664684
2014-12-30,1.594089070066818,1.837549717547838,1.614083350114507,1.5700569137513307,1.6062643315716971,1.9205183799564118
2014-12-31,1.5776527922515786,1.8264586616903828,1.6023479366737123,1.558869738236601,1.5935432193749648,1.9067665096644197
2015-01-02,1.577116410224974,1.8242879118577118,1.6012425512230675,1.5577837876687008,1.5933498709935046,1.9061228239924979
2015-01-05,1.5482897075951696,1.7974194486527988,1.5763332819270444,1.5335158197168404,1.569806423673617,1.877501814137394
2015-01-06,1.534520014712193,1.7823914459781898,1.563578214385895,1.5206252543003478,1.5546885324267048,1.8581210716436714
2015-01-07,1.5523662109973642,1.7943233441111248,1.5768778685174056,1.532834895844858,1.5656859677473765,1.8743439375440285
2015-01-08,1.5801354747747196,1.8203667921494486,1.6006292562632454,1.5562374083323587,1.5912684258410432,1.904552378354688
2015-01-09,1.566856188316067,1.8070679988503584,1.5897795166545239,1.5453666448749377,1.5791578389457988,1.8893955815976657
2015-01-12,1.5541745846870596,1.7944552555099973,1.5795696813149571,1.5346862986350815,1.5677268693268571,1.8757350561993602
2015-01-13,1.5501670446882856,1.791021500097358,1.576626329620755,1.5314600691644404,1.5643190557137663,1.8709258046791455
2015-01-14,1.541155826641329,1.7787341481407812,1.5677711836243988,1.5217394494397032,1.5542119288085525,1.8601118853908616
2015-01-15,1.5269033899344084,1.762763260808411,1.5563188852610275,1.5096728441291736,1.5422710018891994,1.8445662802926193
2015-01-16,1.5474008459510822,1.7812372996683383,1.573462453859582,1.527101140950597,1.5610906167647058,1.8668272043361118
2015-01-20,1.5497992398700422,1.779325104402164,1.573317665561237,1.5275936220420536,1.561977791973036,1.8681473558527195
2015-01-21,1.5571323484337647,1.7873536437588564,1.5758307962290945,1.5315995943641345,1.566018679691904,1.873312025339088
2015-01-22,1.5809093974131063,1.8088736438954962,1.5964291392634493,1.55116388803494,1.5854043854064583,1.897468098428561
2015-01-23,1.572227671182493,1.8008411641475515,1.5890283091387087,1.5440953332658038,1.5781586574352893,1.886087242262042
2015-01-26,1.576265861582787,1.8003887934686682,1.5899119587324426,1.5446676694056927,1.5792896036424555,1.8898560871243537
2015-01-27,1.5551630601360877,1.779157955358919,1.570290841031896,1.525863876671665,1.559024327000984,1.8668036439618565
2015-01-28,1.53417519769509,1.7699734230219726,1.5576798700087915,1.5148954598980602,1.549267005805204,1.850132468327765
2015-01-29,1.548803101820634,1.7774302326662352,1.56702148593257,1.523019772016171,1.5562342212121674,1.8602695220919396
2015-01-30,1.5286811132225833,1.7669381742222388,1.5530078676178143,1.5104182095884577,1.5426316298192166,1.8456703506857073
2015-02-02,1.5484965978054315,1.7812065918778655,1.5696530208248742,1.525819416360787,1.5587255123216448,1.8630266557714723
2015-02-03,1.570856065714461,1.7988242160565733,1.5888493395440964,1.5437851393579312,1.5770260572638475,1.8875758166645298
2015-02-04,1.5643275301906456,1.7950717434895769,1.5849675612877652,1.540013261573791,1.573741853426464,1.881881644738202
2015-02-05,1.580426653589162,1.806950180627759,1.59754291648381,1.5516974203824114,1.5854830341627653,1.897933868396728
2015-02-06,1.575024520321216,1.8017279435396203,1.5937189981190236,1.5482805948712606,1.5822483551570248,1.894621995463059
2015-02-09,1.5683350701894196,1.7932096554158965,1.5882097652023894,1.542181166824281,1.574422813049954,1.8845732554979984
2015-02-10,1.5850778520198616,1.80627782216772,1.600977250856574,1.5544811897860673,1.5882962984657787,1.9024328196279323
2015-02-11,1.5850318764175815,1.8053089850164061,1.6002026774979898,1.5534109903223576,1.5867590763467505,1.9034187901629451
2015-02-12,1.6003187641758108,1.8199307869621126,1.6121246910230917,1.5656350978389197,1.600254978251539,1.9164221658495746
2015-02-13,1.606839637099246,1.8264243264749151,1.6178710013612208,1.5713849210952915,1.6067474839965423,1.9231479399395859
2015-02-17,1.6094066082265681,1.8293413581263565,1.6198861311727826,1.5734591077741054,1.608977034291213,1.9262052590605223
2015-02-18,1.6089008766014836,1.8283083635515223,1.6184642478181317,1.572355748615191,1.6074015255366754,1.9224807350082516
2015-02-19,1.607192116716729,1.8232517537446655,1.615727270046449,1.5699648534605868,1.6057114297373498,1.921260383796223
2015-02-20,1.6170385582051128,1.8311948289403412,1.6232040183804664,1.5767349359800067,1.610041289147267,1.9289031047043528
2015-02-23,1.6165481517807883,1.8301207447981631,1.6225427324454014,1.5757751661520136,1.6095562392317655,1.9283229764020868
2015-02-24,1.6210077852019862,1.8320036220540092,1.6246880552013243,1.5780225620544042,1.6126659317711975,1.9335985181508155
2015-02-25,1.6197664439404158,1.8316518512980124,1.6243374328377942,1.5773068433680943,1.6114381491725844,1.9321300683857054
2015-02-26,1.6173757126218353,1.8273951398344266,1.621376185324843,1.5747899563139982,1.6090735308345148,1.92930194291216
2015-02-27,1.6125942499846748,1.820971211432624,1.616109933001879,1.5693291230150408,1.60342577909478,1.9236456919650695
2015-03-02,1.6224713418745786,1.8289487694887634,1.6237698328630603,1.5768276849257483,1.612276472394333,1.9337277711543526
2015-03-03,1.6151075829093364,1.8217092342482861,1.617448763442312,1.5703825669127365,1.6049931447568822,1.9234147147171077
2015-03-04,1.6080196775577764,1.8132129151399081,1.610114074940811,1.5633308098302787,1.5979826576969007,1.9142290141491556
2015-03-05,1.6099429902531723,1.8138095345039593,1.61105848032784,1.5637648722998398,1.5993491623576817,1.9149021376747932
2015-03-06,1.587123766321339,1.7902272354567883,1.590134150967469,1.5430069830962194,1.5767791834770062,1.8903111434690718
2015-03-09,1.593384110831852,1.7951806737732834,1.5948730024765871,1.5480836506808213,1.5824353483280027,1.895313742968603
2015-03-10,1.5663581192913631,1.7663433566981295,1.5703986396778058,1.5243330155682708,1.5571588661126536,1.866547369249914
2015-03-11,1.5633543799423775,1.7629641279121855,1.5680406378277323,1.5211647995562703,1.5551064507631658,1.8645961507970732
2015-03-12,1.583054925519524,1.7825155170067595,1.5841137566559604,1.5377988547893764,1.57275478495933,1.8838958241820374
2015-03-13,1.573438362042543,1.7716968126027812,1.5754258283222595,1.5293682376710003,1.5637790597491201,1.8725198707547963
2015-03-16,1.5947327284987436,1.7946083832694733,1.5950044731695128,1.5490487493697216,1.5833865208489304,1.8977101293797392
2015-03-17,1.5894378716361188,1.7886516304860876,1.5894614989464058,1.5435376713823945,1.5781494975425012,1.8914465566162144
2015-03-18,1.6087629497946425,1.8098701112472646,1.6070815555530704,1.5603325754156154,1.5947120648592576,1.9070979348307726
2015-03-19,1.600924109605836,1.8005154520864193,1.5995554706084825,1.5535525712898166,1.5839185631147634,1.8989578544319727
2015-03-20,1.6153527861214982,1.8134650296582886,1.6135217317199777,1.5668290414590333,1.5976352183215607,1.9158911945471118
2015-03-23,1.6125329491816345,1.8084521367366775,1.6095430878810753,1.5626500177234117,1.5938048205212427,1.9115223657052542
2015-03-24,1.6026328694905905,1.796177664595685,1.5997235550181308,1.5526816710963747,1.5840893439414847,1.8999037382869004
2015-03-25,1.5793002513332925,1.7739353514185525,1.5788107282008148,1.5329272159109102,1.562697916901082,1.8735803261234638
2015-03-26,1.5755455771470608,1.7716258348622136,1.575432710797027,1.5294686872146985,1.560519372022369,1.8702333798035293
2015-03-27,1.5792772635321526,1.7745338411143143,1.5785650656045949,1.5328206808739697,1.563738499374982,1.8746128469496113
2015-03-30,1.598602341690676,1.7898163559427027,1.5943882863404562,1.5481803245681363,1.581197113210608,1.8930545562486851
2015-03-31,1.5845414699932567,1.7760282371161504,1.5818284610425217,1.5357415674082544,1.5678414045021298,1.879731364168474
2015-04-01,1.5782581376816038,1.767157851089605,1.5749860216550782,1.527921283579801,1.5606120938426395,1.8723573127110051
2015-04-02,1.583828848157911,1.7708658979729188,1.5789131337180788,1.5324389741390456,1.5656359542149167,1.878895038820249
2015-04-06,1.5942959602770796,1.7800273473471926,1.5871277921896032,1.5401556322962575,1.5744017730047952,1.8858816355238732
2015-04-07,1.5910087047140318,1.7751179564400437,1.5835482406036563,1.5366835968145198,1.5711758136760676,1.8809642485640345
2015-04-08,1.595276773125728,1.7786233624387904,1.5868188545966162,1.5403505798819652,1.5749213213387296,1.8859732079077058
2015-04-09,1.6023876662784282,1.7859190781143144,1.592084489553473,1.5459159465442827,1.5814566446446505,1.8943184758985974
2015-04-10,1.610724575491939,1.7945802781212696,1.5988562454878468,1.5526274120481847,1.5881319817373774,1.9030430844508315
2015-04-13,1.6033454913259364,1.7863617695813323,1.5926682385482747,1.546288863731189,1.581953634086474,1.8943830703611453
2015-04-14,1.6059584380555387,1.789271957963595,1.5945349052128341,1.5482510241943435,1.5845178581682833,1.8974495966379712
2015-04-15,1.614226383865629,1.7978563494795223,1.6020865020926447,1.5551807762926948,1.5882904738858443,1.9007957761104164
2015-04-16,1.612969717403298,1.7951389785633343,1.6003155500792083,1.5533982223545066,1.5875075545033952,1.8977468181641557
2015-04-17,1.5947250658983632,1.7803490480429798,1.5849010256555163,1.5397140361535782,1.581521680897905,1.8791180707115593
2015-04-20,1.6094525838288485,1.7912609178513588,1.5970355133656875,1.5505148912727285,1.5836403458824524,1.8952307086290285
2015-04-21,1.607069515110648,1.7886332993733096,1.5944136529303168,1.5483546442400478,1.5870545068653392,1.8908686448725525
2015-04-22,1.6152455097161775,1.794984820489097,1.6013457159701305,1.5544734253973091,1.5892831978416246,1.9003998278623455
2015-04-23,1.6190538221050697,1.7978521957492974,1.6040663975045382,1.5568511353385577,1.5922365219790033,1.9037833782146318
2015-04-24,1.6227012198859807,1.8005421433952244,1.6071139560897736,1.5599052075219337,1.5945919078918622,1.9080353398858048
2015-04-27,1.6159811193526639,1.7957959181543468,1.6016412697234461,1.5545910792686977,1.5880459010556265,1.9002013684874468
2015-04-28,1.6204560779746218,1.796734859991358,1.6039535412484105,1.5566219030308057,1.5919637376672293,1.9054180609579614
2015-04-29,1.6143949610739903,1.7927152438693814,1.6003252749850638,1.55334380123973,1.588454683863492,1.899408298985244
2015-04-30,1.5980429718629316,1.778680455105973,1.585682446885645,1.5392014704055512,1.572967507391666,1.880345933005659
2015-05-01,1.6154983755287196,1.7912683996849341,1.599015574124106,1.5520926907867105,1.5871344715064033,1.8996386088544972
2015-05-04,1.6202491877643597,1.7938432480906834,1.6025865679751894,1.555057269459746,1.5910058784752281,1.9041208807096348
2015-05-05,1.6010696990130573,1.7766908026764705,1.5864960073262182,1.5389549520123325,1.5742771111139744,1.8828183487141226
2015-05-06,1.5939358180592167,1.7741518264749943,1.581646943824023,1.5353101252698915,1.5689667552089723,1.875558009779296
2015-05-07,1.5999509593575678,1.7787866218619186,1.5864269697900377,1.5399258656109238,1.5743848744150268,1.8825701734596965
2015-05-08,1.6214828664255503,1.7938717807287274,1.6031535306362488,1.5562339367621831,1.592963925712903,1.9066150417645518
2015-05-11,1.6132302458162204,1.7847722787967053,1.5958524622723131,1.5484753846959085,1.58492510089805,1.8969945318488939
2015-05-12,1.6084717709802,1.778859618302485,1.590829882037058,1.5442488869370687,1.580731092960403,1.8914473297526788
2015-05-13,1.6079813645558758,1.7763212683154646,1.589460344171769,1.5422144568302334,1.5798121993212866,1.8892916408290343
2015-05-14,1.6253141666155826,1.7941010117117533,1.6052516045122076,1.5578100378948307,1.5951833131296693,1.9068573974311087
2015-05-15,1.6265631704775334,1.7954781879558757,1.6061273409226222,1.5585765514000218,1.5959587678962837,1.908313426322708
2015-05-18,1.6315208729234352,1.799612902772304,1.6095168968537903,1.5622822289257985,1.6003468424341218,1.9140928784261717
2015-05-19,1.6304710966713665,1.7984553988125205,1.6080004488364492,1.5608561949311575,1.5978116044199409,1.9128690995418216
2015-05-20,1.6289539017961137,1.7961166371577504,1.6061448934108409,1.5587384642995654,1.5905982211555318,1.9037084429408362
2015-05-21,1.632762214185006,1.8003157573622213,1.6098998808842055,1.562382620833455,1.5943168622445756,1.9081591007771919
2015-05-22,1.629114816404095,1.7962940647720236,1.6063035548533775,1.5588924427446593,1.5907553468353508,1.9038964989057527
2015-05-26,1.612364371973273,1.777824695019563,1.5897876542160037,1.5428640198410732,1.574399311783743,1.8843207684625478
2015-05-27,1.6271378655060382,1.794114239796665,1.6043542857022144,1.557000707562077,1.5888249456261492,1.9015860970510652
2015-05-28,1.6250766260038008,1.7918414765471624,1.6023219081763893,1.555028317003493,1.5868122404894236,1.8991771896909453
2015-05-29,1.6148087414945134,1.7805199049697165,1.5921977970812016,1.545203025745119,1.5767861256819418,1.887177428120088
2015-06-01,1.6181343100594618,1.7841867423313669,1.5954768002269566,1.548385246943727,1.5800333897315293,1.8910639180616942
2015-06-02,1.616502176178508,1.7823871193865937,1.5938675198812287,1.5468234655720596,1.5784396864076535,1.8891564932746845
2015-06-03,1.6199273585483973,1.7861637928904135,1.5972447420152207,1.5501010067604877,1.581784218735224,1.8931593988136202
2015-06-04,1.6059584380555387,1.770761386184679,1.5834714177416924,1.5367342112649538,1.568144213291912,1.876834350049685
2015-06-05,1.603651995341139,1.7682182570467602,1.5811972703986688,1.5345271868852741,1.565892078547843,1.874138881219216
2015-06-08,1.5932691718261511,1.7567699514591186,1.5709598297016694,1.5245919110232617,1.5557537311119198,1.8620047939591329
2015-06-09,1.5939358180592167,1.7575050087182515,1.5716171413921776,1.5252298217243652,1.5564046803568832,1.8627838829566437
2015-06-10,1.6131306320112795,1.7786695884208652,1.590543184894749,1.5435972505319968,1.5751475293066894,1.885216273057388
2015-06-11,1.6159351437503833,1.7817618982696304,1.593308427178957,1.5462808748607768,1.5778860054406734,1.888493819874503
2015-06-12,1.6046328081897876,1.7692997206004266,1.582164349667463,1.535465722169656,1.5668497969772146,1.8752851271006115
2015-06-15,1.5972154110218844,1.7611211524758235,1.5748508126972076,1.528368049081517,1.5596070513550933,1.8666166426225592
2015-06-16,1.6063032550726415,1.7711415882152648,1.5838114065471278,1.537064165075869,1.5684809111772375,1.8772373271173628
2015-06-17,1.6094832342303687,1.774647895830668,1.5869468588639213,1.5401070724432013,1.5715860138974649,1.8809536711859494
2015-06-18,1.6254214430209035,1.787989602944441,1.6000743415787637,1.5527760248673748,1.5847942407424511,1.8984982098835934
2015-06-19,1.6168010175933305,1.7806077709859174,1.5930330632571348,1.5459378375124937,1.5778828788231374,1.8897784968716551
2015-06-22,1.6266551216820941,1.7862940242757368,1.599428902110179,1.5516159604086048,1.5830105972129034,1.8965219241253681
2015-06-23,1.6276895727334029,1.7843809712544203,1.598800983948358,1.5509614327307593,1.5807637966603834,1.8968230738301317
2015-06-24,1.6157205909397414,1.7733438775782855,1.5882398747376354,1.540745722045198,1.5706154217956745,1.8829751698764434
2015-06-25,1.6109161405014407,1.7680993707683839,1.5837359418710268,1.535877389639872,1.5645490998988607,1.8774165042048923
2015-06-26,1.6102878072702753,1.7669064439283673,1.5825127398549133,1.5347207419392532,1.5639416969137327,1.8766895335748008
2015-06-29,1.5766873046036902,1.753552298536852,1.5627371313483025,1.51648300423784,1.5459731562070358,1.8602066420467978
2015-06-30,1.580878747011586,1.7535642689858049,1.5654681732924265,1.5183219651829716,1.545085708734347,1.8553825915095352
2015-07-01,1.5918439281554588,1.7543788594399972,1.5688282413049812,1.5214169666031534,1.549733177607876,1.8553502859329778
2015-07-02,1.591353521731135,1.7604350840665266,1.5728285547108862,1.5254770542824891,1.554060215570483,1.858186524486691
2015-07-06,1.5852081162263227,1.753219757666471,1.5681570206193507,1.5200683830069182,1.546427041071813,1.8519720895577572
2015-07-07,1.5948476675044445,1.7566436369980898,1.5729338114691953,1.5247871238863107,1.5517215410521634,1.8597212523508737
2015-07-08,1.5682890945871393,1.7438778254029668,1.556760746058963,1.5089759038692174,1.5344697427760974,1.837592089888775
2015-07-09,1.5718368785631092,1.7512998581110695,1.5628753144567573,1.5149278923465945,1.5402308208857893,1.8433090604596039
2015-07-10,1.5912309201250536,1.7532026620937673,1.5709787598311415,1.5226416488197718,1.5482252702109396,1.857686399972664
2015-07-13,1.608839575798443,1.7607621837025147,1.5793267495828716,1.5316384140443464,1.5621387364630863,1.8750139549273956
2015-07-14,1.6160041071538036,1.766554770568748,1.5860982774599597,1.5384719054541764,1.5686904249455207,1.883303193209533
2015-07-15,1.6148164040948938,1.7652582816444502,1.5841984411009615,1.5370013283685513,1.5675422851565597,1.8819290414087513
2015-07-16,1.6277585361368234,1.7773576596807095,1.5950413434647852,1.5474268031246368,1.5792761470540955,1.8943949249304848
2015-07-17,1.6295592472261389,1.779323304178838,1.5962866813564665,1.5489094603456843,1.58026850086076,1.8964783163703802
2015-07-20,1.6308159136884697,1.7806950731051923,1.5969919138474462,1.5496322684707056,1.5810803361875545,1.8970365654443229
2015-07-21,1.6238659351437505,1.7731085217868816,1.5900610890214608,1.5430483701276967,1.5743618665837622,1.8889955610358746
2015-07-22,1.6199886593514377,1.7683690705188926,1.5859146361926086,1.5386916824496588,1.5695660216994372,1.8782397747478632
2015-07-23,1.6107935388953596,1.7583317369114255,1.576912921255489,1.529958006887662,1.5606571021523883,1.867578810626597
2015-07-24,1.5935526880402135,1.7395117363974244,1.5600347057483896,1.5135823652089178,1.5439528780016716,1.8475895028992235
2015-07-27,1.5843499049837553,1.7294660383452842,1.5510254893821558,1.5048414115839521,1.535036534355,1.8369196546411894
2015-07-28,1.6039738245571018,1.750887381152554,1.5702366493437918,1.5234805308458472,1.5540496534883268,1.8596719289033248
2015-07-29,1.6157129283393616,1.7637017103914203,1.581728838746848,1.5346305233133304,1.5654233741100594,1.8732824264314745
2015-07-30,1.6157589039416418,1.763751897059458,1.5817738473215335,1.5346741916911402,1.5654679187077947,1.8733357312520806
2015-07-31,1.6120885183595905,1.7597453280611437,1.5781806627758002,1.53118799952931,1.5619117749885976,1.8690802297403422
2015-08-03,1.607644210139153,1.7548939501508678,1.5738298338895256,1.5269667230076778,1.557605797207524,1.8639274304150633
2015-08-04,1.6040274627597624,1.7509459322652643,1.5702891593475918,1.5235314772866257,1.554101622185685,1.859734117860699
2015-08-05,1.6090234782075648,1.7563995501919882,1.5751800911300935,1.5282767743419776,1.5589421351395814,1.8655265750332535
2015-08-06,1.5965487647888188,1.742782234264524,1.5629677645320676,1.516428087829535,1.5468557009540849,1.8510632003754024
2015-08-07,1.5919588671611602,1.7377719319054636,1.5584744084926225,1.5120685281115047,1.5424086652801834,1.8457416024515374
2015-08-10,1.6123490467725126,1.7600297191800218,1.5784357113656848,1.5314354536702328,1.5621641943757636,1.8693822903904445
2015-08-11,1.5969395574082024,1.7432088209428416,1.5633503374168958,1.5167992690409198,1.5472343300348348,1.8515162913505565
2015-08-12,1.5984567522834552,1.7448649809880739,1.5648356203815204,1.5182403255086494,1.5487043017600977,1.8532753504305652
2015-08-13,1.5964185005823577,1.7426400387050849,1.562840240237125,1.5163043607590732,1.5467294912605016,1.850912170050351
2015-08-14,1.6026635198921106,1.7494570611134899,1.5689539049652523,1.5222359820782627,1.5527801324528725,1.8581527415160444
2015-08-17,1.6110157543063814,1.7585743058069394,1.5771304626998028,1.5301690707137434,1.560872401041442,1.8678364505928609
2015-08-18,1.6067859988965856,1.7539571323475043,1.5729896738287277,1.5261515799552248,1.5567742980497994,1.8629324070970787
2015-08-19,1.5935220376386932,1.739478278618733,1.5600047000319326,1.5135532529570443,1.5439231816031815,1.8475539663521525
2015-08-20,1.559898547170968,1.7194146669975376,1.5347417915937704,1.4891825187534786,1.5166298994120506,1.816145141820265
2015-08-21,1.5102142463066268,1.7038782582997374,1.501288812255118,1.4619519895081428,1.5077788596316464,1.8217279949791727
2015-08-24,1.4506911665542819,1.7293325236113366,1.4790049877151314,1.4561430951551313,1.5771021136163303,2.012063691165428
2015-08-25,1.4310749095813156,1.69915573091244,1.4581975598786445,1.4302199857775033,1.5225632237510391,1.895117205052231
2015-08-26,1.4869352663519892,1.7236109452712303,1.4996208483273632,1.4614153855321665,1.5079961685628556,1.8237476135231252
2015-08-27,1.5230644271439957,1.766021652733826,1.5360044928906973,1.4944401892520824,1.536373263324378,1.8436626388839343
2015-08-28,1.5239916017899837,1.7692681155911727,1.5398739629273854,1.4975957633063957,1.532087908661413,1.8395947741037573
2015-08-31,1.5112027217556554,1.7913592793036301,1.5424929144489246,1.5021461159161977,1.5345344500855949,1.8290210999304173
2015-09-01,1.466506773738736,1.8070252716004014,1.5242247584900215,1.494544339646805,1.5505448236456019,1.8557259758948612
2015-09-02,1.4933335376693435,1.756337029561246,1.5237934744014885,1.4762572014180235,1.4893532412651553,1.7797707463118129
2015-09-03,1.4950729479556184,1.752605550786354,1.5241359314658052,1.4772664188595206,1.4971389098330468,1.7930578846652057
2015-09-04,1.472154110218844,1.7760941751160022,1.5214089534404243,1.4820429592462503,1.5031025652202663,1.7995965594601055
2015-09-08,1.5090801814503771,1.7430534858648707,1.53142862805472,1.4781391397490031,1.4918645176710978,1.785528052681298
2015-09-09,1.4881076442101393,1.74395606571706,1.5189284429681777,1.468133296449133,1.4684961017497355,1.751191137971264
2015-09-10,1.495961809599706,1.7266322698477026,1.5170065905824182,1.4612264782410946,1.467226139832036,1.755074222832849
2015-09-11,1.502674247532643,1.7114413691408963,1.5174246244193959,1.4557589130035888,1.4659638515880757,1.7576468074562406
2015-09-14,1.4965288420278307,1.7025556759782579,1.5101905839028134,1.4448327327583947,1.4593340632669158,1.7485401423971518
2015-09-15,1.5157313185802737,1.6946901403820054,1.5123952405649597,1.446004886799259,1.4700897468163305,1.7623698025238224
2015-09-16,1.5289263164347453,1.6825769402276587,1.514692046079897,1.4515404608332134,1.4791078988756166,1.7713567873697313
2015-09-17,1.5250107276405322,1.6867238260102906,1.5145140042555012,1.4522245771071367,1.4813032092966758,1.7738948917471513
2015-09-18,1.5003601422178632,1.6652208938821191,1.4937993157508742,1.4327957252524939,1.4600507313562332,1.747964303201718
2015-09-21,1.5072105069576414,1.6593001688491014,1.4951445242283519,1.432997334092033,1.4603217793991834,1.7479488164763073
2015-09-22,1.488644026236744,1.6505442739837255,1.4826598253291892,1.4216361273921947,1.4469808307435217,1.7318082338679999
2015-09-23,1.485594311285478,1.6414855799449455,1.4778164001205016,1.4167506002629986,1.4428274017700895,1.7261546612561018
2015-09-24,1.4805982958376755,1.6410137177005666,1.4754357473849222,1.4143415782823683,1.4380787606551864,1.720424347527233
2015-09-25,1.4799086618034698,1.6421743869668963,1.4757445313505229,1.4146308035821373,1.439194649200087,1.721132914105417
2015-09-28,1.4419251517194875,1.6126462187078079,1.4437297690600355,1.3847654441357464,1.4064415132987687,1.6799097687833875
2015-09-29,1.4437028750076628,1.61037659182162,1.4450628444133111,1.3851062282907454,1.405715186419612,1.6796057112525453
2015-09-30,1.4712422607736164,1.6304379981803139,1.468394031763887,1.4064590028609052,1.427033567250544,1.7050070610852015
2015-10-01,1.4741463863176607,1.6274835551679265,1.4683125085462398,1.4053271438645798,1.427440421303622,1.7053389038628062
2015-10-02,1.4952491877643597,1.6435915944386192,1.4851896971523517,1.4209532244769443,1.4443887209567072,1.7280437686846943
2015-10-05,1.5225970085208118,1.6680331405869042,1.5077467756883565,1.442667581613792,1.4673543900299433,1.7562245207347518
2015-10-06,1.5171335744498256,1.6628455863300213,1.5037006035250506,1.4381782326866792,1.4623937251017778,1.7493020298175312
2015-10-07,1.5293247716545089,1.6730685530948817,1.5129919322374412,1.4473177394689043,1.4725833871073062,1.7626289937675348
2015-10-08,1.5428109483234231,1.6854671959509497,1.5238163233988504,1.4580884313685527,1.4843395794391174,1.7780973273413307
2015-10-09,1.5439296879789128,1.6863036485913812,1.5244620303982364,1.4590690083410776,1.4854110433003898,1.778536992474332
2015-10-12,1.5458989762765893,1.686154746952063,1.5231006103699243,1.4587679472860364,1.4863907970494936,1.7801396626814703
2015-10-13,1.53534757555324,1.6761887081078999,1.5169992182787055,1.4513362799321885,1.4774453626551296,1.7695370109203779
2015-10-14,1.5281064181940784,1.6682995337117907,1.510096042093444,1.4448567813526485,1.4702201816863545,1.7612315704503567
2015-10-15,1.5508030405198308,1.690732872238471,1.527862971348971,1.4633146804827695,1.4907976037168682,1.786420569301431
2015-10-16,1.557890945871391,1.6976902722572793,1.5344157285400688,1.4697244625545494,1.4972959665517942,1.7945502332535679
2015-10-19,1.5583123888922947,1.6981494305554659,1.5329959978810834,1.4689084786540827,1.4974095791533764,1.7943775606300774
2015-10-20,1.556097897382456,1.6957367624068143,1.531854124371433,1.4676431081051209,1.4952886678115431,1.7926810933942054
2015-10-21,1.547033041132839,1.6854782809820017,1.5248837695031603,1.4608307111246488,1.4874588122366281,1.7814404091023497
2015-10-22,1.5727563906087172,1.7056387282447085,1.5446803320523685,1.4797484486053183,1.5078812947894213,1.8089271721666635
2015-10-23,1.5901045178691842,1.7251930865538094,1.5624477984925718,1.4966378399692757,1.5239813844282046,1.8287041307456486
2015-10-26,1.587062465518298,1.7214905711819508,1.5600009017392513,1.493962596900914,1.5201904970836315,1.819439423964645
2015-10-27,1.583008949917244,1.7154329876861019,1.5546919533734647,1.4888791687483531,1.515299093994355,1.8138287053141597
2015-10-28,1.601751670446883,1.7331205917167098,1.5715612984466951,1.5048630145223643,1.5307984767334926,1.8342058185711823
2015-10-29,1.6010313860111567,1.7323436958761786,1.5710862280965634,1.5041649590708355,1.5301128549861067,1.832536385511703
2015-10-30,1.5933304726291917,1.7240375222619901,1.5642704059442827,1.4972561801727882,1.522644809690857,1.8237573027502723
2015-11-02,1.612249432967572,1.7427579571694627,1.580907468794555,1.5131561618962572,1.5391383168998538,1.8443353304128858
2015-11-03,1.6166477655857292,1.7475019807063226,1.5854786208375682,1.5175581953486619,1.5433249858679339,1.850339142395083
2015-11-04,1.6109161405014407,1.7417412430502508,1.5808929647120658,1.5128385993318256,1.5384200979353082,1.842815369815384
2015-11-05,1.6090924416109853,1.7385101001398533,1.5777008256282947,1.5101384909281437,1.5361332513687578,1.8407363432509853
2015-11-06,1.6085330717832402,1.737064027045777,1.5763822761942035,1.5089685443022254,1.535600800437277,1.839250353711894
2015-11-09,1.5927327897995465,1.7212860164112647,1.5629571984760697,1.4957737445233292,1.5211117957380011,1.8220862520115273
2015-11-10,1.5951388463188867,1.7221957008065154,1.5634796890137101,1.4963254023215333,1.522437970512896,1.8248291694116159
2015-11-11,1.5899895788634832,1.716641722031655,1.5591607370423624,1.4919152367070747,1.5175365044039242,1.8181106718385973
2015-11-12,1.5677450499601544,1.6943343426243296,1.541743724681865,1.4736002619785327,1.4973265561824096,1.794589783008562
2015-11-13,1.5501747072886654,1.6800181081469983,1.5303715594502265,1.4607335218398216,1.4819790387202025,1.7735698085717373
2015-11-16,1.5732774474345617,1.6973519768318872,1.5440209556158957,1.4768225713319636,1.5021795317478506,1.7999070568560311
2015-11-17,1.5711702323300438,1.6950791432558652,1.5436882493351953,1.4754827112888547,1.501000089369034,1.79750482027952
2015-11-18,1.5965640899895788,1.7220474844827456,1.5645405026292258,1.4977514539847083,1.5231748518058166,1.8236262717741343
2015-11-19,1.5947710415006437,1.7224599395339175,1.5646966326255525,1.4981664096250038,1.5250777151927497,1.821598697780723
2015-11-20,1.6008474836020354,1.7233634069178438,1.5679837819096292,1.5009437048258507,1.527220485737501,1.8284699207583945
2015-11-23,1.5988705327039787,1.7184598901379844,1.5639735097533758,1.4968887639123591,1.5227088689954902,1.8254745460082227
2015-11-24,1.600824495800895,1.72147718693916,1.5671976208956637,1.4997666834090984,1.523813940881447,1.8284439262200178
2015-11-25,1.6006176055906334,1.7175329218730888,1.564709916004489,1.4973556470930922,1.5220318941443776,1.8282099753746242
2015-11-27,1.6015677680377616,1.7194783514694567,1.566124268751506,1.4983305433643022,1.5226119874596964,1.8257384763338964
2015-11-30,1.5941350456690984,1.7106107799339567,1.558388112578321,1.4912426578075548,1.515591835556774,1.8173335755919773
2015-12-01,1.611161343713603,1.7255337029768045,1.5726915954256078,1.5052526104259802,1.5316730495034687,1.8365868636832592
2015-12-02,1.5934454116348928,1.7089435457221165,1.5570527646141703,1.490694629345383,1.5168444498685458,1.8193398349512344
2015-12-03,1.5705418990988782,1.6919336391504767,1.5391440124992757,1.473815049013843,1.500501051109343,1.7962267055430854
2015-12-04,1.6027784588978116,1.7156515385329687,1.5643086002191129,1.4974671897916403,1.5237554761201724,1.8271075220217552
2015-12-07,1.5915757371421568,1.7036891608556508,1.5538980651464767,1.4872478147512083,1.5147612278227562,1.8172256124965662
2015-12-08,1.5812465518298293,1.6959174819312204,1.5463896522929377,1.4797350203934436,1.5059573719755739,1.805545399919137
2015-12-09,1.5690093790228652,1.689366362287709,1.537988723054245,1.4712823087346678,1.496303420392805,1.7944937363179476
2015-12-10,1.5725418377980753,1.690345847936025,1.5411444131593555,1.473777144792586,1.5002744581943033,1.7984882303818903
2015-12-11,1.5419987126831363,1.6958958916953224,1.5308961170911584,1.4625148386265563,1.489302848048447,1.777374068965435
2015-12-14,1.5493318212468583,1.6771974173159352,1.5264899578492945,1.4564742254352927,1.482795360909372,1.7773080400250445
2015-12-15,1.565783424262858,1.6752170363042285,1.5321663246061183,1.4655126599492176,1.493891186051646,1.7923655245456187
2015-12-16,1.5885106969901308,1.6962275165196818,1.5502724887112225,1.4847248140557971,1.5130298560904982,1.8119867039151665
2015-12-17,1.5646187090050883,1.6756622292283514,1.5306639704052065,1.465878392478532,1.4935267642789758,1.7877240380642627
2015-12-18,1.5367728192239318,1.6523607430109721,1.5077896550604726,1.4439469349146812,1.4692235779942144,1.7589963259592414
2015-12-21,1.5487264758168335,1.6556139477420682,1.5134207907630384,1.448927220450689,1.4746323881931422,1.7640393641576675
2015-12-22,1.562381229694109,1.6646353305857058,1.5233572974711227,1.4581068630509988,1.4837256791153521,1.776741368560783
2015-12-23,1.5817829338564335,1.6847845907296728,1.5418824028947893,1.4759140483325672,1.501264164710362,1.7978962507378162
2015-12-24,1.5792542757310122,1.6824723648463074,1.5401518904948746,1.4740507755500485,1.499762346157414,1.7951916969903026
2015-12-28,1.575813768160363,1.6766698981626538,1.5350483959377705,1.468695922897849,1.4947528890050283,1.789796425921509
2015-12-29,1.5925642125911852,1.6918510297856049,1.5499754651655724,1.4832423314116487,1.5092239607771716,1.807504307960796
2015-12-30,1.5810703120210876,1.682948557208586,1.5411709292878333,1.4747867711477012,1.500340020238427,1.7951285188352404
2015-12-31,1.5661895420830014,1.667217621452869,1.5270412283937709,1.4608631009983915,1.4857406864853278,1.7798340128730101
2016-01-04,1.5422209280941583,1.6462104303703724,1.5065134447055293,1.440824607409475,1.4653457819588416,1.7539748259557535
2016-01-05,1.5453242812480843,1.645521188945698,1.5073194039192381,1.4417415163884657,1.4664438703705283,1.7568753721499117
2016-01-06,1.5250567032428126,1.6259001842791567,1.4896550766442502,1.4243426678463043,1.4484671594285736,1.7353466747770816
2016-01-07,1.488912217250046,1.6071792689142346,1.4662419417781396,1.4004109914711067,1.4211300029214662,1.6992105444320422
2016-01-08,1.4727747808496292,1.6031122539062426,1.4577211456575603,1.390906086051812,1.4086239165970773,1.6823459152408013
2016-01-11,1.4740314473119598,1.5853130425806983,1.4504340748218547,1.3828829468933364,1.4018024506567164,1.6778760822050798
2016-01-12,1.4855330104824376,1.5855620275224998,1.4553266274873713,1.3884863586154736,1.409874058717268,1.6881465403611344
2016-01-13,1.4484460246429227,1.5640402707073147,1.4315790757778055,1.3628715862769802,1.3799460058972666,1.6510970661261495
2016-01-14,1.472629191442408,1.5758908852393652,1.448639279872844,1.3791420653479523,1.3989671518559106,1.6756885531029346
2016-01-15,1.4408217372647578,1.5686118757553045,1.432483941563616,1.3607727100495044,1.3741435630476626,1.6417321475552014
2016-01-19,1.4415879973027645,1.552459636755699,1.4297725184097525,1.3536023755896665,1.3710835404296822,1.639275490511015
2016-01-20,1.4247302764666216,1.5579529097201326,1.42106327277817,1.3370384123818666,1.3546200235169672,1.6185774853626418
2016-01-21,1.4321323484337642,1.5651006570771846,1.4285004863063933,1.3434295006791437,1.3600106590832435,1.621507324988219
2016-01-22,1.4611812664745907,1.5887584441403881,1.453132177662423,1.3661411710215854,1.3822292795134554,1.6496825447403185
2016-01-25,1.4383313921412368,1.5663298837672412,1.4325105995239946,1.346748857608379,1.3623337332442818,1.6275801691080216
2016-01-26,1.4586755961503097,1.5854688553975234,1.4505019568850328,1.3635916445786027,1.3796557165158407,1.6488876435097062
2016-01-27,1.4428293385643352,1.5691796668044211,1.4362198291755375,1.3502161969044382,1.3667467543038865,1.6310653846458538
2016-01-28,1.4508061055599828,1.576372543983395,1.4429668933007844,1.3563233731637885,1.372642503713811,1.6400368408727735
2016-01-29,1.4867283761417274,1.6126644071764344,1.475893887275369,1.3871750524081334,1.403803610194677,1.6777409281491389
2016-02-01,1.4860693925090418,1.6110854804062829,1.4747548299017021,1.3860316045415109,1.4027174456828582,1.6769997703820734
2016-02-02,1.4582158401275056,1.5820860383814046,1.4498300642046926,1.3624459590612727,1.3785062259543375,1.6470217420238442
2016-02-03,1.4654953104885673,1.5893895708545451,1.4566227981289286,1.3687443758027418,1.38557328387703,1.6558833573521556
2016-02-04,1.4677327897995462,1.5915232938784851,1.4590085605933292,1.3708013725564427,1.386783471429181,1.65705103184312
2016-02-05,1.4406071844541162,1.5641774364866747,1.433863905684886,1.346995452103297,1.362361542930577,1.6285661315094115
2016-02-08,1.4202170048427634,1.5426806143974148,1.4157576356968935,1.3294651890639326,1.3444945721901362,1.6049589242639046
2016-02-09,1.4192745049960154,1.5416602902708927,1.4157794009355,1.3291657716993692,1.3431415390733492,1.6038988962947298
2016-02-10,1.419006313982713,1.5405044248958986,1.4157627054749224,1.328871318978641,1.3424232208368667,1.6035972623197612
2016-02-11,1.401550910316925,1.524492788189997,1.401788245833679,1.3157853249665905,1.3277487421563114,1.585314014076739
2016-02-12,1.428906393673757,1.5483368779534203,1.4265658356283837,1.3377717537513703,1.3519211762733594,1.6140574578175628
2016-02-16,1.452507202844357,1.5727324185392748,1.4458211857374288,1.355178945051244,1.3717709976400867,1.6385780256073448
2016-02-17,1.4764451664316802,1.5983584824920138,1.466224318011116,1.3760596265823717,1.3925473973448868,1.6625785808532132
2016-02-18,1.4695564886900017,1.5894533207296924,1.4591232823727929,1.369145971535549,1.3853930738472848,1.6576699927160816
2016-02-19,1.4695181756881013,1.5875094511014236,1.457656916448537,1.3675083787694886,1.3846352377930906,1.657627281077344
2016-02-22,1.4907589039416416,1.6057073877515844,1.4755903011184976,1.3839216920351975,1.3994142106645662,1.6766883394595136
2016-02-23,1.4721924232207442,1.5892338819580454,1.4596233196291102,1.3691918199666984,1.386616542144681,1.6606085534612232
2016-02-24,1.4787286213449393,1.59357509812888,1.4649267494713616,1.3738810870416922,1.389160946016817,1.6651241945219697
2016-02-25,1.4955097161772817,1.609276808303938,1.4794445221720218,1.387675990974343,1.4043144357316504,1.6829082373383504
2016-02-26,1.492712867038558,1.606659856305652,1.4776325085841084,1.3854686278816735,1.4012387121253134,1.679790287710511
2016-02-29,1.4805906332372951,1.5936678950009668,1.4661116531962828,1.3746683352022644,1.390435406285517,1.666276325213959
2016-03-01,1.5159305461901549,1.6273571449836737,1.4968102691998064,1.403985006296026,1.4219381414152112,1.701978921808644
2016-03-02,1.5221372524980077,1.6340091605695113,1.5023566576868996,1.409327109451081,1.4274757374274964,1.708898207284123
2016-03-03,1.5274627597621528,1.639336192764825,1.5066911961378333,1.4136035897259946,1.431726336771117,1.7176060893700609
2016-03-04,1.5325124134126156,1.6443675795961576,1.5123983263747631,1.4187307664762576,1.4364414209383032,1.7232354833556662
2016-03-07,1.533868693679887,1.6450600451110375,1.5131891731222689,1.4194506848387773,1.4377078395992924,1.7219765110655525
2016-03-08,1.5166278428247408,1.6273433471153662,1.497694841685123,1.4049154320546255,1.4230534205913807,1.7055272379350892
2016-03-09,1.5242904432048057,1.6347945889600537,1.504145104458769,1.4109976965292228,1.4297441457041344,1.7112986013811715
2016-03-10,1.524527983816588,1.63466861067784,1.5042200059651898,1.4111793311353458,1.4299659478424995,1.7143343778427664
2016-03-11,1.5495233862563598,1.661076783483044,1.5277352770433978,1.4336540354809482,1.4525831950706019,1.7394284866537042
2016-03-14,1.5475694231594432,1.6589826304282433,1.525204023605241,1.43134567565222,1.4500366321094773,1.7372501930780906
2016-03-15,1.544726598418439,1.6559358430426314,1.522623230313315,1.4289866802991562,1.4485684052952736,1.7350046441591505
2016-03-16,1.5533776742475325,1.664827041471796,1.5302929814273465,1.4362109178263738,1.4539127772903828,1.7372596942324714
2016-03-17,1.5636225709556792,1.6730685001607206,1.5390703019286047,1.4443270621616082,1.4621941963404768,1.7477754941087256
2016-03-18,1.5705112486973576,1.6803775870638704,1.5462183473279116,1.4505373227949903,1.468577306762218,1.7554025819455852
2016-03-21,1.5720590939741308,1.6802674458435836,1.5461211425270456,1.4507081641346564,1.4696653842454357,1.7571163436174937
2016-03-22,1.5706798259057195,1.6770515535020953,1.5438848918837695,1.4483838683479815,1.4652141199366135,1.7547619625240003
2016-03-23,1.560649482008214,1.669037741568775,1.5362822993324319,1.4402462233974815,1.4552564212781807,1.7397958703850536
2016-03-24,1.5600594617789492,1.6666592630337178,1.5346924613026447,1.4389205419187119,1.4543635338707657,1.7383153383114043
2016-03-28,1.5609100104211364,1.665371157890702,1.533754655298608,1.4377902622564391,1.4535938961635364,1.7392570588340865
2016-03-29,1.5746720407037331,1.6773443973232811,1.5447455308438263,1.4488526091520573,1.4659997467415875,1.7544942665704604
2016-03-30,1.581522405443511,1.6832984960744841,1.5505526003343961,1.4542605937536404,1.4720011861957114,1.7620789345639554
2016-03-31,1.5782964506835035,1.6794375520098628,1.5477274388288673,1.4515993283906674,1.4693581574529149,1.7585071837527009
2016-04-01,1.5882884815791085,1.6891631616494296,1.5563294686339586,1.459207823526158,1.4779245232814866,1.7695702789020502
2016-04-04,1.5831928523263654,1.6837565512038293,1.551843633421686,1.4551113884331024,1.4735490372212283,1.763928439734629
2016-04-05,1.5671320419297492,1.6689061274227608,1.5380905343060989,1.442319302635429,1.4590131164245759,1.7461460413964116
2016-04-06,1.5835989701465085,1.683749341763072,1.5516154541059677,1.4550995156791202,1.4733195525908411,1.7643780900742883
2016-04-07,1.564634034205848,1.6671318937467985,1.5368538591848901,1.4409841443313613,1.4573907797149772,1.7442075340949168
2016-04-08,1.5689940538221048,1.669567439106166,1.539679191431514,1.4437290451536997,1.4607384733016426,1.748207645783905
2016-04-11,1.5646953350088884,1.6650063737528098,1.5361140479531772,1.4400827806274892,1.4574475815874732,1.7434481393584569
2016-04-12,1.5798136455587566,1.6784186653681878,1.5490542096199484,1.4525860414959306,1.4707640037971914,1.760187009549918
2016-04-13,1.5956752283454914,1.6943720400829194,1.5630767293587815,1.4661532430615922,1.4835575548910473,1.7769215582168003
2016-04-14,1.5959510819591736,1.6946647287686962,1.5625587079432317,1.4660221362770325,1.4844189603078173,1.7772269810890218
2016-04-15,1.5943802488812602,1.6929980293080225,1.5608118919082794,1.4644001804074385,1.4826172425277993,1.775487767511095
2016-04-18,1.6048090479985286,1.7031870628632786,1.5694770974293857,1.4726110040934433,1.4913286945046746,1.7870344488747945
2016-04-19,1.6097590878440506,1.708439198724719,1.5743613371217227,1.4773260395504346,1.4959154457087287,1.792515092637432
2016-04-20,1.610985103904861,1.7093019249368107,1.5755942600827695,1.478153638051827,1.495436024557336,1.7872543953685258
2016-04-21,1.6026175442898298,1.7010638722263822,1.5688073724326228,1.4714959926003834,1.4884584207247913,1.778915186660118
2016-04-22,1.6026941702936306,1.6967332600004188,1.566373718362732,1.469285017511992,1.4869859288421683,1.7781482730167808
2016-04-25,1.599790044749586,1.6931313236494592,1.5635712585765325,1.4658586454380378,1.484317062067177,1.7758096791298092
2016-04-26,1.6027861214981913,1.694624295802144,1.5656174410342747,1.4680311666041679,1.486714374932991,1.7752705078059732
2016-04-27,1.6054297186293138,1.6946442410350304,1.5659506159910541,1.4685250108922705,1.487956964731652,1.7781740311066683
2016-04-28,1.5906102494942682,1.6840400834199913,1.5551901587477301,1.4580690147824997,1.4758809079868616,1.7657272996682654
2016-04-29,1.58255685649482,1.6783375873527475,1.5496465580327998,1.452048690596726,1.4700228185693112,1.7568820736131048
2016-05-02,1.5949166309078646,1.6852552598618005,1.5577632167101438,1.4609038658402012,1.4790076383189892,1.7666272659804259
2016-05-03,1.5810779746214672,1.6729244277472743,1.5462799660553648,1.4499803183322924,1.4671208281238297,1.7522790264410146
2016-05-04,1.5716912891558876,1.6625130891217164,1.5376420713980146,1.44192532670183,1.4588505999800667,1.7449481720467697
2016-05-05,1.5713158217372645,1.6615673039087921,1.537184739321203,1.439613391378338,1.4588616048901024,1.7445357875779757
2016-05-06,1.5763041745846869,1.6607418978929236,1.5385583117692887,1.4423990375731401,1.4619029486185835,1.747035852480629
2016-05-09,1.5774918776435969,1.659783932608772,1.5376609308659983,1.441929370376729,1.4614515278100513,1.7466381869928105
2016-05-10,1.5971847606203637,1.6793669300724126,1.5549063290323282,1.4584241256228072,1.4788370078785773,1.767416257841587
2016-05-11,1.5819131980628944,1.6655309457339742,1.54228940524747,1.445769598988811,1.4655146838236923,1.7514942245131033
2016-05-12,1.5816450070495924,1.6641464574702758,1.5406677079904836,1.4449558369442752,1.4649121622669568,1.7511996641782501
2016-05-13,1.5682354563844785,1.6500608144672648,1.5289989062759193,1.4337956202158508,1.4529449550813192,1.7373227206673245
2016-05-16,1.5835989701465085,1.6639933859487652,1.5419021290302293,1.4460831879503224,1.4663517815143041,1.7533457466178943
2016-05-17,1.5686952124072824,1.648338199868276,1.5287684072949448,1.433586793819738,1.453367466971819,1.7369766080096283
2016-05-18,1.5690170416232452,1.6481248675574476,1.5283381913007488,1.4326191841654274,1.4486784385466447,1.7313725657602237
2016-05-19,1.5632011279347757,1.6415773831005396,1.5225465668889355,1.4268446279240155,1.4429598746488181,1.7267023003366218
2016-05-20,1.5726108012014957,1.6468677525063633,1.5293651587742954,1.4331126806992232,1.450756154657928,1.7343366629025974
2016-05-23,1.5693312082388278,1.6424583923244094,1.5258882178256785,1.429829774471956,1.4454588871724285,1.7300324950750807
2016-05-24,1.59080181450377,1.6607905336961526,1.543650973086815,1.4461430310581995,1.461980216623933,1.7525259961266417
2016-05-25,1.601897259854104,1.6708305534114651,1.55364257914985,1.4558818080923108,1.4717198215839924,1.7629638391015257
2016-05-26,1.6015601054373811,1.6699805097304348,1.5526863660257282,1.4545576779445173,1.4710092280359128,1.762595517730162
2016-05-27,1.6084257953779193,1.6761213769448093,1.5585990797164144,1.4603811873679826,1.4769400267944914,1.7693744748045852
2016-05-31,1.6068166492981055,1.6734491390450599,1.5566530049477496,1.4587276453159221,1.4747218204264094,1.766654703654929
2016-06-01,1.608632685588181,1.6753376615695148,1.5581430141843742,1.460376880861769,1.476784215641276,1.7686386164961367
2016-06-02,1.6131766076135596,1.6795635203498924,1.5619974773811054,1.4641934919596329,1.4809376791621154,1.7745644577647082
2016-06-03,1.6084794335805799,1.674678860824614,1.5573627971801112,1.4595648972698838,1.476241721917172,1.768471197690972
2016-06-06,1.6163565867712864,1.6823709951245605,1.5643815256726787,1.4659491425426416,1.4830395819364726,1.7761146506527095
2016-06-07,1.6184408140746642,1.6845384133804753,1.566496455283961,1.4678331532961086,1.4853471225530754,1.7783915464029572
2016-06-08,1.6237969717403293,1.6901083595601973,1.5716096011957206,1.472766618350988,1.489840615796059,1.7842428336434824
2016-06-09,1.621007785201986,1.6872078439530172,1.5695009015494708,1.470819334811466,1.488038437575673,1.782157685013231
2016-06-10,1.60613467786428,1.6752371059685274,1.5586021358506235,1.460860100499125,1.4770877872579342,1.7692762475834252
2016-06-13,1.5931005946177892,1.6771651582864877,1.5581867815643082,1.4588339978726526,1.4741417301101554,1.7685035093666976
2016-06-14,1.5902347820756453,1.6582031414133689,1.548561764185879,1.4497446575923216,1.467095658811996,1.757918256803504
2016-06-15,1.5873076687304601,1.6506643077674188,1.5427267572616457,1.4459232486915419,1.4609708370941572,1.745582758270829
2016-06-16,1.5922806963771223,1.6541969389593405,1.5467234407338168,1.4498318657312772,1.4661979804536958,1.7526940657114176
2016-06-17,1.5870931159198183,1.6491736817372433,1.541914776488762,1.4455635626103607,1.4635246900906114,1.747773591240859
2016-06-20,1.5963112241770365,1.654219769323898,1.547333132853202,1.4506634636561657,1.4683989397160955,1.7561123971762331
2016-06-21,1.6006405933917733,1.6586769215350965,1.551582674413452,1.454324013590336,1.4717618980856082,1.7608258498232947
2016-06-22,1.5979969962606506,1.6600819576311172,1.5507196221018538,1.4540866929906573,1.4724335231776835,1.7610994701863805
2016-06-23,1.619352663519892,1.6741320599887397,1.5653926580003719,1.4675037745156196,1.4839659217825412,1.7748944830665256
2016-06-24,1.5611858640348188,1.632659701323611,1.522019028396167,1.4277343090424326,1.4454433652014966,1.7280534294113563
2016-06-27,1.532933856433519,1.6054784388022663,1.4971694667819933,1.4041452343478664,1.4195863024034912,1.69511304362821
2016-06-28,1.56017440078465,1.6151117405123359,1.5121026672909847,1.4165095625241753,1.4309455233640633,1.7094964055952293
2016-06-29,1.5867482989027155,1.6380258811470738,1.5349945253075328,1.4379952843197294,1.453106112368569,1.7364882917925517
2016-06-30,1.608272543370318,1.6592331157484859,1.5549071834961272,1.4565032447157404,1.47196987457445,1.7584674245326308
2016-07-01,1.6114065469257643,1.66182474956124,1.557616934750222,1.4591578102361829,1.4745747377318923,1.7611521373936094
2016-07-05,1.6003724023784711,1.649830057123368,1.5465962434919682,1.4487139561672846,1.4634935536283709,1.7505937423460913
2016-07-06,1.6089391896033836,1.6580148254930092,1.5540270166611572,1.4557776242616618,1.4708815554678492,1.7584658865044878
2016-07-07,1.6075369337338319,1.6565711815024793,1.5523616506587816,1.454435484328135,1.4696038142824457,1.7554845760919249
2016-07-08,1.6320572549500398,1.6805454876072603,1.574634595581739,1.4753988361361805,1.4909902415583998,1.7821802370476405
2016-07-11,1.6376203028259668,1.6862727309795253,1.5796293917403899,1.4799226434491382,1.4954070939176358,1.7875094890441734
2016-07-12,1.649098878195304,1.698090100912932,1.5903094540001688,1.490193910383357,1.5065186371668013,1.8000063953544356
2016-07-13,1.649321093606326,1.6983188750972238,1.5902052831144666,1.4902308803882232,1.5057210513034565,1.7995209986872482
2016-07-14,1.6579951572365597,1.7072489570495715,1.5985067068119854,1.498053314693527,1.5139727431634722,1.8089645887695025
2016-07-15,1.6564549745601664,1.7056633152894816,1.5973493610140306,1.496830546993621,1.5128736915096355,1.8072877675623176
2016-07-18,1.6604012137559,1.7097260292519012,1.6005924222528378,1.499899055461462,1.516165151536241,1.8115841005060993
2016-07-19,1.6580181450377,1.7072726233444986,1.5983888788163967,1.497990946472131,1.5139936897402824,1.8089896159516994
2016-07-20,1.6650983877888799,1.7142444067217517,1.6048816043426206,1.5039660877531984,1.5197227772610444,1.816455545988444
2016-07-21,1.659083246490529,1.712399264402708,1.6017482371741572,1.5009767828677525,1.5250946208388945,1.8109683901116513
2016-07-22,1.666638570465273,1.7145897314609388,1.6065859183766904,1.5054435792026275,1.5214521495296351,1.8166052163138822
2016-07-25,1.6616195672163303,1.709474261812529,1.602047179403133,1.501055864526914,1.51691715107166,1.812698451669478
2016-07-26,1.6621559492429347,1.7087964940817042,1.601805219044361,1.5013076218982266,1.516340413875672,1.8132777393398032
2016-07-27,1.6601636731441178,1.704929234342204,1.5989659012656539,1.4985820865455006,1.5148779780692603,1.8096123865792426
2016-07-28,1.6628302580763807,1.7051981519046542,1.6006363599168734,1.5000498363720098,1.5172874123644897,1.8124922738545735
2016-07-29,1.6655428186109236,1.7067383878746911,1.6020517107505,1.5018191245687529,1.5197383886303268,1.815421814358789
2016-08-01,1.6634279409060257,1.702133941255997,1.5984717978089424,1.4976115081878905,1.5164283477780574,1.8121286236595866
2016-08-02,1.6528458897811562,1.6937974211458138,1.589801973065323,1.4892936440922988,1.506866770876586,1.801709247648378
2016-08-03,1.6580258076380798,1.6966279777412967,1.5928879532982063,1.4923525330667142,1.5104857724962735,1.8032669432428363
2016-08-04,1.6583782872555628,1.6945383112565975,1.5918568533442181,1.4919111788419348,1.50940515135153,1.802638476127877
2016-08-05,1.6726460491632438,1.707855842598883,1.603927552076666,1.503224002407351,1.522297009563362,1.8180475281585264
2016-08-08,1.6711288542879907,1.7050850266499868,1.6017459724559453,1.5002943516686553,1.5195270144368251,1.8164089716053207
2016-08-09,1.6717801753202965,1.7057488662226812,1.6024960645444761,1.5011046348544308,1.5208392032771039,1.8171123923478585
2016-08-10,1.6669910500827556,1.7008676928940458,1.5981709180595192,1.4970500858569695,1.5165119146721657,1.8109310391359252
2016-08-11,1.674883528474223,1.708911866539637,1.605072536188287,1.5041075184608201,1.5236432862931037,1.8194548434278526
2016-08-12,1.6735502360080916,1.7063284875097162,1.6036157946217136,1.5029152919821114,1.5224385691454891,1.8190240416599317
2016-08-15,1.6782244222399312,1.7110925126784644,1.6074021236418614,1.5064386602762967,1.5266620028239088,1.8240721199299081
2016-08-16,1.6690293017838533,1.7017206598874848,1.5991775206996617,1.4986448112575552,1.5183536087024274,1.813132332283161
2016-08-17,1.6721479801385395,1.704287049794285,1.600920280368731,1.4997329364360859,1.516105796451093,1.8104456244892326
2016-08-18,1.675826028320971,1.708035790910677,1.6044416564654447,1.5030317413663374,1.5194406150408621,1.8144278714659576
2016-08-19,1.6734123092012503,1.7055756795530446,1.6021307534019764,1.50086690063086,1.5172521403413262,1.811814521887482
2016-08-22,1.6724698093545023,1.704615064641969,1.6012284007771937,1.500021581867483,1.5163975930776978,1.8107940710996961
2016-08-23,1.6757340771164102,1.7079420723827672,1.604353622063027,1.5029492712430812,1.5193572445761179,1.8143283152915395
2016-08-24,1.6669527370808555,1.6989919529673814,1.5959463366321238,1.4950733744721059,1.511395365193045,1.804820700634609
2016-08-25,1.6646769447679761,1.6966724194016138,1.5937674851722823,1.4930322389215125,1.5093319461906252,1.8023566853177606
2016-08-26,1.662048672837614,1.693993631478859,1.5912511685031725,1.4906749678984375,1.5069489404066865,1.7995110379989758
2016-08-29,1.6707380616686076,1.702850032366335,1.599570419531658,1.4984683945461563,1.5148274493250151,1.8089190964814883
2016-08-30,1.6674737939067,1.6995230246255368,1.5964451982458248,1.495540705170558,1.5118677978265955,1.805384852289645
2016-08-31,1.6635122295102063,1.69548531804809,1.5926523827416563,1.4919876173602664,1.5082759203038651,1.8010956404417977
2016-09-01,1.663443266106786,1.695415029152158,1.592586356939843,1.4919257647678243,1.5082133924553072,1.8010209733109843
2016-09-02,1.6704315576534052,1.702537637273302,1.5992769715235984,1.498193494135302,1.514549547775868,1.8085872425667613
2016-09-06,1.6754122479004474,1.7076140575350827,1.6040455016545645,1.5026606258116841,1.519065447949513,1.813979868681076
2016-09-07,1.6751670446882851,1.7073641414606564,1.6038107432481168,1.5024407054830007,1.518843126710195,1.8137143855492943
2016-09-08,1.6714430209035738,1.7035685410803103,1.600245349950195,1.4991006654911214,1.5154666228880542,1.809682360485361
2016-09-09,1.6304557714706058,1.6617935072645185,1.5610040150724447,1.4623396080496323,1.4783042382283182,1.765305195738484
2016-09-12,1.6543860724575492,1.686183754153043,1.5839149683016862,1.4838024576270803,1.5000014016780014,1.7912146901307995
2016-09-13,1.629850426040581,1.661176526955779,1.5604244552565272,1.4617966797381947,1.4777553826687522,1.764649784256898
2016-09-14,1.6288926009930729,1.660200292290052,1.5595074302313414,1.460937615954275,1.4768869403276665,1.7636127407733757
2016-09-15,1.6453595292098329,1.6769837186632313,1.5752729244643355,1.4757066405274217,1.4918172010556108,1.7814415923420879
2016-09-16,1.6391528229019796,1.6706577180293198,1.5693306023011315,1.4701399072076222,1.4861896946853757,1.7747215505688643
2016-09-19,1.6391221725004594,1.6706264785200169,1.5693012575003256,1.4701124171665367,1.4861619045304608,1.7746883651773917
2016-09-20,1.639612578924784,1.671126310668869,1.569770774313221,1.4705522578239039,1.486606547009097,1.7752193314409552
2016-09-21,1.6575124134126153,1.6893701841019757,1.5869081379838925,1.4866064418177938,1.5028359974793046,1.7945996000610154
2016-09-22,1.6682860295469866,1.6958813998813784,1.5946190118126982,1.4945785342068862,1.5121212123272114,1.806147618512645
2016-09-23,1.658715441672286,1.6873143250104272,1.5861034443991282,1.4863809311408935,1.5035305112138053,1.7948921014342685
2016-09-26,1.644470667565745,1.6773006135467157,1.5747678378313377,1.4757627722426632,1.491129533672245,1.7806204198300952
2016-09-27,1.6550680438913747,1.6819991242572594,1.5814764648288286,1.4814125752403644,1.4954856451542593,1.7909825304648688
2016-09-28,1.663834058726169,1.6886644458389983,1.588839425655521,1.4882691422966987,1.5029688069473555,1.8003786422064507
2016-09-29,1.6483249555569177,1.6773749909141147,1.5762453403458503,1.476828683682487,1.4925340394649518,1.7867457515355485
2016-09-30,1.6614586526083488,1.6868125527583024,1.5872248408963285,1.487101370634213,1.502983516001222,1.7978324930457075
2016-10-03,1.656041194139643,1.6802562694300902,1.5811622635976308,1.481309264056906,1.4959738165291534,1.790031630627668
2016-10-04,1.6478345491325934,1.669795701517913,1.5722349628145948,1.472769132876574,1.4882220680210527,1.7812350959465193
2016-10-05,1.6549147918837734,1.6758499490089236,1.578604554855147,1.4786746492422116,1.4945773985485047,1.7898212630983104
2016-10-06,1.6557117023233003,1.6761090957077927,1.5789861800412612,1.4784552798367576,1.494191738307739,1.7886814554201513
2016-10-07,1.6503248942561144,1.670128697114747,1.5742361393086177,1.4740678386701906,1.489356459778736,1.7829074461943362
2016-10-10,1.6579261938331389,1.675618789006138,1.5795138909362718,1.4788275434256692,1.4957941561736219,1.7880641243238447
2016-10-11,1.637290811009624,1.6580668583380398,1.5623662867494206,1.4626447622241425,1.4783725101938259,1.7699334790265744
2016-10-12,1.6391681481027398,1.6599611440834163,1.5642886466672223,1.464612014200103,1.4800576357124684,1.7699517586958988
2016-10-13,1.6340878440507571,1.6559248907946238,1.5605441005324303,1.4607826104867256,1.4765984587586691,1.7665002843517659
2016-10-14,1.6344173358670997,1.6535325668938603,1.5592737810964983,1.4592356852429755,1.4746922578422126,1.7638624606956435
2016-10-17,1.6294519708208175,1.6457975836884584,1.5531164333680865,1.4542406221556232,1.4698499301275232,1.757543187932482
2016-10-18,1.6394899773187026,1.6548362972541284,1.5612854787958064,1.4622670456880182,1.4781445569459468,1.7683027214827203
2016-10-19,1.643083736896953,1.657917543246489,1.5636487049252827,1.4644906293446378,1.479700550919556,1.7661728000945234
2016-10-20,1.6408232697848342,1.6532213633544157,1.5601486208033115,1.4609989743081986,1.4773058045771545,1.7637672916685754
2016-10-21,1.6406853429779928,1.651620713751063,1.5590167186808792,1.4598792448415965,1.4760988053330444,1.7627794805030061
2016-10-24,1.648478207564519,1.65647956405721,1.56452998069609,1.4650633144533725,1.4790537488290643,1.771072368873139
2016-10-25,1.6422178630540056,1.6502258696105445,1.558853615589163,1.459441597149068,1.473472292045699,1.7644103336731405
2016-10-26,1.6393597131122415,1.6483460015632776,1.5567882922675105,1.4579176092187085,1.4709240871739788,1.7605277576292873
2016-10-27,1.6344633114693798,1.6463805374270692,1.5540263561693168,1.455170029446213,1.468347312876624,1.7561582166322613
2016-10-28,1.6293830074173967,1.6466694813608338,1.5516665669286693,1.4529978449095426,1.467485563491579,1.7507519383732664
2016-10-31,1.6291837798075153,1.6498838240029423,1.5529872479166704,1.45412381743103,1.4669285305821336,1.750539927461149
2016-11-01,1.6181266474590814,1.6446899120291314,1.5460132077309672,1.4470140109409166,1.458533901911043,1.740735735866009
2016-11-02,1.6075675841353523,1.6414564069895572,1.5390889971835668,1.4412657848944082,1.452227441981403,1.7303401919040413
2016-11-03,1.6004566909826516,1.6499569958487958,1.5396237798956292,1.442921127760335,1.4526086563818326,1.7286602758615999
2016-11-04,1.597790106050389,1.6399789016044723,1.5351870487769073,1.438355143836024,1.4487316677912154,1.7227387975875164
2016-11-07,1.63329859621161,1.6500932873220777,1.553940806233503,1.4552379480653677,1.4695130962275804,1.7540777333414066
2016-11-08,1.6394593269171824,1.6552722279599354,1.5598201020493494,1.460836855635592,1.4777338827130329,1.7634372119942778
2016-11-09,1.6576196898179367,1.6607351078206825,1.570294389800929,1.470764814063893,1.4853610548695424,1.7751935100271408
2016-11-10,1.660853307178324,1.665915781320751,1.5752446347344724,1.474822272253471,1.4904120700631607,1.7842415082219731
2016-11-11,1.658531539263164,1.6596954975955784,1.5714962488946376,1.4715477274583075,1.4872580505909139,1.7789673164678652
2016-11-14,1.6583399742536624,1.6580412676387943,1.5701446454884944,1.4706735668138082,1.4870872593796725,1.7787634598215987
2016-11-15,1.6707457242689878,1.6694585939834377,1.58047252129575,1.4803185453595695,1.4963590493838326,1.7891617674293403
2016-11-16,1.6681021271378653,1.6663301822183858,1.578157105197133,1.477975005433242,1.4923580189862908,1.7804613030438772
2016-11-17,1.6759026543247715,1.670509860796301,1.5832940139032396,1.483105966035196,1.4982624574783279,1.7863724385991002
2016-11-18,1.6719027769263775,1.6655442924295019,1.5792886132190056,1.4790031726839055,1.4947197747353413,1.7821458324813986
2016-11-21,1.6843774903451232,1.6748514479304337,1.5890226405555952,1.4882215062799364,1.5014477785627316,1.7953276615228138
2016-11-22,1.6880248881260342,1.6784585360222903,1.592529559874151,1.491266908245053,1.5046782708724282,1.7991818080975768
2016-11-23,1.6893888309936858,1.6793024570328505,1.5939485992339006,1.492985417259614,1.506268968121862,1.8006230645898196
2016-11-25,1.6960016551216819,1.684832301342877,1.5993720419025874,1.4977164244094598,1.511743276112752,1.806762890560909
2016-11-28,1.6870900508796662,1.6770290821850418,1.5914636442566228,1.4897455511278257,1.504232943556927,1.7973461416818144
2016-11-29,1.6893428553914054,1.6782470922003914,1.5931950646212347,1.4917216249060714,1.5052237756427598,1.8005744829103056
2016-11-30,1.6848602341690673,1.6748239085826675,1.589465854971867,1.4877896413677258,1.501253527741137,1.7949899302253944
2016-12-01,1.678937044075277,1.6725008194637965,1.586388250167123,1.4861707275467668,1.4980163142609686,1.791910385515966
2016-12-02,1.6796036903083427,1.6726551488999635,1.587063489246304,1.4864817852516714,1.498989417392372,1.7911311022269254
2016-12-05,1.6893811683933058,1.6757602390443758,1.591741292067302,1.4907928224045006,1.5052577093855086,1.8006149676432341
2016-12-06,1.6951434438791146,1.6799439862939343,1.5960891276031528,1.4947777606276225,1.5099786882873734,1.8028885969276993
2016-12-07,1.7174569361858636,1.7020108781499967,1.6169574405768155,1.5142432011138858,1.5291198842694258,1.8264669053850713
2016-12-08,1.7211656347698154,1.7056785895711284,1.620732031420535,1.517496329374671,1.5320220145599481,1.8318695452850555
2016-12-09,1.731387543676822,1.714777632693187,1.629234855374814,1.5259404855053729,1.5404537213304434,1.8411871542777576
2016-12-12,1.7294182553791453,1.7123251597229658,1.6275319281054517,1.5236657030910428,1.5383268711736577,1.8382584003256102
2016-12-13,1.740728253540121,1.723510163974184,1.6380653045031146,1.5336332559892034,1.547961456025565,1.8493616548063703
2016-12-14,1.7265984184392815,1.7100414350935857,1.6245699352964025,1.5214183492665938,1.5354466916997658,1.8344308853024578
2016-12-15,1.7333031937718386,1.7156622146984974,1.6298981039347382,1.5261831563853865,1.5413850966808258,1.8415157135648892
2016-12-16,1.7302688040213328,1.71266135989939,1.6272065151690596,1.5235683622161857,1.5386975442551116,1.8383093227169773
2016-12-19,1.7336863237908415,1.7150312133590702,1.629066186695311,1.5255687140865537,1.541341778328823,1.841920560894171
2016-12-20,1.739992643903635,1.7212678383582254,1.6344615930308395,1.5305314094953588,1.5465446163777223,1.8485843479341495
2016-12-21,1.7357169128915586,1.7165344125864141,1.6302974538816384,1.5263532472697674,1.5398558034226553,1.8381313807292181
2016-12-22,1.7324832955311713,1.7133365319671636,1.6272602315613898,1.5235096716142,1.5369870726858297,1.8347069665869966
2016-12-23,1.7346518114387297,1.715481082240263,1.6292970417903716,1.5254166192694738,1.538910889743938,1.8370034338909036
2016-12-27,1.7385520750321828,1.7193382415653786,1.632960421318823,1.5288464297165918,1.5423710412724796,1.8411338291477537
2016-12-28,1.7240237847115794,1.7049705125272276,1.6193145125055741,1.5160705542593504,1.5294821467771662,1.8257483096841234
2016-12-29,1.7235180530864955,1.7044703700607098,1.6188394966924544,1.5156258244174843,1.5290334827282788,1.8252127378040603
2016-12-30,1.7155259608900875,1.6965666035064946,1.6113328074033093,1.5085977452498138,1.5219432311678296,1.8167490791539724
2017-01-03,1.7300849016122108,1.710964644209283,1.6250075050537174,1.5214005740308048,1.5348593174236815,1.8321670575194247
2017-01-04,1.7399849813032549,1.720755311887179,1.6343062994559947,1.5301064976018788,1.5436422560776606,1.8426512828079322
2017-01-05,1.7386440262367435,1.7194291765592908,1.6330467878302992,1.5289272896878403,1.5424526165540953,1.8412312058532196
2017-01-06,1.7447587813400354,1.7254763536544617,1.6387901608434705,1.5343044777758568,1.5478773727815531,1.8477067567667094
2017-01-09,1.7385674002329428,1.7193533973976973,1.6329748157374024,1.5288599063784667,1.5423846371527488,1.8411500585986647
2017-01-10,1.7385674002329428,1.7193533973976973,1.6329748157374024,1.5288599063784667,1.5423846371527488,1.8411500585986647
2017-01-11,1.7434867896769446,1.7242184195720078,1.6375954241013826,1.5331859148402542,1.5467489147191997,1.8463597123410966
2017-01-12,1.739747440691473,1.720520396486239,1.6340831859680145,1.5298976093428205,1.5434315199334863,1.8423997263188119
2017-01-13,1.7429657328511,1.723703121273171,1.6371060138696836,1.5327277083365132,1.546286654790043,1.845807911010122
2017-01-17,1.737793477594556,1.7185880278656014,1.632247897599144,1.5281793349537929,1.5416980451991482,1.8403304713276587
2017-01-18,1.7408585177465823,1.7216191943293464,1.6351267813150192,1.5308746673287383,1.5444172212530116,1.8435763615098593
2017-01-19,1.7345751854349292,1.7154053030786696,1.6292250696974748,1.5253492359601002,1.5388429103425916,1.8369222866363486
2017-01-20,1.7404140869245384,1.7211796751921034,1.6347093431762172,1.5304838441343713,1.5440229407252015,1.8431057074334403
2017-01-23,1.7357322380923186,1.7165495684187329,1.6303118483002175,1.5263667239316419,1.5398693993029249,1.838147610180129
2017-01-24,1.7471265248574757,1.7278179297477048,1.6410140985139845,1.5363866220355022,1.5499779362831627,1.8502142069324594
2017-01-25,1.7611490835529944,1.7416855163193374,1.654184991514114,1.5487177676508777,1.5624181667295884,1.8650641545160267
2017-01-26,1.7598541040887634,1.7404048484884052,1.6529686631441567,1.5475789897224632,1.5612693148468308,1.863692765914047
2017-01-27,1.7583292466131306,1.7388968431726923,1.6515364184955088,1.5462380618659277,1.559916524760034,1.8620779355484023
2017-01-30,1.747762520689021,1.728446896788932,1.6416114668850286,1.5369459035033033,1.5505421653143394,1.8508877291452661
2017-01-31,1.7462070128118676,1.7269085798085813,1.6401504333992218,1.5355780223230182,1.5491621834670035,1.849240439877799
2017-02-01,1.7467280696377123,1.727423878107418,1.6406398436309209,1.5360362288267593,1.5496244433961603,1.8497922412087735
2017-02-02,1.7477242076871202,1.7284090072081348,1.64157548083858,1.5369122118486163,1.5505081756136658,1.8508471555179884
2017-02-03,1.7604211365168883,1.7409656142841983,1.6535012566315939,1.5480776262118283,1.5617723624167958,1.864293255597754
2017-02-06,1.7566971127321767,1.737282747030748,1.6500034129168053,1.5448027973762692,1.5584685635113515,1.8603494990263802
2017-02-07,1.7570955679519398,1.7376767986710349,1.650377667799869,1.5451531905850122,1.558822056398354,1.8607714647500666
2017-02-08,1.7583139214123704,1.7388816873403736,1.6515220240769297,1.546224585204053,1.5599029288797648,1.8620617060974913
2017-02-09,1.768428553914056,1.7488845366707315,1.661022340339318,1.5551191820413732,1.5688762098575142,1.8727731436987527
2017-02-10,1.7747348740268496,1.7551211616698867,1.6669456435847316,1.5606648284028237,1.5744709145883387,1.8794515627486301
2017-02-13,1.7840449334886286,1.764328329803512,1.675690252871703,1.5688519004917205,1.5827304118519492,1.889310954177064
2017-02-14,1.7911941396432292,1.771398525580197,1.6824052491389823,1.575138763256281,1.5890728899975857,1.8968819930270466
2017-02-15,1.8001363942867652,1.7802419537381726,1.6908043923800489,1.5830023954601846,1.5970060861347326,1.9063518776336166
2017-02-16,1.7985808864096116,1.778703636757822,1.689343358894242,1.5816345142798995,1.595626104287397,1.9047045883661498
2017-02-17,1.8015999509593574,1.7816893357246106,1.692179059354379,1.584289416669221,1.5983044927004524,1.9079017901956175
2017-02-21,1.81249616869981,1.792465132503224,1.7024134909643163,1.5938713232621524,1.6079711635719376,1.9194409297933401
2017-02-22,1.8105345430025133,1.7905251859664273,1.700571005386156,1.5921463105421874,1.606230890897465,1.917363560076732
2017-02-23,1.8112931404401396,1.7912753996662039,1.7012835291058352,1.5928134053049863,1.606903886970796,1.9181669178968264
2017-02-24,1.8139980383743026,1.7939504040704588,1.7038241439850952,1.5951920361258758,1.6093035598383305,1.9210314159826183
2017-02-27,1.815844725065898,1.7957766818648653,1.7055586714239102,1.5968159738817804,1.6109418634107833,1.9229870648173941
2017-02-28,1.8111628762336784,1.7911465750914948,1.7011611765479104,1.592698853679051,1.6067883219885066,1.9180289675640827
2017-03-01,1.8359284006620487,1.8156384001185535,1.7244225569721834,1.6144771392686108,1.628759264503724,1.9442557602362627
2017-03-02,1.8251701097284374,1.8049990058308092,1.7143176751294609,1.6050165226325521,1.6192149565546634,1.932862685696739
2017-03-03,1.826089621774045,1.8059083557699322,1.7151813402442233,1.6058251223450357,1.6200307093708222,1.9338364527513991
2017-03-06,1.8201051308772143,1.7999900032494707,1.7095603197889766,1.6005624858829544,1.6147215181256536,1.9274988521706529
2017-03-07,1.8148026114142093,1.7947460852671917,1.7045798509605123,1.595899560874299,1.6100173435524696,1.921883462155446
2017-03-08,1.8106571446085942,1.790646432624977,1.700686160734791,1.592254123837185,1.6063396579396192,1.9174933956840197
2017-03-09,1.8121053760804264,1.7920786587790964,1.702046433290542,1.5935276683843467,1.6076244686250696,1.9190270787951094
2017-03-10,1.8180285661742166,1.7979363879702834,1.707609876071471,1.598736398198929,1.6128792763491608,1.9252997615722118
2017-03-13,1.8186952124072822,1.7985956666761476,1.708236033279674,1.5993226329904795,1.6134706971408763,1.9260057426868402
2017-03-14,1.81254980690247,1.792518177916339,1.7024638714293439,1.593918491578714,1.60801874915288,1.9194977328715284
2017-03-15,1.8277294182553792,1.8075300298280361,1.716721543032217,1.6072671251656319,1.6214854685596394,1.9355730039988766
2017-03-16,1.8247563293079139,1.8045897983582035,1.7139290258278177,1.6046526527619345,1.6188478677873914,1.9324244905221422
2017-03-17,1.8223579353889534,1.802217910600323,1.7116762993201453,1.6025435551785394,1.6167201125252433,1.92988458145457
2017-03-20,1.8186952124072822,1.7985956666761476,1.708236033279674,1.5993226329904795,1.6134706971408763,1.9260057426868402
2017-03-21,1.7961288542879912,1.7762787035868262,1.6870402519215415,1.5794782483799432,1.5934507634443063,1.9021078762203893
2017-03-22,1.7995233862563595,1.7796357204454234,1.6902286156368735,1.5824633289851955,1.5964622509239599,1.9057026995971764
2017-03-23,1.7976153987617238,1.7777488193217426,1.6884365105237413,1.580785484581792,1.59476956383043,1.9036821329587568
2017-03-24,1.7960982038864708,1.7762483919221888,1.6870114630843829,1.579451295056194,1.5934235716837672,1.9020754173185677
2017-03-27,1.7942668423956354,1.7744372699601014,1.6852913300641474,1.5778408339621641,1.591798863991584,1.9001359979347028
2017-03-28,1.8072779378409856,1.7873045715986984,1.6975121914380384,1.5892825198938076,1.6033417663402347,1.9139148017581438
2017-03-29,1.8092395635382823,1.789244518135495,1.6993546770161987,1.5910075326137727,1.6050820390147076,1.9159921714747523
2017-03-30,1.814549745601667,1.7944960140339328,1.7043423430539528,1.5956771959533658,1.609793011528026,1.9216156762154144
2017-03-31,1.8104579169987125,1.7904494068048333,1.700499033293259,1.5920789272328133,1.6061629114961182,1.9172824128221766
2017-04-03,1.8074848280512474,1.7875091753350012,1.6977065160888603,1.5894644548291166,1.6035253107238705,1.9141338993454424
2017-04-04,1.8084962913014158,1.7885094602680367,1.6986565477150988,1.5903539145128485,1.6044226388216454,1.9152050431055683
2017-04-05,1.802971556427389,1.7830457827171367,1.6934673598172334,1.585495577907009,1.5995213239845563,1.909354326052152
2017-04-06,1.8064503769999385,1.7864861566534869,1.6967348928347519,1.5885547801525721,1.6026075888056912,1.9130384114089494
2017-04-07,1.8049561699258259,1.7850084630024114,1.6953314370232628,1.5872408056197864,1.601281990479433,1.911456039945127
2017-04-10,1.8061975111873962,1.7862360854202282,1.6964973849281921,1.5883324152316391,1.6023832567812475,1.912770625468918
2017-04-11,1.8036075522589345,1.7836747497583638,1.6940647281882777,1.5860548593748105,1.6000855530157332,1.9100278482649589
2017-04-12,1.7968261509225767,1.7769682939573281,1.6876951979669033,1.5800914364952434,1.5940693759965598,1.9028463162368399
2017-04-13,1.7845813155152328,1.7648587839346672,1.6761940575219814,1.569323583657336,1.5832062676613752,1.8898789849589492
2017-04-17,1.7999524918776435,1.7800600837503482,1.6906316593570963,1.5828406755176878,1.596842935571501,1.9061571242226847
2017-04-18,1.794726598418439,1.7748919449296627,1.6857231626215288,1.5782451338184056,1.5922067403996636,1.900622881462033
2017-04-19,1.791646233065653,1.7718456226335992,1.6828298844870742,1.5755363247815857,1.5894739684655308,1.8973607618289214
2017-04-20,1.805186047937228,1.7852358004871924,1.6955473533019536,1.5874429555479073,1.601485928683473,1.9116994817087922
2017-04-21,1.7997072886654812,1.7798175904332483,1.6904013486598264,1.5826250489276923,1.596625401487192,1.9058974530081088
2017-04-24,1.8192162692331268,1.7991109649749846,1.708725443511373,1.5997808394942206,1.6139329570700331,1.9265575440178149
2017-04-25,1.8302963893827007,1.8100686317414225,1.7191326081442624,1.6095244660296486,1.6237627785047501,1.9382914370264694
2017-04-26,1.829407527738613,1.8091895934669362,1.7182977318666584,1.6087428196409141,1.6229742174491295,1.9373501288736308
2017-04-27,1.8304189909887818,1.8101898783999721,1.7192477634928975,1.6096322793246463,1.6238715455469044,1.9384212726337573
2017-04-28,1.826917182615092,1.8067267707151433,1.7159586388475094,1.606552862086271,1.6207648869053652,1.934712843100593
2017-05-01,1.830081836572059,1.80985645008896,1.718931086284151,1.6093357927634022,1.6235724361809794,1.938064224713715
2017-05-02,1.8322580150799974,1.8120085782782192,1.7209750937224226,1.6112494787496137,1.6255030511792228,1.9403688067430775
2017-05-03,1.8299285845644577,1.809704891765773,1.7187871420983574,1.6092010261446552,1.6234364773782863,1.9379019302046054
2017-05-04,1.8309936860172866,1.8107582221119243,1.719787554189624,1.6101376541449484,1.624381391057004,1.93902987704292
2017-05-05,1.83848004658861,1.8181618461996212,1.7268192276656495,1.6167210034707529,1.6310229785685657,1.9469579638129446
2017-05-08,1.838549009992031,1.8182300474450557,1.726884002549257,1.6167816484491893,1.6310841600297774,1.947030996342044
2017-05-09,1.8366640102985348,1.8163658800698526,1.7251134890639936,1.6151240190385978,1.6294118667566513,1.945034773879991
2017-05-10,1.8387405750015324,1.8184194953490396,1.7270639327814992,1.6169501067226233,1.631254108533144,1.9472338644784317
2017-05-11,1.8347636854042788,1.8144865568623305,1.7233285811601506,1.6134529129661317,1.6277259776032562,1.9430223219670264
2017-05-12,1.8320511248697358,1.8118039745419163,1.720780769071601,1.6110675438143047,1.6253195067955868,1.9401497091557793
2017-05-15,1.84080181450377,1.8204579547959079,1.7289999820804252,1.6187627177447743,1.6330827544293673,1.9494167256259616
2017-05-16,1.839537485441059,1.8192075986296132,1.7278124425476264,1.6176508931401092,1.6319610943071485,1.9480777959258035
2017-05-17,1.8060978973824557,1.7861375725101565,1.6964038212074266,1.5882448169294539,1.6022948835594975,1.9126651340379968
2017-05-18,1.8127566971127318,1.7927227816526419,1.7026581960801654,1.5941004265140226,1.6082022935365157,1.919716830458827
2017-05-19,1.8250245203212159,1.8048550254237812,1.7141809281529568,1.6048884943447421,1.6190857956921048,1.9327085059130844
2017-05-22,1.834441856188316,1.8141682843836373,1.7230262983699838,1.6131699030667621,1.6274404641176003,1.9426815034978953
2017-05-23,1.8378134003555446,1.8175025674937566,1.7261930704574466,1.6161347686792022,1.6304315577768502,1.946251982698316
2017-05-24,1.842387972782443,1.8220265834408957,1.7304898044033907,1.6201575522488085,1.6344899280372416,1.95109647379525
2017-05-25,1.850571629988353,1.830119797899095,1.7381764239247781,1.627354089689913,1.6417501281010574,1.9597630005817255
2017-05-26,1.8511463250168576,1.830688141611047,1.7387162146215047,1.6278594645102153,1.6422599736111567,1.9603716049908881
2017-05-30,1.8489165083062584,1.8284829680086725,1.736621826718205,1.6258986102074422,1.640281773031971,1.958010219883337
2017-05-31,1.8480659596640716,1.8276418193149835,1.7358229364870499,1.6251506554733952,1.6395272016770237,1.9571094853577766
2017-06-01,1.8620578679580702,1.8414790942219788,1.7489650406500208,1.6374548477650213,1.6519402403629109,1.9719269740395216
2017-06-02,1.8689618709005087,1.8483067966815643,1.7554497262200301,1.6435260839395862,1.6580651844242387,1.9792383416749284
2017-06-05,1.8666860785876294,1.8460561555822337,1.7533121550609925,1.6415247996511888,1.6560461962042448,1.9768282682146443
2017-06-06,1.861498498130325,1.8409259063423453,1.7484396443718735,1.6369629496065936,1.6514439907330807,1.97133459908127
2017-06-07,1.86441794887513,1.8438130923990623,1.7511817811112447,1.639530253693729,1.6540340059243859,1.974426309479816
2017-06-08,1.8649160178998343,1.8443056569494207,1.7516495997150745,1.639968245204658,1.6544758720331385,1.9749537666344235
2017-06-09,1.863368172623061,1.8427749178852297,1.7501957634385577,1.6386071023553104,1.6531026881259376,1.9733145920924124
2017-06-12,1.8615444737326057,1.8409713738393014,1.7484828276276116,1.6370033795922179,1.6514847783738886,1.9713832874340032
2017-06-13,1.869942683749157,1.8492767699499626,1.75637096900911,1.6443885902995685,1.6589353207614748,1.9802770265332323
2017-06-14,1.8680806718568013,1.8474353363232376,1.754622047151716,1.6427511758817892,1.6572834213087526,1.9783051482475456
2017-06-15,1.8638968920492858,1.8432977941002258,1.750692370879546,1.6390720471899887,1.653571745995229,1.9738745081488422
2017-06-16,1.8644256114755102,1.843820670315222,1.7511889783205346,1.6395369920246667,1.6540408038645205,1.9744344242052716
2017-06-19,1.879988352847422,1.8592114180348867,1.7658065103878915,1.6532225421584525,1.6678474202780125,1.9909154316053943
2017-06-20,1.8673987004229755,1.8467609017850546,1.7539814955249338,1.6421514644283641,1.6566784046367684,1.9775829376820062
2017-06-21,1.8663106111690062,1.8456848376904251,1.752959491805798,1.6411946214352582,1.6557130971376466,1.9764306466673252
2017-06-22,1.865460062526819,1.8448436889967357,1.7521606015746423,1.6404466667012108,1.6549585257826995,1.9755299121417644
2017-06-23,1.8683718506712437,1.8477232971372934,1.754895541104724,1.6430072324574092,1.65754174303387,1.978613507814855
2017-06-26,1.8689618709005087,1.8483067966815643,1.7554497262200301,1.6435260839395862,1.6580651844242387,1.9792383416749284
2017-06-27,1.8538742107521609,1.83338587976378,1.7412784211286338,1.630258310323917,1.6446800402990953,1.9632604472530464
2017-06-28,1.8702032121620793,1.849534419099381,1.7566156741249597,1.6446176935514392,1.6591664507260533,1.9805529271987194
2017-06-29,1.8541194139643227,1.8336283730808793,1.7415087318259035,1.630473936913912,1.6448975743834042,1.9635201184676223
2017-06-30,1.8569622387053266,1.8364397799760028,1.7441788964723777,1.6329738576916741,1.6474196101733625,1.9665306816116133
2017-07-03,1.8612532949181635,1.8406834130252459,1.7482093336746038,1.636747323016598,1.651226456648772,1.9710749278666944
2017-07-05,1.8639581928523261,1.8433584174295006,1.7507499485538636,1.6391259538374876,1.6536261295163064,1.973939425952486
2017-07-06,1.846495126586158,1.826088346502314,1.7343475085826636,1.6237692976312352,1.6381336239494189,1.9554459666393988
2017-07-07,1.8583185189725981,1.83778107113621,1.7454528025166527,1.6341665422675877,1.6486228455771974,1.9679669880172368
2017-07-10,1.8600426040581128,1.8394861022720663,1.7470721746068325,1.6356826667284945,1.6501523821074955,1.9697928012447248
2017-07-11,1.8585867099859006,1.8380462982017878,1.7457047048417922,1.6344023838503956,1.6488607734819105,1.96825100340818
2017-07-12,1.8721648378593756,1.8514743656361776,1.75845815970312,1.6463427062714042,1.6609067234005261,1.9826302969153278
2017-07-13,1.8756743088334455,1.8549450512371655,1.761754481557797,1.6494288618407165,1.6640201799821996,1.9863468411739473
2017-07-14,1.8844403236682399,1.8636141873234757,1.7699880889852007,1.657137512433061,1.6717970234962494,1.9956300870950408
2017-07-17,1.884340709863299,1.8635156744134043,1.7698945252644347,1.657049914130875,1.6717086502744987,1.9955245956641192
2017-07-18,1.8854671121191686,1.8646296280888306,1.770952515030019,1.6580404487786677,1.6727079474742936,1.9967174603060778
2017-07-19,1.8955970698216145,1.8746476332515074,1.7804672257109868,1.6669485222778624,1.6816948243323129,2.0074451273582503
2017-07-20,1.8953058910071718,1.8743596724374514,1.7801937317579786,1.6666924657022426,1.6814365026071956,2.007136767790941
2017-07-21,1.8946085943725859,1.8736700820669496,1.779538785712617,1.6660792775869424,1.6808178900549418,2.0063983277744906
2017-07-24,1.8925933304726288,1.8716770901170372,1.7776459196694292,1.6643070965504156,1.6790300317995264,2.0042641549796936
2017-07-25,1.8981257279470358,1.877148345584097,1.7828423047765842,1.6691721714871925,1.6839381445767503,2.010122986758566
2017-07-26,1.8986621099736405,1.8776787997152522,1.7833461094268623,1.6696438546528078,1.6844140003861763,2.010691017540451
2017-07-27,1.8968154232820449,1.875852521920846,1.7816115819880474,1.6680199168969032,1.6827756968137235,2.008735368705675
2017-07-28,1.8942714399558631,1.8733366537559375,1.7792221085038709,1.6657827910256986,1.6805187806890167,2.0060412798544487
2017-07-31,1.8928921718874516,1.8719726288472527,1.777926610831727,1.6645698914569733,1.679295151464778,2.0045806292724584
2017-08-01,1.8975280451173908,1.8765572681236666,1.7822809224519884,1.668646581674078,1.6834079052462467,2.0094900381730367
2017-08-02,1.898462882363759,1.8774817738951088,1.7831589819853304,1.6694686580484366,1.6842372539426753,2.0104800346786083
2017-08-03,1.8943174155581435,1.8733821212528936,1.779265291759609,1.6658232210113226,1.6805595683298244,2.0060899682071818
2017-08-04,1.897895849935634,1.8769210080993157,1.7826263884978932,1.6689700215590715,1.6837342063727103,2.0098795449949005
2017-08-07,1.9010221908907003,1.8800127978923358,1.7855628498880862,1.6717192605815159,1.686507765947651,2.013190352980745
2017-08-08,1.8964322932630415,1.875473626112878,1.781251721523563,1.6676830003500351,1.6824357998069905,2.0083296324329
2017-08-09,1.8957426592288358,1.874791613658535,1.780603972687491,1.6670765505656724,1.681823985194871,2.007599307141905
2017-08-10,1.8683028872678231,1.8476550958918592,1.7548307662211169,1.6429465874789728,1.6574805615726578,1.9785404752857552
2017-08-11,1.8706859559860234,1.8500118278174207,1.75706909831021,1.645042208400493,1.659594720954537,1.9810641549024164
2017-08-14,1.8894746521179426,1.8685928782401768,1.774716655488526,1.661564595858909,1.6762632701647202,2.0009614617193052
2017-08-15,1.8885321522711949,1.8676607945525754,1.7738313987458942,1.6607357811536132,1.6754271235281573,1.9999633504882783
2017-08-16,1.8912140624042175,1.8703130652083524,1.7763504219972852,1.6630941969816904,1.6778064025752881,2.0028035043977037
2017-08-17,1.86201955495617,1.8414412046411823,1.7489290546035725,1.6374211561103345,1.6519062506622377,1.9718864004122443
2017-08-18,1.858602035186661,1.8380614540341065,1.7457190992603715,1.6344158605122703,1.64887436936218,1.9682672328590907
2017-08-21,1.8607628884938392,1.8401984263910467,1.7477487122800635,1.6363160698366066,1.6507913884801533,1.9705555854375418
2017-08-22,1.879260405811316,1.8584915159997473,1.7651227755053713,1.6525824007194032,1.6672016159652203,1.990144532687122
2017-08-23,1.8727701832894008,1.8520730210127672,1.7590267392370051,1.646875034415456,1.6614437606711638,1.9832713602263123
2017-08-24,1.868885244896708,1.8482310175199705,1.755377754127133,1.6434587006302122,1.6579972050228917,1.9791571944203732
2017-08-25,1.8720115858517747,1.8513228073129904,1.7583142155173261,1.646207939652657,1.660770764597833,1.9824680024062178
2017-08-28,1.8729234352970021,1.8522245793359544,1.7591706834227987,1.647009801034203,1.6615797194738569,1.983433654735422
2017-08-29,1.8745019309752957,1.8537856300647833,1.7606533085364748,1.6483978972073001,1.662980095141597,1.9851052881792557
2017-08-30,1.883153006804389,1.8623410974087031,1.768778957824533,1.6560054728355837,1.670654969553627,1.9942668132185164
2017-08-31,1.8939266229387604,1.8729956475287663,1.778898234085835,1.6654795661335173,1.680212873382957,2.0056761172089512
2017-09-01,1.8976812971249923,1.8767088264468539,1.7824248666377822,1.6687813482928255,1.68354386404894,2.0096523326821467
2017-09-05,1.8833522344142706,1.8625381232288465,1.768966085266065,1.656180669439955,1.6708317159971278,1.9944777960803595
2017-09-06,1.8892447741065408,1.868365540755396,1.7745007392098353,1.6613624459307879,1.6760593319606805,2.00071801995564
2017-09-07,1.8889076196898176,1.868032112444384,1.774184062001089,1.661065959369544,1.6757602225947554,2.000360972035598
2017-09-08,1.8860954453503338,1.865251017213898,1.7715426861917731,1.6585929919155313,1.6732653785653357,1.9973828677934289
2017-09-11,1.9065392631643474,1.8854688975270768,1.7907448405766622,1.676570858856418,1.6914022828446058,2.019032955308706
2017-09-12,1.9129528596824616,1.891811613352463,1.7967689047521311,1.6822108418509913,1.697092158737315,2.025824980514961
2017-09-13,1.914401091154294,1.893243839506582,1.7981291773078822,1.683484386398153,1.6983769694227655,2.02735866362605
2017-09-14,1.9122938760497759,1.8911599125627576,1.7961499447532179,1.681631345390378,1.6965075358857342,2.0251271141257874
2017-09-15,1.9158263348249862,1.8946533319122236,1.7994678582357644,1.6847377159525028,1.6996413862878121,2.0288680025607735
2017-09-18,1.9186155213633296,1.8974116933942313,1.8020876424172108,1.6871904684137031,1.7021158364968278,2.031821762626576
2017-09-19,1.9207457242689878,1.8995183540865341,1.8040884665997443,1.6890637244142905,1.704005663854263,2.0340776563032055
2017-09-20,1.9219640777294178,1.9007232427558725,1.8052328228768046,1.690135119033331,1.7050865363356738,2.0353678976506298
2017-09-21,1.9161098510390482,1.89493371481012,1.7997341549794827,1.6849870341971853,1.6998929100727944,2.029168247402627
2017-09-22,1.9173511923006188,1.8961613372279367,1.8009001028844123,1.686078643809038,1.7009941763746093,2.030482832926418
2017-09-25,1.9130907864893028,1.8919480158433313,1.7968984545193456,1.6823321318078641,1.697214521659739,2.0259710455731597
2017-09-26,1.9132287132961439,1.8920844183341998,1.79702800428656,1.6824534217647367,1.6973368845821628,2.026117110631359
2017-09-27,1.9210445656838102,1.8998138928167492,1.804369157762042,1.6893265193208475,1.704270783519515,2.03439413059597
2017-09-28,1.92335867099859,1.9021024234968766,1.806542714967528,1.6913614952639315,1.7063237614401816,2.0368447776835312
2017-09-29,1.9304848893520503,1.9091498855250835,1.8132361196069384,1.6976281430356799,1.7126458457654146,2.0443914723571472
2017-10-02,1.9379635873229935,1.9165459316966211,1.820260595873674,1.7042047540305467,1.7192806353368415,2.0523114444017163
2017-10-03,1.9421473671305092,1.920683473919633,1.824190272145844,1.7078838827223473,1.7229923106503653,2.05674208450042
2017-10-04,1.9445687488506096,1.923078095425991,1.8264645902813854,1.7100131952985542,1.7251404597329174,2.0593063377443586
2017-10-05,1.955549255195243,1.9339372492823574,1.8367781911935093,1.7196692235317967,1.734881907945884,2.070934739322092
2017-10-06,1.9534497026911049,1.9318609002546923,1.8348061558481343,1.717822920854959,1.733019272348987,2.0687113045472842
2017-10-09,1.9499249065162751,1.9283750588213855,1.8314954395748777,1.7147232886237718,1.7298922198870441,2.0649785308377537
2017-10-10,1.9544535033408934,1.9328536072715685,1.8357489902650834,1.7187056422077536,1.7339098025066275,2.069774333581955
2017-10-11,1.957978299515723,1.9363394487048748,1.8390597065383403,1.721805274438941,1.7370368549685704,2.0735071072914852
2017-10-12,1.9546757187519153,1.93307336684019,1.8359577093344845,1.718901053804937,1.7341069427705322,2.0700096606201646
2017-10-13,1.95639214123705,1.9347708200598872,1.8375698842153747,1.720410439934907,1.7356296813606962,2.0718273591221967
2017-10-16,1.959817323606939,1.9381581485831219,1.8407870367678654,1.7234224738639081,1.7386683606008886,2.075454641400806
2017-10-17,1.9611352908723103,1.9394615501625327,1.8420249567656921,1.724581466785135,1.7398376063040502,2.076850374179152
2017-10-18,1.9625911849445228,1.9409013542328115,1.8433924265307327,1.7258617496632342,1.7411292149296353,2.0783921720156977
2017-10-19,1.963234843376448,1.9415378991901977,1.8439969921110664,1.7264277694619723,1.7417002419009464,2.0790738089539595
2017-10-20,1.9732805124747133,1.9514725472751215,1.853432533489848,1.7352617213208565,1.7506123414174843,2.0897122140261213
2017-10-23,1.9654416722859067,1.943720339044094,1.8460697883864967,1.7283684087719333,1.7436580486597284,2.0814108498851436
2017-10-24,1.9686216514436339,1.9468651742502296,1.8490566302417175,1.7311648161109394,1.7464791938156117,2.0847784609491766
2017-10-25,1.959441856188316,1.9377868306913133,1.840434373512671,1.7230922956479775,1.7383352615342902,2.075057019853486
2017-10-26,1.9619322013118372,1.9402496534431062,1.8427734665318194,1.7252822532026206,1.7405445920780545,2.0776943056265242
2017-10-27,1.9777707962974316,1.9559132061445081,1.8576500981336055,1.7392103832501515,1.7545959343363944,2.0944674431430452
2017-10-30,1.9714568135842576,1.9496690032291932,1.8517195976789023,1.7336579985577638,1.7489944316654356,2.087780909367712
2017-10-31,1.9733188254766136,1.9515104368559186,1.8534685195362965,1.7352954129755433,1.7506463311181577,2.0897527876533992
2017-11-01,1.9764604916324402,1.9546173824812572,1.8564193753450686,1.7380581286598624,1.7534334865733678,2.0930798250901543
2017-11-02,1.9768359590510634,1.9549887003730657,1.8567720386002635,1.7383883068757933,1.7537665856399658,2.093477446637474
2017-11-03,1.9829583767547354,1.9610434553843963,1.8625226088227247,1.7437722332947472,1.7591981398075587,2.0999611122764197
2017-11-06,1.9854793722797768,1.9635365898008263,1.864890490679032,1.7459891441731397,1.761434662111861,2.1026308569512797
2017-11-07,1.9851039048611532,1.9631652719090174,1.8645378274238371,1.7456589659572086,1.7611015630452629,2.10223323540396
2017-11-08,1.9879697174032978,1.9659994125526192,1.8672295836981807,1.748179101727783,1.7636439926556253,2.1052681427243174
2017-11-09,1.9804910194323544,1.9586033663810813,1.8602051074314445,1.7416024907329157,1.7570092030841982,2.097348170679748
2017-11-10,1.9787132961441796,1.9568452898321096,1.8585353548762371,1.7400391979554475,1.7554320809729576,2.095465554374072
2017-11-13,1.980659596640716,1.9587700805365875,1.8603634460358183,1.7417507340135379,1.7571587577671606,2.0975266946397695
2017-11-14,1.9760850242138168,1.9542460645894482,1.856066712089874,1.7377279504439316,1.7531003875067692,2.092682203542835
2017-11-15,1.9651658186722245,1.943447534062357,1.845810688852068,1.7281258288581882,1.7434133228148805,2.0811187197687455
2017-11-16,1.9812726046711209,1.9593763138293365,1.860939222778993,1.7422898004885268,1.7577025929779333,2.098175872676209
2017-11-17,1.9760696990130568,1.9542309087571295,1.8560523176712944,1.737714473782057,1.7530867916264998,2.092665974091924
2017-11-20,1.9785906945380982,1.9567240431735595,1.858420199527602,1.7399313846604494,1.7553233139308027,2.0953357187667834
2017-11-21,1.991532826580028,1.9695231435667226,1.870576286017886,1.751312425613657,1.7668050348182418,2.1090414900611254
2017-11-22,1.9900386195059152,1.9680454499156468,1.8691728302063964,1.7499984510808708,1.765479436491983,2.1074591185973026
2017-11-24,1.9941304481088702,1.9720920571447464,1.8730161399670902,1.7535967198014233,1.7691095365238911,2.1117923819905404
2017-11-27,1.9933641880708637,1.9713342655288102,1.8722964190381215,1.752922886707687,1.7684297425104252,2.11098090944499
2017-11-28,2.01299577024459,1.9907488867290961,1.890735669238303,1.7701864905692126,1.785846065135421,2.131770836061984
2017-11-29,2.0122524980077237,1.990013828861638,1.8900375399372034,1.7695328724682886,1.7851866649423591,2.130983707692801
2017-11-30,2.0287347514252434,2.006313926520426,1.905518737119323,1.784027022314558,1.7998090341720103,2.1484384821475837
2017-12-01,2.0246275976215284,2.002252163459008,1.9016610329400498,1.780415276932131,1.7961653382598333,2.1440889893034347
2017-12-04,2.0224973947158706,2.000145502766705,1.8996602087575167,1.778542020931544,1.794275510902398,2.1418330956268057
2017-12-05,2.0149344081407463,1.992666099517415,1.8925565631885943,1.771891288296366,1.78756594398949,2.133823861602226
2017-12-06,2.0147045301293445,1.9924387620326338,1.8923406469099033,1.771689138368245,1.7873620057854502,2.133580419838561
2017-12-07,2.0206123950223747,1.998281335391502,1.8978896952722533,1.7768843915209527,1.7926032176292719,2.1398368731647524
2017-12-08,2.031738490774229,2.0092844696548964,1.9083400431608808,1.7866684480420045,1.8024738267047968,2.15161945452614
2017-12-11,2.038244038496904,2.0157181204741947,1.914450473847826,1.7923892910078263,1.808245277879122,2.15850885643786
2017-12-12,2.0414010298534913,2.018840221931852,1.9174157240751781,1.7951654833540203,1.8110460292146018,2.1618521233255272
2017-12-13,2.0404355422056026,2.017885404495772,1.916508875704677,1.7943164536559124,1.8101894887576344,2.160829667918134
2017-12-14,2.0321292833936124,2.0096709433790236,1.908707100834655,1.7870121029198103,1.8028205216516644,2.152033305524371
2017-12-15,2.050366272298167,2.027706383838306,1.9258364589441135,1.803049330550736,1.8189996191721522,2.1713463521084635
2017-12-18,2.06136210384356,2.0385806935269906,1.936164454274816,1.8127188354458528,1.8287546632653877,2.1829909831371075
2017-12-19,2.0547033041132834,2.0319954843845047,1.929910079402077,1.8068632258612838,1.822847253288369,2.175939286716277
2017-12-20,2.0530022068289093,2.0303131869971263,1.928312298939766,1.8053673163931891,1.8213381105784752,2.1741378176651556
2017-12-21,2.057078710231104,2.0343446383939074,1.9321412142818806,1.8089521084518667,1.8249546147301134,2.1784548516074826
2017-12-22,2.0561362103843557,2.0334125547063056,1.931255957539249,1.808123293746571,1.8241184680935505,2.177456740376456
2017-12-26,2.0539600318764175,2.0312604265170466,1.9292119501009772,1.8062096077603595,1.8221878530953073,2.1751521583470934
2017-12-27,2.055584503156991,2.0328669447428314,1.9307377584703909,1.8076381339190808,1.823629016403855,2.17687248014366
2017-12-28,2.0593545025439832,2.0365952794932376,1.9342787854409178,1.8109533927402637,1.8269736029501074,2.180864925067766
2017-12-29,2.048680500214553,2.0260392422832463,1.9242530729003822,1.801566897744516,1.8175040723425275,2.1695611125082532
2018-01-02,2.0656914730582967,2.04286221615703,1.94023087752349,1.8165259924254635,1.83259549944147,2.187575803019466
2018-01-03,2.078909458713909,2.05593412153193,1.9526460635482026,1.828149613292416,1.8443219461737568,2.2015737044302055
2018-01-04,2.08728468092932,2.064216783894113,1.9605126133018318,1.8355146090069543,1.8517520947409387,2.2104430993530677
2018-01-05,2.1019662232575245,2.078736071255451,1.9743024663008752,1.8484252510829438,1.8647769480389453,2.2259909133258082
2018-01-08,2.1054603690308342,2.08219160102412,1.977584393736973,1.8514979299903815,1.8678768087403497,2.229691228133517
2018-01-09,2.1082035799668972,2.0849044950091717,1.9801609946626815,1.8539102524659579,1.8703104713085572,2.2325962998465863
2018-01-10,2.1058588242505976,2.0825856526644073,1.977958648620037,1.8518483231991245,1.8682303016273518,2.230113193857203
2018-01-11,2.1206706307852627,2.097233764600454,1.9918708541770043,1.8648735169010486,1.8813707199076473,2.2457989581626867
2018-01-12,2.1349843682952243,2.1113893119861427,2.005315241130142,1.8774607190920438,1.89406927207919,2.260957265313563
2018-01-16,2.127459694722001,2.103947798317649,1.9982475816076686,1.870843678111553,1.8873936948669554,2.252988604916261
2018-01-17,2.1474897321154907,2.123756471158222,2.017061086690914,1.8884576751818216,1.9051635103789533,2.274200497256941
2018-01-18,2.1440185741433213,2.1203236751380308,2.013800750882685,1.8854052112671962,1.9020840434979531,2.270524526625599
2018-01-19,2.153420584809661,2.1296217782655686,2.0226317266811327,1.8936731433273415,1.9104251160431795,2.280481294759499
2018-01-22,2.170791699871268,2.1468009141988422,2.038947800140856,1.9089489395623451,1.925836046328451,2.29887737736712
2018-01-23,2.175511861705388,2.15146891055301,2.0433812810633047,1.9130997514197612,1.930023577451401,2.3038760482477088
2018-01-24,2.1742935082449577,2.150264021883671,2.042236924786244,1.9120283568007201,1.92894270496999,2.302585806900284
2018-01-25,2.175603812909949,2.151559845546922,2.0434676475747806,1.9131806113910095,1.9301051527330169,2.303973424953175
2018-01-26,2.2013654753877274,2.1770367996746978,2.067664665206713,1.9358348800024265,1.9529598274657398,2.33125513193457
2018-01-29,2.186546006252682,2.1623811098224914,2.0537452624404557,1.922802947969565,1.9398126112453098,2.3155612529036307
2018-01-30,2.1627153190706796,2.1388137905668745,2.031361941549525,1.9018467387543636,1.9186710174265205,2.2903244567370216
2018-01-31,2.1637727579231285,2.139859542996867,2.032355156431502,1.90277662842372,1.9196091331651035,2.291444288849881
2018-02-01,2.1623705020535766,2.1384727843397036,2.031038067131489,1.9015435138621821,1.918365110120461,2.289959294091524
2018-02-02,2.116509838778888,2.0931189561259207,1.9879627695327036,1.86121460320206,1.8776794384145277,2.24139266224035
2018-02-05,2.0297768650769323,2.0073445231180993,1.9064975575827208,1.7849434353220395,1.8007335540303242,2.1495420848095317
2018-02-06,2.065178078832832,2.0423544957743527,1.9397486645010809,1.81607452425266,1.832140037452448,2.1870321164139472
2018-02-07,2.0548488935205045,2.0321394647915323,1.9300468263785808,1.8069912541490936,1.8229764141509277,2.1760934664999314
2018-02-08,1.9777171580947708,1.9558601607313923,1.8575997176685775,1.7391632149335903,1.7545483487554516,2.0944106400648566
2018-02-09,2.0072564825599217,1.985073027525734,1.8853449594803264,1.7651394806971274,1.7807544079745619,2.125692906695814
2018-02-12,2.035186660945258,2.012694531926609,1.9115787873412406,1.7897006969638183,1.8055328997653932,2.1552710809811155
2018-02-13,2.0405045056090234,2.0179536057412064,1.9165736505882844,1.794377098634349,1.8102506702188463,2.1609027004472336
2018-02-14,2.0678523263654753,2.0449991885139704,1.9422604905431826,1.8184262017498003,1.834512518559444,2.1898641555979173
2018-02-15,2.092809415803347,2.06765538809094,1.963977760634617,1.838510807100387,1.8544564285281617,2.216029519798399
2018-02-16,2.0935910010421135,2.0684206060647123,1.965194070992706,1.8395760372555903,1.8551428845229596,2.2168489447748954
2018-02-20,2.08136149083553,2.0582254560410362,1.9550170701117877,1.83013417435087,1.845432119344858,2.20548726375132
2018-02-21,2.069921228468093,2.0488030261281303,1.9452796871702556,1.8209993683888461,1.8376257307855552,2.1953180181576744
2018-02-22,2.07193649236805,2.0454413073441815,1.9450305913078925,1.8199026034795178,1.8341484437185054,2.1923211661186546
2018-02-23,2.1051462024152516,2.072620788278149,1.9724825177985104,1.845143090351334,1.8606924600720824,2.222393988681093
2018-02-26,2.129896401642861,2.0941853009037237,1.9932550026310538,1.8645158669632937,1.8801887894754183,2.2456051157357395
2018-02-27,2.102832097100472,2.0743562287805757,1.9718934263214964,1.8449371305515097,1.8607205148287147,2.222887666764503
2018-02-28,2.0794994789431738,2.055068742871895,1.9530027992669874,1.8273004708527318,1.8418211663419992,2.1978779548508274
2018-03-01,2.051791515968859,2.035943185119618,1.9312060770923063,1.8079012408326185,1.821968514821997,2.1763105721342355
2018-03-02,2.0621973272849874,2.0367952215323992,1.9379514748089466,1.8123457106622138,1.8253287921780632,2.1788256922148372
2018-03-05,2.0849475878134003,2.053734285464412,1.9567490129039489,1.8292665931477916,1.842304222165013,2.199392589339173
2018-03-06,2.0904493348862867,2.056453429951592,1.9619368690593817,1.833246274348983,1.8457663577335433,2.202240879461041
2018-03-07,2.089437871636118,2.052795757460706,1.9597278889612522,1.8303673340227944,1.843581880063868,2.2011804471385163
2018-03-08,2.0987632562986573,2.0601475980921906,1.966290282058266,1.8368711354281677,1.8511666461974365,2.2091324251487006
2018-03-09,2.1352372341077666,2.094524074732998,1.9968416715844062,1.866835255849095,1.882935387839601,2.2497446101742082
2018-03-12,2.1325170109728435,2.0923053812549806,1.9954927267270632,1.865083202836188,1.8810355292269916,2.246345223784236
2018-03-13,2.1189465456997483,2.0790190966319324,1.9843143945767237,1.8542086476781143,1.8697223645302246,2.233030200392473
2018-03-14,2.1068166492981057,2.0671432137644645,1.974402036968822,1.8443515155656858,1.8596744323632806,2.221225489702488
2018-03-15,2.1051691902163916,2.0633074290589537,1.970824384643684,1.841400641870066,1.8569313679812156,2.2194982703892845
2018-03-16,2.108755287194262,2.06681842917391,1.972838347552774,1.8432962807335618,1.8600809896044057,2.2223455413852147
2018-03-19,2.078802182308588,2.037937140805823,1.9493410501520236,1.8196556237753947,1.8346450403082193,2.1945920575184497
2018-03-20,2.0818825476613743,2.0387301745285678,1.9522324880915929,1.8207136444490288,1.8368187419431499,2.1950842256927503
2018-03-21,2.0780435848709615,2.0345270388358623,1.9476129051148732,1.8166910756643437,1.8327251168772567,2.1895994935552565
2018-03-22,2.025753999877398,2.002155144656271,1.9062411652554303,1.7801743203618356,1.7986243579566565,2.156115668144828
2018-03-23,1.9832802059706982,1.9706506466509655,1.871768021767449,1.7496645762727148,1.76838092346906,2.115354352222524
2018-03-26,2.0371406240421748,2.005053730808894,1.9159497871250053,1.786989924356293,1.8015358232835994,2.1529791861495813
2018-03-27,2.0019463004965363,1.9806049926499898,1.8881859008108353,1.7621516731562215,1.7756902580770204,2.1208540901901514
2018-03-28,1.996107399006927,1.9764714243655328,1.8839403831642918,1.7576375352797793,1.7696131301267821,2.114763261643883
2018-03-29,2.02359314657022,1.9883621690311346,1.9041460249102236,1.7736613793571483,1.7855031158781036,2.132382653519795
2018-04-02,1.9783914669282168,1.9592999330340803,1.8675926170109893,1.7412578596940789,1.7497703644886091,2.0866904210814603
2018-04-03,2.003348556366088,1.9702656233664309,1.8871426507041282,1.75636055739912,1.7653598693488677,2.108762184961669
2018-04-04,2.0265202599154044,1.9850957446292363,1.9056672645912622,1.7719921856396303,1.7812172393830126,2.1283459291361506
2018-04-05,2.0404278796052226,1.991963746859995,1.915167796242326,1.7807347544629808,1.7920219928189713,2.140351212215616
2018-04-06,1.9957012811867831,1.9603102031713506,1.87916790766607,1.7479186039386192,1.7570242451566946,2.0961972254927
2018-04-09,2.0023600809170596,1.9652384728279813,1.8862931086916936,1.7541125821047157,1.760592242277719,2.101683594846252
2018-04-10,2.0358533071783236,1.9905815501160609,1.9148680435286716,1.7795733722891611,1.7883480029751833,2.135579263866374
2018-04-11,2.0246046098203885,1.9766267530886066,1.904182850138827,1.7688203017699915,1.7775082706542875,2.1238452267194945
2018-04-12,2.04130907864893,1.9851883887615562,1.915376797536033,1.778668235130168,1.7912641214112472,2.141270431746877
2018-04-13,2.0354165389566603,1.9764251464674323,1.9064604387031483,1.7709341174798212,1.7849305354053477,2.1330383176344405
2018-04-16,2.05192178017532,1.9898799948069412,1.9177400323221807,1.782740081914973,1.7988717929160298,2.1502556991156245
2018-04-17,2.0737985042604055,2.0105757781569955,1.933462615257838,1.8001309561362713,1.816673754342401,2.1720336567497323
2018-04-18,2.07552258934592,2.0117382474059604,1.9355582476499589,1.8013945369173117,1.8173106529217773,2.171329730191742
2018-04-19,2.063637896156439,2.001591322316309,1.9256596953153051,1.7934245412939787,1.810061463766944,2.16083020800633
2018-04-20,2.04602157788267,1.9884591414344346,1.9115407873424195,1.7801007775150814,1.7958967775182904,2.1471086103384054
2018-04-23,2.046136516888371,1.9860547607301766,1.9102791598359752,1.7781721319345478,1.7937848681356976,2.144513490847635
2018-04-24,2.0187580457303986,1.9654410617695237,1.888422931702218,1.7579310387492648,1.7715906901716438,2.1170623591628908
2018-04-25,2.0224667443143503,1.9683711709003346,1.8920972312308266,1.7604591517653436,1.7736997520231734,2.1127609677326227
2018-04-26,2.0435695457610494,1.979190881680684,1.9057179209485164,1.772637152393826,1.7867520253603442,2.13371239475155
2018-04-27,2.0458453380739283,1.9794886707107944,1.9069177175419285,1.774592613568769,1.7887247638980552,2.135164709930051
2018-04-30,2.029094893643107,1.9640440217883308,1.8920288548914994,1.760756554529513,1.7753106482041539,2.117816293299206
2018-05-01,2.0342671488996507,1.9646065141562046,1.8938183076244575,1.762203023313392,1.7782556804366025,2.1222684713814797
2018-05-02,2.019608594372586,1.9524265269612668,1.8819346135897888,1.7512625230775616,1.7651404644083086,2.1079913437159554
2018-05-03,2.0150570097468274,1.9449155963804559,1.8759759643850626,1.7454108884598671,1.7590074835908793,2.1023725516680627
2018-05-04,2.0408723104272664,1.966543988440251,1.8980531968836407,1.7661932740062516,1.7802793427503176,2.1291094298150512
2018-05-07,2.0479295653773066,1.971429953919447,1.903822891793625,1.7712564042185694,1.7857237466845064,2.136418620902429
2018-05-08,2.0473855207503218,1.96965056565102,1.9024654601095488,1.77010451677599,1.7848194566489781,2.135855154488527
2018-05-09,2.0672086679335497,1.9867863696450414,1.9186653993202532,1.7849822756261373,1.8015701796775598,2.155481245552039
2018-05-10,2.086579721694354,2.004117024158077,1.9348682759322011,1.80068680244852,1.817929011885519,2.1737343827689832
2018-05-11,2.090142830871084,2.00753609683733,1.9372540621407812,1.8025939939217408,1.819911871808966,2.1747105286077475
2018-05-14,2.0919895175626797,2.0080507959034968,1.9381038462179248,1.8039252315856398,1.8204068753154121,2.175718419302839
2018-05-15,2.077675780052718,1.99431568243071,1.9268374524646046,1.7935928048339829,1.8102107553844402,2.1636078594098738
2018-05-16,2.0861123030711703,2.001782495991532,1.9330835275187053,1.799314819571369,1.8149036399657534,2.1669172325732142
2018-05-17,2.0843269171826146,2.0000692832296694,1.931429110330163,1.7977748874770128,1.8133503662790436,2.1650626903019248
2018-05-18,2.078840495310488,1.9948046465880656,1.9263451502142992,1.793042735633411,1.8085772162374802,2.159363753536931
2018-05-21,2.0941963464721387,2.0095397469089784,1.9405745581363534,1.8062874734749996,1.82193670322532,2.1753144089518015
2018-05-22,2.087629497946423,2.0032383591968914,1.9344894271038184,1.800623431394041,1.8162235892789234,2.168493195533366
2018-05-23,2.09441089928278,2.00974562655418,1.9407733722190967,1.8064725296923472,1.8221233627241518,2.1755372724007116
2018-05-24,2.0901734812726045,2.0056795035614337,1.9368467940849174,1.8028176693997333,1.8184368376222182,2.1711357192847323
2018-05-25,2.085246429228223,2.000951624566251,1.9322811706847771,1.7985679855513592,1.8141503355597526,2.166017819368683
2018-05-29,2.0611322258321585,1.9778122230143993,1.9099358878850248,1.77776898855162,1.7931711411731603,2.1409695595929366
2018-05-30,2.0873000061300804,2.0029221868846165,1.9341841054767483,1.8003392379174004,1.8159369336200029,2.1681509409511115
2018-05-31,2.0729402930178384,1.989142956345001,1.9208777629388596,1.7879536896563542,1.8034440800195979,2.153235008691896
2018-06-01,2.095430025133329,2.0107235548688918,1.9417177391121272,1.807351546724748,1.8230099953436043,2.176595873783036
2018-06-04,2.1048167105989086,2.019730789346495,1.9504158552321451,1.8154477562337028,1.831176348417508,2.186346149672864
2018-06-05,2.1062955924722613,2.0211498883294974,1.951786252302483,1.816723322303277,1.8324629656773153,2.187882315588568
2018-06-06,2.124341016367314,2.0384658370599102,1.9685079367617824,1.8322878720123288,1.8481623628112283,2.206626723523707
2018-06-07,2.1228238214920614,2.0370099738545506,1.9671020371766694,1.8309792601896573,1.8468424134980588,2.2050507605635548
2018-06-08,2.1294596334211975,2.043377537166881,1.9732510727358008,1.836702784626192,1.8526155251405085,2.211943608661997
2018-06-11,2.131735425734077,2.04556133197492,1.9753599221134701,1.8386657023601995,1.8545954491102628,2.2143075531022247
2018-06-12,2.135451786918408,2.0491274615436037,1.9788036660467014,1.8418711404106836,1.8578286582864616,2.2181678664137077
2018-06-13,2.1268543492919756,2.0408775700465664,1.970836901731061,1.8344556734155433,1.850348945511833,2.2092374096395138
2018-06-14,2.1321108931526997,2.045921621354024,1.9757078467582707,1.8389895507405576,1.8549221032332188,2.2146975641378175
2018-06-15,2.1299423772451416,2.0438407663685862,1.9736984044219728,1.8371191611152236,1.8530355090128805,2.212445051422045
2018-06-18,2.1254137804205233,2.039495235285922,1.969502007175499,1.8332131530990667,1.849095660305389,2.2077410407682585
2018-06-19,2.116862318396371,2.0312894608557137,1.9615778458775888,1.8258373410076436,1.8416559459947957,2.198858340447403
2018-06-20,2.1204867283761417,2.034767356290739,1.9649363837753588,1.8289634692506929,1.8448091582429234,2.20262314085221
2018-06-21,2.1070312021087476,2.021855761398762,1.9524679005861738,1.8173578007627542,1.8331029411018827,2.1886464188419748
2018-06-22,2.1109544535033407,2.025620417768177,1.9561033580991938,1.8207416858799665,1.8365161433662407,2.1927216361934785
2018-06-25,2.081982161466315,1.9978193128213864,1.9292563564258973,1.7957524873874293,1.8113104446132358,2.16262711118169
2018-06-26,2.086572059093974,2.0022236666598228,1.9335095576960122,1.7997113686085424,1.815303624606108,2.1673947971065934
2018-06-27,2.0686185864034816,1.9849959520630676,1.916873079272174,1.784226128706925,1.7996842244002655,2.1487459020781303
2018-06-28,2.08139980383743,1.9972604966415513,1.9287167182013083,1.7952501919403427,1.8108037974021203,2.162022196106076
2018-06-29,2.0829782995157236,1.998775182602683,1.9301794218100625,1.7966116769679712,1.8121770780006705,2.1636618343373453
2018-07-02,2.0893689082326974,2.004907454891925,1.9361012412746297,1.80212370858468,1.8177368645015979,2.170299981351318
2018-07-03,2.0790320603199897,1.9949884676998537,1.9265226627881773,1.7932079643989003,1.8087438765042945,2.1595627387591727
2018-07-05,2.096954882608962,2.012186770918723,1.9431307392001955,1.8086667676980395,1.8243366110674468,2.1781797961520772
2018-07-06,2.114739778091093,2.0292527229371045,1.9596110065590215,1.8240066062860267,1.8398093502384925,2.1966535841849684
2018-07-09,2.133398210016551,2.0471568992252385,1.9769007312547304,1.840099888044643,1.8560420602262115,2.21603474483128
2018-07-10,2.1408079445840738,2.054267099829192,1.9837669176123285,1.846490936693753,1.8624884793465912,2.223731493227577
2018-07-11,2.1256206706307847,2.0396937620866527,1.969693720755287,1.8333916001657946,1.8492756533935482,2.2079559448082793
2018-07-12,2.1442178017532028,2.057539115619015,1.9869266414273554,1.8494320087194547,1.865455032095887,2.2272734301834736
2018-07-13,2.1465319070679825,2.0597596746494116,1.9890709933198005,1.8514279722065603,1.8674682881190046,2.22967717166815
2018-07-16,2.1443250781585235,2.057642055441616,1.9870260484687268,1.8495245368281283,1.8655483618453028,2.227384861907929
2018-07-17,2.152845889781156,2.0658184184939388,1.9949218077548168,1.8568739123170739,1.8729614105132062,2.2362357245932265
2018-07-18,2.1574970882118554,2.070281595088147,1.9992318130485724,1.8608856667431435,1.8770079217914588,2.241067085789247
2018-07-19,2.148968613988843,2.062097879191353,1.9913289532595275,1.8535296821035785,1.8695882067128833,2.23220826369506
2018-07-20,2.146930362287746,2.0601420225619305,1.9894402194734666,1.8517716480387771,1.8678149414739784,2.230091060930412
2018-07-23,2.1508766014834793,2.06392873746476,1.9930969784953518,1.855175360607848,1.8712481429703545,2.2341901565085847
2018-07-24,2.1611598111935266,2.07379625474553,2.0026258534611183,1.8640448407392909,1.8801944660929497,2.2448716832385025
2018-07-25,2.1808297063691535,2.0926710065039043,2.0208528445469027,1.8810105303796885,1.8973071422894487,2.265303485858249
2018-07-26,2.1742168822411574,2.0863255017249887,2.0147251104966375,1.8753068333950127,1.8915540298790168,2.258434515986476
2018-07-27,2.159949120333476,2.0726345053190314,2.0015039739942098,1.8630005949414012,1.879141173206683,2.2436140966339373
2018-07-30,2.1475203825170106,2.060708191586237,1.9899869582010103,1.8522805526364827,1.8683282550957665,2.2307039354149154
2018-07-31,2.1580104824373194,2.0707742356677383,1.9997075467465653,1.8613284798346534,1.8774545713065212,2.241600366184854
2018-08-01,2.155765340525961,2.0686198522375854,1.9976270993807164,1.859391998703124,1.875501312979457,2.239268259380185
2018-08-02,2.1663857046527304,2.078810894675102,2.007468396476508,1.8685522814618272,1.8847409581716452,2.2503000001012476
2018-08-03,2.176446698951756,2.0884651794661986,2.0167913568565763,1.8772300962253028,1.8934939553847359,2.260750703973366
2018-08-06,2.1841476123337213,2.0958547881600693,2.0239273623264684,1.8838722925979559,1.9001936981106735,2.26874990990747
2018-08-07,2.1903160056396733,2.101773827959637,2.029643267205337,1.8891926588466972,1.9055601587020958,2.275157234063643
2018-08-08,2.189741310611169,2.101222364624274,2.0291107294837034,1.888696972550231,1.905060177901653,2.2745602783969185
2018-08-09,2.1865843192545817,2.0981929927020104,2.0261853222661954,1.885974002494974,1.9023136167045522,2.2712810019343803
2018-08-10,2.1710292404830502,2.0832667184248392,2.011771301267309,1.8725574267372778,1.888780803039226,2.2551234018883792
2018-08-13,2.1623321890516762,2.074921239949672,2.0037122304132513,1.8650560407840826,1.8812144269258535,2.24608947279862
2018-08-14,2.1761478575369333,2.0881784185318097,2.0165144372413266,1.8769723393511402,1.8932339653685055,2.260440287026669
2018-08-15,2.159604303316373,2.072303627317813,2.0011844513612296,1.8627031831635212,1.8788411847264168,2.2432559232339027
2018-08-16,2.1767072273646786,2.08871517617823,2.0170327739570504,1.877454807346368,1.8937206133476037,2.2610213238756143
2018-08-17,2.1839407221234595,2.0956562613593386,2.0237356487466807,1.883693845531228,1.900013705022514,2.268535005867449
2018-08-20,2.1892432415864644,2.1007444297336253,2.0286491967916214,1.8882673777599601,1.9046268612079358,2.2740429168190914
2018-08-21,2.1937718384110827,2.1050899608162896,2.032845594038095,1.892173385776117,1.908566709915427,2.2787469274728775
2018-08-22,2.1928983019677557,2.104251736546537,2.032036136701212,1.8914199426054876,1.9078067390987539,2.2778395548594568
2018-08-23,2.189189603383804,2.1006929598223247,2.028599493270935,1.8882211137056228,1.9045801963332274,2.273987200956863
2018-08-24,2.2027600686568993,2.1137148473813743,2.041174484004447,1.899925919452855,1.9163864096343572,2.2880833141004437
2018-08-27,2.2196561024949424,2.1299278694410604,2.056831093020479,1.9144990965689732,1.9310858451673842,2.305633810702134
2018-08-28,2.2202537853245876,2.1305013913098385,2.0573849322509785,1.9150146103172987,1.9316058251998451,2.3062546445955276
2018-08-29,2.232912401152455,2.142648290376778,2.069114963132831,1.9259329271408037,1.9426187356309383,2.3194035880812387
2018-08-30,2.223019984061791,2.133155768164055,2.0599482138177754,1.9174005136909582,1.9340123994526448,2.3091279912046936
2018-08-31,2.2233188254766136,2.133442529098444,2.060225133433025,1.9176582705651208,1.934272389468875,2.30943840815139
2018-09-04,2.219640777294182,2.1299131637521174,2.056816892014569,1.9144858782677343,1.931072512346039,2.305617891884355
2018-09-05,2.2134187457855696,2.1239426540412487,2.0510512836150143,1.9091192479646557,1.9256593868799086,2.299154851865955
2018-09-06,2.2053347023846013,2.116185403123803,2.043560252997366,1.9021465940610256,1.9186263236203422,2.290757675487368
2018-09-07,2.2004536259424996,2.111501641195449,2.0390372326149566,1.8979365651163687,1.9143798200219122,2.285687532024657
2018-09-10,2.204629743149635,2.1155089414324237,2.0429070067254953,1.9015385522040262,1.9180130138384655,2.2900254098695196
2018-09-11,2.2128747011585848,2.1234206020837716,2.050547147905201,1.9086499982706673,1.9251860717221556,2.298589733834789
2018-09-12,2.213663948997732,2.1241779450643374,2.051278499709578,1.9093307407844817,1.925872712021431,2.299409552950424
2018-09-13,2.2253570771777107,2.135398385727866,2.062113867219086,1.9194163046299224,1.9360456547077798,2.3115556109160385
2018-09-14,2.225970085208116,2.135986613285587,2.062681907455495,1.9199450366794868,1.9365789675615859,2.3121923636272106
2018-09-17,2.213571997793171,2.1240897109306793,2.0511932936741166,1.9092514309770472,1.9257927150933603,2.299314040043748
2018-09-18,2.2254566909826514,2.135493972705996,2.062206173757503,1.9195022235879768,1.936132318046523,2.311659083231604
2018-09-19,2.2282458775209952,2.1381704080936266,2.064790756833165,1.9219079544134947,1.93855889153134,2.3145563080674383
2018-09-20,2.2457166063875436,2.1549348934886763,2.080979903570831,1.93697681782608,1.9537583078648106,2.332703760335854
2018-09-21,2.2448890455464965,2.154140786285753,2.080213049251679,1.9362630295591683,1.9530383355121725,2.331844144175771
2018-09-24,2.236996567155029,2.1465673564800944,2.0728995312079084,1.9294556044210263,1.9461719325194204,2.323645953019425
2018-09-25,2.2340771164102247,2.1437659227364483,2.070194239582009,1.9269375180349761,1.9436320300531695,2.3206134182324667
2018-09-26,2.226728682645742,2.136714544888267,2.0633848572480518,1.9205993425908228,1.9372389422181706,2.312980345107287
2018-09-27,2.2328817507509346,2.142618878998892,2.069086561121011,1.9259064905383254,1.9425920699882482,2.31937175044568
2018-09-28,2.2328664255501742,2.142604173309949,2.0690723601151007,1.9258932722370865,1.9425787371669028,2.319355831627901
2018-10-01,2.2409964445534234,2.1504055412942242,2.0766059937504795,1.9329055810444344,1.9496517988905049,2.327800764459826
2018-10-02,2.2401075829093355,2.1495526113355288,2.0757823354076854,1.9321389195725656,1.948878495252486,2.3268774730286257
2018-10-03,2.24170140378839,2.151082002985604,2.07725924002235,1.9335136229014336,1.9502651086723817,2.3285330300776743
2018-10-04,2.223387788880034,2.1335087046986874,2.0602890379596213,1.917717752920697,1.9343323871649283,2.309510042831397
2018-10-05,2.21109697787041,2.1217147421663807,2.048899831219614,1.9071166753269306,1.9236394644461186,2.2967431509723895
2018-10-08,2.2102234414270825,2.120876517896628,2.0480903738827303,1.9063632321563013,1.9228794936294449,2.2958357783589682
2018-10-09,2.207089437871636,2.1178692045077794,2.045186268174088,1.9036600895529037,1.920152931664362,2.2925803801230993
2018-10-10,2.1345552626739406,2.0482671787404367,1.977972907200953,1.841097869788196,1.8570486882377704,2.2172366155736176
2018-10-11,2.0906408998957886,2.0061280270741957,1.937279924765179,1.8032208275875259,1.818843488673245,2.171621243227001
2018-10-12,2.12034113896892,2.0346276522457805,1.9648014742192117,1.8288378953889213,1.8446824964401445,2.2024719120833067
2018-10-15,2.1078204499478943,2.022613104379328,1.953199252390551,1.8180385432765684,1.8337895814011576,2.189466237957609
2018-10-16,2.153129405995218,2.0660904737393846,1.995184526364156,1.8571184508899972,1.8732080677080913,2.2365302227221435
2018-10-17,2.1525853613682338,2.065568421781907,1.9946803906543429,1.8566492011960087,1.8727347525503384,2.235965104690978
2018-10-18,2.121605468031631,2.044498782960467,1.971420720467036,1.8358388584840701,1.852077674908184,2.213734084867019
2018-10-19,2.1208392079936247,2.0413118412201854,1.969633997021423,1.8335180222673175,1.8489467309748366,2.207045640201597
2018-10-22,2.1117207135413474,2.030682246569195,1.9604946455260537,1.824591960310071,1.8386220629229706,2.1958053559183037
2018-10-23,2.1000812235640285,2.0235593826826905,1.9526089825456852,1.816770478672793,1.8278600919049666,2.181040961340981
2018-10-24,2.035263286949059,1.9791967193752213,1.9020800344070528,1.7714197777609224,1.780269400554619,2.1199755208419138
2018-10-25,2.0731701710292403,2.004387849747285,1.9320036044103777,1.7973118566586075,1.8050285847895307,2.1542987040959103
2018-10-26,2.0372479004474955,1.9805902583225656,1.9055671419012656,1.772425579656541,1.7754761841841318,2.1164264799747556
2018-10-29,2.0238843253846626,1.9659279249378245,1.8937979730968622,1.7610071184490728,1.7639662261732911,2.103615735297427
2018-10-30,2.0555921657573712,1.9842464855272053,1.9180811071605315,1.7823000074599165,1.7866808409062318,2.1275269893073454
2018-10-31,2.07789799546374,1.998551345626909,1.9344821971975656,1.7969877675598749,1.8030315807736788,2.1486018255219648
2018-11-01,2.0998360203518662,2.0149658086949294,1.951382463269538,1.8123948514251054,1.819759137781806,2.171161735296539
2018-11-02,2.086572059093974,2.003840719673141,1.9409275913191741,1.8027279796032687,1.8105024938862198,2.1584534282116197
2018-11-05,2.098257524673573,2.012482666476406,1.9496657431190618,1.8105835012404556,1.8177059845483015,2.1695384934475825
2018-11-06,2.1113912217250044,2.0220086012776863,1.9586486975914648,1.8196503389716392,1.8297115556031063,2.1830444960160835
2018-11-07,2.156171458346104,2.0556964878774355,1.9929053111503627,1.8520066994399242,1.864032141085437,2.226299177539097
2018-11-08,2.150761662477778,2.0505572907625162,1.9875696690729683,1.847068082273632,1.8600663255025653,2.221667680347302
2018-11-09,2.1309768282964505,2.033237502629376,1.9712772359901443,1.8318330674904564,1.8441095384452986,2.2031853026468244
2018-11-12,2.0889934408140745,2.001222963262405,1.9404599930670383,1.8017638635107496,1.812284561262354,2.1628067538037414
2018-11-13,2.085897750260528,1.9958231094499768,1.9379323737397955,1.798393557078763,1.8075374469651884,2.159623308624235
2018-11-14,2.0701127934775942,1.9823031242828248,1.926228130309165,1.7870933618350613,1.7946789250240192,2.143390890134671
2018-11-15,2.09204315576534,1.996743100041991,1.9449685856709644,1.8036010345991895,1.8132205968716533,2.165942920094444
2018-11-16,2.09669435419604,1.9947682187470013,1.9425830512833573,1.8021243335574053,1.814322170314556,2.1679310112282275
2018-11-19,2.061798872065224,1.9630936194090158,1.9169156760700368,1.7757572200315181,1.786781244015594,2.1348412910758476
2018-11-20,2.024374731808986,1.9314758565060623,1.8919976773380407,1.7487425762666708,1.7556751909331212,2.0954246232537446
2018-11-21,2.0305354625145586,1.9289677918892514,1.8919669924090539,1.7472559645406736,1.7573833089568787,2.0974122849059484
2018-11-23,2.017225525654386,1.9164500616700888,1.8797052986283036,1.735683307006013,1.7446137613225101,2.0800144661937185
2018-11-26,2.0485578986084714,1.9382016629636742,1.9044827930767971,1.757252285238171,1.7659989095876916,2.10622900016826
2018-11-27,2.0552396861398883,1.9430390241395683,1.9096191375940925,1.7618341177925327,1.7711914782783325,2.1113139939830723
2018-11-28,2.1024566296818485,1.9859988924291594,1.9515404225087984,1.8008451436162791,1.8104707093389085,2.1595983333980553
2018-11-29,2.0978360816526695,1.9821356012035898,1.9485187383934661,1.797672115587742,1.8073444644106398,2.1548733323160634
2018-11-30,2.115007969104395,1.9963564512705692,1.9628031808665731,1.8109841949867242,1.8206924452172537,2.171559489243798
2018-12-03,2.138149022252191,2.0147444567491712,1.9808249371254416,1.827609998425836,1.8374450718813913,2.1931845229418947
2018-12-04,2.0689480782198246,1.9573782203115104,1.923346113981808,1.7743118210930846,1.7822479737629333,2.124458359054986
2018-12-06,2.0657987494636174,1.9544163394133665,1.921285106452321,1.7716602976386442,1.7776961071147548,2.119198685104136
2018-12-07,2.017623980874149,1.9168248008591484,1.8813912659342953,1.7353565277937502,1.7383166856499443,2.0719740186782323
2018-12-10,2.021179427450499,1.9138994823755289,1.8835140675188482,1.73589598962139,1.739420867779195,2.075609840406332
2018-12-11,2.0204591430147736,1.9103286168483893,1.8828132471390249,1.7345121177385738,1.738660134419705,2.0748732730734845
2018-12-12,2.0314089989578865,1.9177332867967283,1.891849089518138,1.742568837904747,1.7475096823478604,2.08607066369731
2018-12-13,2.0310028811377427,1.9144578892819923,1.8904734297091321,1.7408143330558878,1.746629170867951,2.0865292868150114
2018-12-14,1.9922377858149938,1.880411299840079,1.8581366914018782,1.7109912140039418,1.714591678000406,2.0468878598269558
2018-12-17,1.950852081162263,1.8487224996324134,1.8254961574299198,1.6825139728632668,1.6807969482242775,2.005440503459679
2018-12-18,1.9510206583706242,1.850327768749443,1.8273511540516916,1.6863537274047458,1.6809413890527867,2.0056128915588562
2018-12-19,1.9209832648807696,1.8178344697405386,1.8004656762738902,1.662612504426567,1.6541839570890664,1.9731486230438082
2018-12-20,1.8906853429779928,1.7969585777227743,1.7758773188206227,1.6408120646108404,1.6325482970897276,1.9452623342986937
2018-12-21,1.8517593330472626,1.7644429048922243,1.7411187276758917,1.608281699173698,1.5972786890000505,1.9009289252464008
2018-12-24,1.8015539753570768,1.7268928135030275,1.6974544032056853,1.5688834181004911,1.55755984294528,1.8560876642694317
2018-12-26,1.8908998957886345,1.795578853583991,1.7740311036283682,1.635791970280589,1.6212862894288813,1.9301337981416642
2018-12-27,1.907090970391712,1.8166750393673845,1.7926358223155974,1.6536122750360576,1.635807416360321,1.948425232264201
2018-12-28,1.9047232268742715,1.8124809327909566,1.7900310937037016,1.6499884923954031,1.6322830005173161,1.944190522280906
2018-12-31,1.9208989762765891,1.8181506857474665,1.8017554818530255,1.6597398604513351,1.644891299788314,1.9606393829560385
2019-01-02,1.9233356831974497,1.8125298656521427,1.8008951289182857,1.6579431681356163,1.6454626873478024,1.9612902418101281
2019-01-03,1.8757202844357257,1.7714784340242866,1.7602749807273366,1.619940861456989,1.604082756954228,1.9139670985437207
2019-01-04,1.940124440630172,1.8243064499242405,1.8140646003646321,1.6704542459552119,1.6589874303344987,1.9783624605402161
2019-01-07,1.9537255563047875,1.8338870828488087,1.8245987603907226,1.6803957105247653,1.6698642059716546,1.9921932173845365
2019-01-08,1.972667504444308,1.8508423160916938,1.8409281107610183,1.6961041751455785,1.6856184017546612,2.0114549812826543
2019-01-09,1.9807515478452766,1.8580205991413703,1.8472557186891638,1.7025421659754638,1.6929039184061834,2.0196755156323776
2019-01-10,1.9897014650891924,1.8660100681815663,1.8548945419322755,1.7097000266734381,1.7001398876469087,2.0287765432347244
2019-01-11,1.9894102862747503,1.8641565542404106,1.8528416852687934,1.7086640614615733,1.6998916571188365,2.028480448158621
2019-01-14,1.9789508367559614,1.8543577117750984,1.8425721528439372,1.6993932183695675,1.6909749552551756,2.0178444013459464
2019-01-15,2.000168577208361,1.8742353636333031,1.860462716257341,1.7168091299942696,1.7087387720291467,2.0394203820230863
2019-01-16,2.004612885428799,1.8780037929306173,1.8644243558842075,1.7207972962243199,1.7120641969657684,2.0417473406170226
2019-01-17,2.019830809783608,1.8915489110218593,1.8781130801150936,1.733575583981798,1.723599675409724,2.057092171152097
2019-01-18,2.046458346104334,1.913968855612595,1.9010837852334075,1.7549166135073275,1.74459199848481,2.08394176133809
2019-01-22,2.0174860540673083,1.90303242285848,1.8835103692715063,1.7392319685388646,1.7269435552112926,2.0589409910404406
2019-01-23,2.0219303622877454,1.901463476802293,1.8846756094619879,1.7383812318746041,1.7253748924659102,2.05694062409496
2019-01-24,2.024711886225709,1.8960759762408337,1.8823743579172434,1.7364357201950773,1.7222100801386742,2.058773083568301
2019-01-25,2.0418990988781953,1.9080330022815604,1.8956047600276527,1.7484482051797627,1.7363617813996686,2.0751313639152715
2019-01-28,2.025876601483479,1.8988634937916402,1.8841468686311418,1.736851936588103,1.7235753304298551,2.059947511685789
2019-01-29,2.022926500337154,1.894989171067742,1.880996444809265,1.7341904077366672,1.7210809560990823,2.0537319399015534
2019-01-30,2.054381474897321,1.9161955129195534,1.9051946919397595,1.7566125852221708,1.7455842948385532,2.0844769649775086
2019-01-31,2.0720437687733706,1.9280240723084978,1.9184411541514204,1.7693334697601117,1.7601376875502168,2.1022865492591527
2019-02-01,2.0739057806657266,1.9297510375333187,1.9196523723751668,1.7712026714479376,1.7617120588810684,2.104164088946979
2019-02-04,2.0879589897627655,1.9405086370561377,1.9304843819475022,1.781161089228499,1.772262745749949,2.118334491364565
2019-02-05,2.097790106050389,1.9484885451035467,1.9392949951613878,1.789652482770739,1.7815263140444062,2.128247591856257
2019-02-06,2.0931235824189294,1.94416047176233,1.9346300605744233,1.784972337077323,1.7775806673757293,2.123542152885532
2019-02-07,2.0735379758474837,1.9271335401297494,1.9176889916212663,1.7700570135707812,1.7614010719515174,2.1037932169098776
2019-02-08,2.0749402317170356,1.927295910122415,1.9181002305967914,1.7700794392322934,1.7625867096204302,2.1061794271483225
2019-02-11,2.0764114509900082,1.9263840575973388,1.9184111050768888,1.7707697901026866,1.7634501987642597,2.106690654699733
2019-02-12,2.1031769141175745,1.9512082943475377,1.9424748993651972,1.7932428633617015,1.786080976783454,2.1336793218996393
2019-02-13,2.109536872433029,1.9565378900773136,1.9479298218199945,1.7979197462366099,1.7895561656019983,2.1332864930724624
2019-02-14,2.103943174155581,1.953078799785999,1.9440247348692596,1.7949479911365138,1.7856040362200252,2.12946412507972
2019-02-15,2.126831361490835,1.973535677045944,1.963793831106214,1.8141174114016667,1.805252397037063,2.15237853388478
2019-02-19,2.1300190032489428,1.9753445413756099,1.9653911837701479,1.8143099014615323,1.8016092286422118,2.1527762385346985
2019-02-20,2.1338043278366943,1.9760251646660667,1.9656952017064668,1.814435924424194,1.803190455161707,2.153772310134126
2019-02-21,2.1262796542634708,1.9702340464513146,1.9598625700521848,1.8089430661553403,1.79804271215341,2.147254867014698
2019-02-22,2.1399114203396064,1.9799556525020825,1.9697269209704737,1.8175198035070463,1.8083193985489747,2.1598863991256336
2019-02-25,2.1425473548703486,1.983493984201861,1.9729842926436036,1.8209211063678294,1.8113853150699526,2.1635412044412603
2019-02-26,2.1408539201863546,1.983057096468017,1.9724823357074084,1.820063023746518,1.8099631111946877,2.1608299787316
2019-02-27,2.1396892049285845,1.981987657262128,1.9710568738119074,1.8193656690286548,1.8097305919480233,2.1606797801077193
2019-02-28,2.133643413228713,1.975877413196832,1.96536773615577,1.8138364019444049,1.8034813985271752,2.154627062147494
2019-03-01,2.148355605958438,1.9865910648267475,1.9760574411064826,1.824073892432212,1.8146654634213415,2.1683402586847818
2019-03-04,2.140018696744927,1.9800541534815723,1.969734806728237,1.817610318930717,1.8088355778222904,2.1599937984303774
2019-03-05,2.1375973150248266,1.9778308456588034,1.9672507346784345,1.8155672565107193,1.8060563707710116,2.1575696426947233
2019-03-06,2.123651382333108,1.9672617608284073,1.9565039847229562,1.8053698638455886,1.7955158365341908,2.1446235840484653
2019-03-07,2.106395206277202,1.954771240453143,1.9439215503613736,1.793128557333462,1.7821952477268594,2.127347638742475
2019-03-08,2.101904922454484,1.9506482708830715,1.9390952647048794,1.7883053226344061,1.7779980701881528,2.1200586208538774
2019-03-11,2.1327315637834854,1.9716860904498654,1.9607645569166463,1.8088219326668795,1.8015438629613183,2.1509205782100054
2019-03-12,2.1390302212958985,1.9757924715593267,1.96479103312762,1.8134230208646747,1.8056619558829499,2.156210601006533
2019-03-13,2.153895666033225,1.988323871751272,1.977965565089232,1.8255377963490287,1.8185725453995243,2.1693153373482836
2019-03-14,2.152025991540489,1.9860481294354353,1.975751367554641,1.823960241822195,1.8158305960992898,2.1684593715619083
2019-03-15,2.16275363207258,1.99533921709179,1.985053110029643,1.832441015853863,1.8255856807599644,2.1791993020363254
2019-03-18,2.170768712070128,2.002698647416526,1.9922899796355924,1.8392038110795523,1.833062665095554,2.190779041997403
2019-03-19,2.1704851958560654,2.002438323399303,1.9922652736033386,1.8387862268533772,1.8312622477844023,2.183384246000814
2019-03-20,2.164094587139091,1.9965704793354124,1.986014119066032,1.832869178653802,1.8241485696449713,2.1745939615791428
2019-03-21,2.1875804573039908,2.017017136141392,2.0061185711172658,1.8511413886586736,1.8410508258702067,2.192888588932985
2019-03-22,2.1460721510451783,1.9900845093778288,1.9805728935108287,1.828071291837497,1.816940726878649,2.163195866963414
2019-03-25,2.144271439955863,1.9867540678685989,1.978633138773651,1.8256509190473955,1.8138572292118915,2.1599469795162323
2019-03-26,2.159673266719794,1.9947468743268577,1.9856814244722922,1.8316034200156035,1.818850534218574,2.1650962781703362
2019-03-27,2.1496429228222884,1.9860960443699727,1.9782746581782555,1.8244167706761794,1.8109420043468303,2.1589887959831833
2019-03-28,2.1573591614050143,1.9909450352729265,1.982488402834857,1.8286503059217558,1.8168322489345503,2.164247288270004
2019-03-29,2.1718874517256173,2.0014898280808593,1.991958355582209,1.837427010496883,1.8262524718046802,2.1772601835398206
2019-04-01,2.1970131183718506,2.0234421433825758,2.012591407074889,1.85687021814831,1.8460184437519935,2.201069429367711
2019-04-02,2.1970514313737506,2.022359300385792,2.0120811375056906,1.8562940655805362,1.846520000154033,2.202320575781594
2019-04-03,2.2017715932078707,2.026693343483342,2.016672867732514,1.8606104346219619,1.8504626281179979,2.2070213070912565
2019-04-04,2.20636149083553,2.0303487676228356,2.0197811114670854,1.8635916923069864,1.8532719674956781,2.211592310426464
2019-04-05,2.2165910623429164,2.0380645070517613,2.0272815381908544,1.8701885606047062,1.8607919789151257,2.219111191411988
2019-04-08,2.218912830258076,2.0401963496792903,2.0290888834433614,1.8719315312664822,1.8627312910467515,2.221423401780215
2019-04-09,2.2054496413903015,2.030070519922991,2.0203176181815747,1.863695234697514,1.854755647268971,2.2106842146052794
2019-04-10,2.213119904370747,2.0348772967868425,2.0237972645863604,1.8675837449776131,1.8583621658244767,2.215654322445629
2019-04-11,2.2132041929749278,2.0343956796211677,2.022973172321556,1.866382146624251,1.8579630153435798,2.2157382640761587
2019-04-12,2.227832097100472,2.04670897008489,2.0341276108573996,1.8769697435379844,1.869071465992288,2.2303059525017206
2019-04-15,2.2264298412309196,2.044862410733207,2.0315756332289525,1.8750785798060257,1.8679001982692272,2.2289094690119993
2019-04-16,2.2275639060871693,2.0459037068020995,2.0323507511415704,1.8756721844617434,1.86884745303979,2.23003886549549
2019-04-17,2.2224989272359466,2.040694042579266,2.02764700839958,1.8710201821520491,1.8633959669058981,2.2225687541710806
2019-04-18,2.2260083982100163,2.0439164317654317,2.030848795466577,1.873974645229936,1.8663383908499172,2.226078335406442
2019-04-22,2.228261202721755,2.0459849523347162,2.032904091094736,1.8758711782974002,1.8682271957397454,2.228331210697263
2019-04-23,2.2479617482989025,2.0640739536395873,2.0508774416389457,1.8924561664485937,1.8847446017661038,2.2480323752302627
2019-04-24,2.243034696254521,2.0595499443673075,2.046382356302529,1.888308306712609,1.880613644132907,2.2431051683867316
2019-04-25,2.242207135413474,2.0587900796683862,2.0456273497452466,1.8876116210959892,1.8799197974386845,2.2422775815452054
2019-04-26,2.2527125605345426,2.068436139874134,2.055211738541867,1.8964556579514098,1.8887277957514568,2.2527833367279135
2019-04-29,2.2551262796542635,2.070652411912654,2.057413841000609,1.8984876576665504,1.890751515276273,2.2551971316823654
2019-04-30,2.2572718077606813,2.0726224315024493,2.05937126540838,1.900293879635564,1.8925503770761098,2.257342727197433
2019-05-01,2.240337460920738,2.0570733483115644,2.043921594189903,1.8860376276658486,1.8783522178702554,2.240407848310646
2019-05-02,2.2355789860847173,2.0527041262927685,2.039580306485526,1.8820316853702863,1.8743625993784747,2.2356492239718704
2019-05-03,2.25712621835346,2.072488751601713,2.05923844018071,1.9001713145733807,1.892428311453978,2.2571971332160534
2019-05-06,2.2470345736529147,2.0632226237454256,2.0500315546627306,1.8916756205262701,1.883967236488317,2.247105171454108
2019-05-07,2.20993226261264,2.029155356410465,2.0161820940112083,1.8604408820478262,1.8528597763639973,2.2100016947256824
2019-05-08,2.2063844786366698,2.025897788303053,2.0129453529369306,1.857454165006207,1.849885229887839,2.2064537992846947
2019-05-09,2.1997180163060133,2.0197766560061887,2.006863355669928,1.8518419753167716,1.8442959092954887,2.1997871275057332
2019-05-10,2.207901673511923,2.0272908735844086,2.0143295316252825,1.8587314219700097,1.8511572821605804,2.2079710418274927
2019-05-13,2.154623613069331,1.9783710656992401,1.9657224890994596,1.813879060003752,1.8064876889667771,2.154691307483679
2019-05-14,2.1718951143259972,1.9942297233970927,1.9814797555820147,1.8284191468543123,1.820968526455463,2.1719633513799765
2019-05-15,2.184576717955005,2.005873946329633,1.9930495319922312,1.8390952088497325,1.8316010845937838,2.1846453534422534
2019-05-16,2.2040090725188497,2.02371669518578,2.01077820448547,1.8554544192547995,1.8478936328951625,2.2040783185358697
2019-05-17,2.191143566480721,2.011903613431257,1.9990406488403014,1.8446235382334637,1.83710688660257,2.191212408286587
2019-05-20,2.176354747747195,1.9983245498301674,1.9855484020295955,1.8321735082327621,1.8247075891965523,2.176423124914868
2019-05-21,2.1948446024642925,2.0153018972236536,2.002417205943706,1.8477392711300122,1.8402099232072884,2.194913560550079
2019-05-22,2.1886455587568197,2.0096099477659948,1.9967616475655394,1.842520579798112,1.8350124975070456,2.1887143220797576
2019-05-23,2.162569729663458,1.9978154022486123,1.9795303078384852,1.8273697230203947,1.8175718056670302,2.1810335025425647
2019-05-24,2.1654968430086434,1.9930331936863592,1.9799026504263761,1.8274203931985025,1.8180984491129173,2.175593476288514
2019-05-28,2.1473594679090295,1.9802675292190657,1.9655807013292852,1.8140302865934843,1.804193861057837,2.1513834409478556
2019-05-29,2.1325170109728435,1.9690083978167574,1.9537556378858452,1.8024326966646063,1.7918740347963336,2.1356467023605665
2019-05-30,2.1369919695948014,1.9700990080330076,1.9560027322799247,1.8047431446220585,1.7949087929943617,2.140077050585537
2019-05-31,2.1087936001961625,1.9519092367566135,1.9354446677176396,1.7862468545521426,1.7733328153969221,2.1132020323583416
2019-06-03,2.102962361306933,1.9451199487456776,1.9301332212403262,1.7796606622432893,1.7673425067165098,2.106386679922705
2019-06-04,2.148033776742475,1.9712045875201514,1.9629042697478418,1.8090666885217956,1.7988564290952147,2.147048251901193
2019-06-05,2.1655658064120638,1.9826756831563457,1.9761104248121515,1.8208725472726288,1.809811874010941,2.161904119236099
2019-06-06,2.1788527554710964,1.9910322327081493,1.985826912189855,1.8300703365540454,1.81901078258951,2.1750586120821587
2019-06-07,2.2017256176055904,2.0125683306773414,2.0069307658734243,1.8494367389789887,1.8379961627601802,2.19770345703342
2019-06-10,2.2119858395144973,2.018917836943433,2.014262092292467,1.855505262385082,1.8453624021333679,2.2068191506759374
2019-06-11,2.2112119168761106,2.01672572858642,2.0132615043495012,1.8545369983127107,1.8447200157356334,2.206052943191824
2019-06-12,2.2067063078526328,2.0096528581666537,2.008233820548959,1.849985566138754,1.840980182053773,2.201592250115998
2019-06-13,2.2157481763011093,2.0171277614035037,2.0155727839462565,1.8570682420693274,1.8480147743085091,2.2090848381066626
2019-06-14,2.2121774045239992,2.012393272740746,2.010285474441007,1.8526892528138819,1.845050892513021,2.2070088059937873
2019-06-17,2.2142386440262363,2.0135226724655686,2.01096446086677,1.853954022908259,1.8460821685840278,2.209049497213851
2019-06-18,2.235755225893459,2.033081589815797,2.0304859068340577,1.8723398512019838,1.863941782493321,2.228892439502892
2019-06-19,2.2424293508244957,2.0384041762374987,2.034354369546531,1.8760660917895633,1.8671080783480563,2.2257029285958128
2019-06-20,2.2636700790780355,2.057519256617087,2.0532456869246283,1.8929574816692374,1.8833601270780427,2.2465743979918984
2019-06-21,2.2608195917366514,2.057973886285552,2.053467947319348,1.8928926527713734,1.8830451357101903,2.24377346486948
2019-06-24,2.2569040029424383,2.0514302898150754,2.048440377085294,1.8876198813399905,1.8782615882475766,2.2399259465212116
2019-06-25,2.2354717096793966,2.0351626720374716,2.0314891844359466,1.8721214604041914,1.861372887045976,2.2188662423722754
2019-06-26,2.2327131735425736,2.0319252302897026,2.0283935326654157,1.8690608694603252,1.8595777684458978,2.216155661931225
2019-06-27,2.2412493103659656,2.038097191103916,2.034957625047356,1.8756098465025586,1.8653574078178958,2.2245434025182527
2019-06-28,2.2541531294059953,2.0474447782630794,2.044802369008892,1.885118112467291,1.8755152949225542,2.235986393597607
2019-07-01,2.2714476184638017,2.053948961672564,2.054494425180783,1.892981154144134,1.8826298716323444,2.2511254747826617
2019-07-02,2.2780987555936982,2.056914634086895,2.058105291746811,1.8976397338865676,1.8881124113352146,2.2576609854016385
2019-07-03,2.2955771470606265,2.0726438903444135,2.0741060002565335,1.9118302819329829,1.9029986145730156,2.274835524251736
2019-07-05,2.291431680255011,2.0681583133888197,2.0700800969277493,1.9080245391677821,1.9003594635668917,2.2707621242000466
2019-07-08,2.280351560105437,2.058941991096851,2.0613113478434375,1.90021875754064,1.8917048540482457,2.2598746260951623
2019-07-09,2.283171397045301,2.059969706342598,2.063435653676485,1.9022251697525276,1.8932512868877838,2.262645441657125
2019-07-10,2.2934699319561087,2.067727695199628,2.0705081719077993,1.9089800174810199,1.9012616348284428,2.2727649419703786
2019-07-11,2.298711150616073,2.071689438893856,2.075005699511843,1.913172193972326,1.9068386848409604,2.2779150448083736
2019-07-12,2.309331514742843,2.080492014632265,2.083417691791415,1.920863622286482,1.9138576092947737,2.2883507795064166
2019-07-15,2.3097376325629866,2.079347561484311,2.0835318469291106,1.9210510977845066,1.9141923726637278,2.2887498371824604
2019-07-16,2.3018758045730396,2.072272499265892,2.076434116185497,1.914837280047064,1.90866935072961,2.2810246829254672
2019-07-17,2.286841782627352,2.0579880298142634,2.0636130285692396,1.9028005985204814,1.8942022253083555,2.258833009759758
2019-07-18,2.2950331024336417,2.06395816144321,2.06994999835091,1.9084622476296178,1.8998595932043787,2.2657674596056125
2019-07-19,2.2808572917305217,2.051328554763839,2.0577993537117263,1.8969772080684655,1.8882351188487174,2.25190529323032
2019-07-22,2.2873092012505363,2.0530935287960004,2.061573335230382,1.8997357228343779,1.8899405289282714,2.250613299599159
2019-07-23,2.302971556427389,2.063064335345324,2.072788213611705,1.910679979979202,1.9017243087478504,2.264423231594715
2019-07-24,2.313768160362901,2.0726833168649104,2.0818193035533743,1.9194261154301877,1.9110634527690054,2.276486845812069
2019-07-25,2.3015922883589774,2.0644909763070833,2.073584490175566,1.9118410382847189,1.9016529722790563,2.266086257438544
2019-07-26,2.3185955986023417,2.0763203426652246,2.0866839871617793,1.9237090036972633,1.9155960580061981,2.281207475442574
2019-07-29,2.3148485870164897,2.073645897698311,2.0840180459287057,1.921482732552832,1.9125234266765125,2.2790492562651683
2019-07-30,2.3088794213204187,2.072311011391908,2.0808946298002184,1.9181834772733528,1.908114273459729,2.2732121602617346
2019-07-31,2.2837460920738057,2.0552299967880656,2.0632472051416766,1.9020184845529235,1.8908865830526926,2.2507861833730014
2019-08-01,2.2631949978544714,2.054181025174257,2.0534365270165176,1.894398163797586,1.882838524542653,2.2372153066653944
2019-08-02,2.246712744436952,2.043479752647421,2.040487684503041,1.8815672000605543,1.8665145281846713,2.2185162049231293
2019-08-05,2.179810580518604,2.029681665152973,2.00343483954285,1.8483650769382187,1.8220117966978457,2.156034340891499
2019-08-06,2.208185189725985,2.0244234749201815,2.0158401927611806,1.8571952921509265,1.8354950927346263,2.179765449592635
2019-08-07,2.2098786244099795,2.025268331248018,2.0167388589162263,1.8566440388281864,1.8322387557198248,2.1789116019148116
2019-08-08,2.251340955066511,2.0422922102771315,2.0431120007954093,1.8806629536053185,1.8615937831606446,2.212859339016271
2019-08-09,2.2364448599276647,2.037651156956977,2.035129309491755,1.873721717176663,1.8545093420241965,2.202380236615444
2019-08-12,2.209702384601238,2.0430357256740987,2.0266683354985227,1.8672356226182045,1.8399183058343456,2.182396419941704
2019-08-13,2.242322074419175,2.0349209161969846,2.03772574772267,1.874865449020218,1.856229183326032,2.2081274158640105
2019-08-14,2.1766382639612574,2.0321663022633065,2.0097302202226617,1.8501152267416414,1.8169289806453695,2.1516414513193927
2019-08-15,2.182002084227303,2.0183567915411658,2.005663498578872,1.8432121268814,1.8147573290145338,2.155380706321082
2019-08-16,2.21348004658861,2.008560920221579,2.0167216644752184,1.8544732932150958,1.8358366483400694,2.1861622087371364
2019-08-19,2.2402761601176975,2.0032241368312325,2.0235560219693056,1.8638295470343076,1.850877884222733,2.205696514526132
2019-08-20,2.222544902838227,1.9874268882603867,2.010251838788855,1.8508886656382852,1.838942946661866,2.190939089946266
2019-08-21,2.2408738429473423,1.9964540898028522,2.019265807783455,1.8608940621543186,1.8495311948944628,2.2037711590398086
2019-08-22,2.2397397780910926,1.997165071044539,2.018738875591419,1.8607149349481766,1.8499745649290944,2.2026670240452195
2019-08-23,2.18162661680868,1.9704361230590706,1.9793846207979942,1.8264484209244822,1.815505056409417,2.16025466570121
2019-08-26,2.205587568197143,1.9813026180033546,1.9965261599944721,1.8407050138730325,1.825885014533188,2.17125262371965
2019-08-27,2.1985226506467233,1.9756416532461356,1.991727806871984,1.8355539672548944,1.8189868381832088,2.1613133677353598
2019-08-28,2.212913014160485,1.983770878432655,2.002420990217279,1.8452653362052667,1.8289349316043624,2.1734874697430624
2019-08-29,2.2409887819530434,1.9999779601783942,2.0226694455697745,1.863325750729001,1.8476190076224115,2.197499124455847
2019-08-30,2.2424293508244957,2.001248566878483,2.0246189948920383,1.8651193040221499,1.8494811192593683,2.1999510894195473
2019-09-03,2.2269585606571445,1.9944480490278054,2.0147421084837474,1.8555793616908967,1.8368398132692538,2.184888599189313
2019-09-04,2.2511034144547293,2.0020542569013537,2.0288593946686544,1.8677607187419585,1.8520672614777816,2.202449545690611
2019-09-05,2.2803898731073375,2.022181265550028,2.0514269182638505,1.8887733680541439,1.8733063432256662,2.2299136710957472
2019-09-06,2.2824664378103354,2.0205903387297397,2.0513316092810263,1.8888449037282344,1.875003120800367,2.2329848465882574
2019-09-09,2.282251884999693,2.018689853343289,2.0497487710000937,1.8874168410088075,1.8732620672522358,2.2317265413909166
2019-09-10,2.2829874946361794,2.0181978429454275,2.050086413325641,1.8877963792283379,1.8736184928517075,2.2312184196916918
2019-09-11,2.299492735854839,2.0316149207857737,2.0632545475873756,1.9001990490344036,1.8866646923605375,2.247288060085909
2019-09-12,2.3061132225832157,2.0368838891789345,2.0676823694454556,1.9046339521581084,1.8916339804293951,2.2537338211354
2019-09-13,2.304442775700361,2.035410526090533,2.0663521153749187,1.9037406233259435,1.890709409383625,2.2543811922942063
2019-09-16,2.2972169435419603,2.0278963861107973,2.060347873656951,1.898165597382214,1.885245489000119,2.247346061889496
2019-09-17,2.3031477962361304,2.0319866699612907,2.065010787773101,1.9023362976572902,1.890532000704292,2.253120389496331
2019-09-18,2.303937044075277,2.0321123847651,2.0647744706678206,1.9022540948650537,1.8900515251413939,2.252052331803726
2019-09-19,2.3039830196775575,2.029689364848303,2.0634028029247546,1.9009860088650175,1.8881088104598585,2.249594542139177
2019-09-20,2.292703671918102,2.0253823944145637,2.0568458837351242,1.894958543059422,1.8815583176326973,2.2411817393952296
2019-09-23,2.29248145650708,2.0221093983477245,2.055849519304103,1.8933499261036466,1.880477820333759,2.238464419898281
2019-09-24,2.2731870287500766,2.0144984350951574,2.042802331849476,1.8823362694113912,1.868587882248361,2.224869157460016
2019-09-25,2.2871865996444547,2.019949111574889,2.0524894008465564,1.8905810048013292,1.8746475411528978,2.2322681539858835
2019-09-26,2.281631214368908,2.015713956037903,2.0481392595170003,1.8862069129946688,1.871215743581967,2.2279645843932117
2019-09-27,2.2695013179672654,2.0100484979003963,2.040204600334666,1.8793521099148667,1.8637944695800848,2.216297915249556
2019-09-30,2.2809569055354624,2.01204619328302,2.046539517990781,1.8843956212006514,1.8695880714554571,2.224809771936653
2019-10-01,2.2529960767486052,1.9937887951462574,2.025757030279037,1.8649058577555502,1.84813961536989,2.199253301703664
2019-10-02,2.2126601483479433,1.9727307833928325,1.998411840076041,1.8387804218927264,1.817630702991918,2.1587186463316503
2019-10-03,2.2302994544228527,1.9758175423744475,2.0078472408183035,1.8463707253247945,1.8255663560694468,2.1732145205267144
2019-10-04,2.262007294795562,1.9905731143577339,2.0287007207285783,1.866145089302063,1.8487079252662033,2.2013245875764365
2019-10-07,2.2518773370931155,1.9811118731078514,2.020142251048537,1.8579452063747963,1.8391308057582143,2.191521775049811
2019-10-08,2.2168362655550786,1.9677562734803307,2.0000023343604774,1.8382012094391769,1.8150821897120106,2.161258528447297
2019-10-09,2.2370195549561696,1.9699854747172298,2.010640719869095,1.8470481444005793,1.82751401530816,2.1771438223348887
2019-10-10,2.2513716054680315,1.9751281443410384,2.0181212974467737,1.8554488949118735,1.8387200739444076,2.1910323759372865
2019-10-11,2.2759992030895604,1.990474975991743,2.033855770551836,1.872140002616967,1.8570114219771037,2.2133632613341767
2019-10-14,2.2728422117329736,1.9852551335828486,2.028108270124246,1.8671900605049672,1.8539974473626155,2.2092358186233034
2019-10-15,2.2954698706553054,2.0050135408674707,2.04670869830697,1.8846568466982359,1.8712945551737077,2.229631353096162
2019-10-16,2.2908799730276463,2.000389863689885,2.042259885930058,1.8805195633685474,1.8671168403530432,2.2226874050865737
2019-10-17,2.29720928094158,2.003575169596889,2.0467485217765433,1.883801829833008,1.8695614082164187,2.2287668996115424
2019-10-18,2.2882057254950037,1.9957919094296568,2.038914604835732,1.877099017267222,1.8634031357536083,2.220118708247331
2019-10-21,2.3039293814748967,2.004812143088784,2.050222958282826,1.8869603324144453,1.8723212948477053,2.2321346964947995
2019-10-22,2.295707411267087,1.9988476163392204,2.043830118389094,1.8807135882291346,1.865272307272032,2.22423724174263
2019-10-23,2.3022436093912826,2.0033548518234303,2.049000193739162,1.8855839713858655,1.87096109346285,2.2305154606649045
2019-10-24,2.30666492981058,2.0054623097587507,2.051398064946231,1.8879425258262015,1.8730071767945617,2.234762274636947
2019-10-25,2.31605927787654,2.0107256967322256,2.0578810194941894,1.8932231210805968,1.878339752509176,2.24255100809369
2019-10-28,2.3289860847177093,2.022472011214329,2.0696855936815184,1.9046557315648105,1.8883551090852564,2.2562024290573284
2019-10-29,2.327047446821553,2.020796126259172,2.0684017444357643,1.903521617641653,1.8878973173838853,2.2543403078529494
2019-10-30,2.3346180959970573,2.025626068558893,2.0735089939086606,1.9081260968688802,1.8928994182573873,2.26161214876175
2019-10-31,2.3275608410470174,2.0206683975926643,2.068366949896154,1.9033183912298421,1.8876200355940318,2.254833438764781
2019-11-01,2.350050573162508,2.0366807479801383,2.085116707327437,1.918991669271147,1.9049365287100484,2.275200690554662
2019-11-04,2.358755287194262,2.0442056701503306,2.092891126724105,1.9261935986811003,1.9119601140427571,2.281709595924969
2019-11-05,2.3559584380555383,2.042930971654724,2.091490525702338,1.9245859194859936,1.9097034162906104,2.282110202335647
2019-11-06,2.3576135597376324,2.0432186865206137,2.0926254578049335,1.9258798053617732,1.9114538016935312,2.2824651713005997
2019-11-07,2.3640501440568866,2.0487828895337836,2.0977574478814973,1.930803558720345,1.9166472978902527,2.289882534319143
2019-11-08,2.3701035983571384,2.0528728101326705,2.1017485487847174,1.9346100191504538,1.920425217723475,2.292609997125307
2019-11-11,2.365452399926439,2.0477089311965595,2.0972367379029007,1.9303952103098354,1.9166722984479871,2.2881423782673695
2019-11-12,2.36915343591001,2.050336808002144,2.100046438423864,1.9332238097485044,1.919658558761102,2.2916973369302753
2019-11-13,2.3708392079936247,2.0512225593405105,2.101453190166804,1.9339669351785014,1.9203272354131702,2.2914643332559312
2019-11-14,2.3728238214920614,2.0529381886029046,2.10248301655107,1.9352727341582932,1.9219285634071592,2.2952228549417284
2019-11-15,2.391083798197756,2.0675802226454474,2.1175805737545863,1.9494979023482246,1.936247102793546,2.310909883540397
2019-11-18,2.3922868264574264,2.0686201986848136,2.118104592461105,1.950219706357621,1.9372177919636475,2.3120654291099125
2019-11-19,2.390869245387114,2.0673947492116747,2.1171185225935445,1.9491956164446222,1.936073986253655,2.310703798980228
2019-11-20,2.3818886777416783,2.0590598212284905,2.1093859359834584,1.942018967843198,1.9276868065172477,2.294668730087651
2019-11-21,2.3781186783546864,2.0564975921831516,2.1067352806548305,1.9398206777723832,1.9246662185421142,2.292347915406901
2019-11-22,2.3832909336112302,2.0569388362555534,2.1093510594723477,1.941685628904937,1.9288103178982428,2.2960061291014067
2019-11-25,2.4011831054986814,2.067601834639405,2.121822482241145,1.953051058266976,1.9386580957399862,2.3111585320623584
2019-11-26,2.4064549745601664,2.0707851831400412,2.1254793635046703,1.956274697097441,1.9402811600373264,2.314911751484331
2019-11-27,2.4165006436584315,2.078054046911294,2.133833150824693,1.9643833007087919,1.9487888950643109,2.324492790320583
2019-11-29,2.4068074541776494,2.0710868424319693,2.1263836367674966,1.957403965182924,1.941022545900603,2.3152479282856033
2019-12-02,2.3860341445472932,2.059950746300194,2.112531690346802,1.9443911207523026,1.926010519056413,2.296710237798995
2019-12-03,2.370195549561699,2.0530378802554146,2.1026713732172815,1.9341920408578674,1.918777045435585,2.2835164301150193
2019-12-04,2.385183595905106,2.0585586154969944,2.111047630962353,1.9423193913715397,1.9262979876843047,2.295899028561143
2019-12-05,2.3887620302825963,2.0596284748098834,2.113290618017616,1.9448234725322402,1.9270232163218306,2.299311953913187
2019-12-06,2.4105851161650214,2.0743198431041576,2.129398035492826,1.959608440306074,1.9435903001157755,2.318850866612279
2019-12-09,2.4029608287868567,2.0744369501234465,2.126906924193496,1.957424925876521,1.937940563860934,2.312854032451382
2019-12-10,2.4003248942561144,2.071516849428523,2.1244527905800297,1.9549726146592732,1.9412852874379416,2.3103400146331747
2019-12-11,2.407305523202354,2.073505738408338,2.128021595895575,1.958237553458231,1.9421355655857044,2.3169977769366263
2019-12-12,2.427948568626249,2.084530351758314,2.1417128311835176,1.9718542426500854,1.9575021951394607,2.3354112281705905
2019-12-13,2.4281248084349905,2.081360117074322,2.139105655707205,1.969519949487107,1.955756512215785,2.3355793165712266
2019-12-16,2.445480598295837,2.093556706842376,2.1524755068519337,1.9817595666754315,1.9692032946666014,2.348945330019476
2019-12-17,2.4463004965365043,2.0942583925866445,2.153110636998334,1.9824213672752902,1.9705741694227508,2.3529143464107296
2019-12-18,2.4452430576840554,2.0926892018349705,2.152300848366747,1.981674736159197,1.9687579881623798,2.3442569202399546
2019-12-19,2.456146938024888,2.102020966452666,2.1618984345184855,1.990511462688132,1.9775371160513318,2.35471048102858
2019-12-20,2.468299822227671,2.112421654213498,2.172595392801449,2.0003604073647945,1.9873218643520194,2.36636146304598
2019-12-23,2.470430025133329,2.1142447255864565,2.174470395577404,2.0020867671504896,1.98903697155731,2.368403690663154
2019-12-24,2.469947281309385,2.1138315835127286,2.174045484876378,2.0016955417314293,1.988648296183449,2.3679408836851614
2019-12-26,2.4826135597376324,2.1246716445900646,2.1851943323175753,2.0119605515362986,1.998846397659512,2.380084057250585
2019-12-27,2.482697848341813,2.1247437805077,2.1852685230748974,2.0120288607364523,1.9989142616136784,2.380164864818171
2019-12-30,2.4683457978299512,2.112461001077663,2.172635860487261,2.0003976669285146,1.9873588810542915,2.366405539901027
2019-12-31,2.4756176055906334,2.118684363426358,2.1790364994598543,2.006290887923567,1.9932136894637196,2.3733770291409466
2020-01-02,2.4963602648194687,2.1364363569752687,2.1972941703753537,2.023101161088589,2.009914391638978,2.393263036909611
2020-01-03,2.4787362839453193,2.1213533923788535,2.181781557480766,2.0088183283292422,1.9957246557678678,2.3763669091416286
2020-01-06,2.4874946361797337,2.128848970002203,2.189490651627946,2.015916275217909,2.002776337550772,2.3847635500280653
2020-01-07,2.4805216698338746,2.122881362270577,2.1833530526131306,2.010265241387037,1.997162137706115,2.3780785603459504
2020-01-08,2.492682216637038,2.133288607842104,2.1940567555103967,2.0201203959909866,2.0069530554571813,2.3897368885058583
2020-01-09,2.509271746459878,2.1474862679948163,2.208658845474215,2.0335648885666324,2.020309915527161,2.405641287035285
2020-01-10,2.5021072151045174,2.1413547149958387,2.2023526311018498,2.0277586065535935,2.014541479423036,2.398772643790475
2020-01-13,2.5195626187703057,2.1562934077569844,2.2177168624817942,2.0419048209126336,2.028595487385814,2.4155071564232853
2020-01-14,2.5157466437810334,2.153027618031326,2.2143580445594004,2.0388122771238706,2.0255231010971997,2.4118487774543915
2020-01-15,2.520451480414393,2.157054113797499,2.2184992377408252,2.0426251724778877,2.029311143629748,2.416359308954192
2020-01-16,2.541538956660332,2.1751012088276442,2.2370604162999146,2.05971489237081,2.04628947107205,2.4365758931357084
2020-01-17,2.551354747747195,2.183501764326778,2.2457002672207698,2.0676698092250376,2.0541925370072205,2.4459863016882233
2020-01-21,2.544588671611598,2.1777112174838935,2.239744772792109,2.062186443430906,2.0487449123227903,2.43949965785382
2020-01-22,2.5453242812480843,2.1783407673105266,2.2403922557651,2.0627825964504263,2.0493371795591497,2.4402048875345708
2020-01-23,2.548228406792129,2.1808013234610573,2.2431822074004413,2.066271836097406,2.051652019035758,2.442961233664929
2020-01-24,2.5251869674492733,2.1698369486302833,2.228682717116349,2.0530789114092785,2.039866896817771,2.422447950492398
2020-01-27,2.4854640470790166,2.1564086644831866,2.2050998385482674,2.0321395560560203,2.0167369396717274,2.4077927515895396
2020-01-28,2.5104517869184084,2.162020257775552,2.219361657287015,2.043905638488221,2.0290975567852585,2.4111739232648692
2020-01-29,2.5082756084104703,2.158620507487244,2.2171912207202165,2.0411591179161697,2.0246355097335638,2.406397143342791
2020-01-30,2.5161374364004168,2.162169621944856,2.2219897835266478,2.0458491802615235,2.027574083744375,2.4138589141336824
2020-01-31,2.4715870777907187,2.1524310198550225,2.1996160516533125,2.0258013679659115,2.00620126437201,2.3851322395995727
2020-02-03,2.4895175626800707,2.1543972049946487,2.2073355378877673,2.0316452492359245,2.0106595978666992,2.3967276363440253
2020-02-04,2.526811438729847,2.169657343850357,2.2302390421020943,2.05173765777883,2.0308024548366768,2.4185670814887588
2020-02-05,2.5552396861398883,2.1828518219847175,2.249151050441164,2.069539002858894,2.049683841565761,2.4455487283057247
2020-02-06,2.5637375099613804,2.1869397926744867,2.255229872111257,2.0750126096232755,2.0564573428310875,2.453614131626484
2020-02-07,2.549891191074603,2.178320243638885,2.245320161680366,2.066221911249303,2.0459460991812795,2.440472396909972
2020-02-10,2.5685726108012013,2.1910363914369797,2.259754331016725,2.079235686691201,2.0608368080044226,2.458203193389693
2020-02-11,2.572909642616318,2.193155037920328,2.262740876498444,2.082715357347015,2.0648192684194755,2.4623195308825236
2020-02-12,2.589537485441059,2.2010193512082594,2.2725554386021525,2.092419828686712,2.0760462820562027,2.4753899101354793
2020-02-13,2.5853153926316432,2.1974421310527386,2.2699135378170396,2.0894202485582873,2.074182254591202,2.47409400155548
2020-02-14,2.5900815300680438,2.1983683844725643,2.27222196854024,2.092084984910757,2.0774558075291862,2.4759062704923536
2020-02-18,2.5825185434929194,2.18884863548577,2.265653829862559,2.086678226664486,2.0724783942866702,2.4727951426115906
2020-02-19,2.594671427695703,2.1983673374986843,2.2745249992704264,2.094066178672356,2.0793627832604527,2.4761955985170347
2020-02-20,2.584771348004659,2.194060285174556,2.268330884994797,2.088656013917054,2.0726189949849254,2.466842048715191
2020-02-21,2.557584441856188,2.1839134556743627,2.251978334276606,2.0741974815344046,2.0585848252925296,2.4494099695241873
2020-02-24,2.4718705940047814,2.1573172556077393,2.200968826552834,2.0274362084122237,2.0015108665166643,2.3780575683121965
2020-02-25,2.3970223134923065,2.141167324081151,2.158854364224204,1.9939640129382277,1.961890319223233,2.314219579383325
2020-02-26,2.3879651198430696,2.1135850854499147,2.142812938419341,1.9753792672263155,1.9430102986035365,2.301535390854122
2020-02-27,2.282504750812236,2.107731331112588,2.0914499917383647,1.9387033292612625,1.898927660469599,2.2349128598862458
2020-02-28,2.263700729479556,2.1519141854386103,2.101019072638564,1.9632406199899441,1.9412180013608618,2.2776761337350893
2020-03-02,2.3679197572488198,2.1780442096524393,2.164734796635343,2.003452254952524,1.9667567110094113,2.3197395550801945
2020-03-03,2.301362410347575,2.2101512925760094,2.1473443495773754,2.0073878442235986,1.9692676027893365,2.3022533972210253
2020-03-04,2.398485870164899,2.2303296274878925,2.207186439418975,2.049070460955879,2.0042299712662057,2.3554966029448803
2020-03-05,2.317124379329369,2.2926541606767694,2.198267877247088,2.077293714571654,2.0553147851506517,2.398309423621347
2020-03-06,2.2776083491693737,2.3567696132860565,2.208994666222569,2.1186324855001226,2.1510533773784126,2.5301815479599483
2020-03-09,2.104579169987127,2.472773896537502,2.181127906557157,2.1940322834267807,2.4897712647473296,3.0270232322641233
2020-03-10,2.2085376693434684,2.4547180803945823,2.224448128339302,2.1945975034013907,2.3444622127860817,2.7551890290047583
2020-03-11,2.100609942990253,2.4974238013804526,2.1997804616276717,2.228005651652686,2.5602173743923915,3.0218974271327412
2020-03-12,1.9008153006804385,2.6509330144213346,2.176954914597371,2.3354265966090693,3.254704394610222,4.428902790489838
2020-03-13,2.0773462882363756,2.6724327215055146,2.2677371027143676,2.365922915109897,3.067839116585362,3.982142272335485
2020-03-16,1.8283960644884447,3.0085443959124367,2.3387558658117817,2.6768012068178466,4.59157655536692,7.827155343897628
2020-03-17,1.9380172255256543,2.9845796213362994,2.395835800640334,2.692084787994401,4.416601754100101,7.08331568320181
2020-03-18,1.8375681971433822,3.0415524602981403,2.4408721668737683,2.833506406659658,5.034328901578295,8.66672212289936
2020-03-19,1.8462192729724758,3.055871766113897,2.452363533690834,2.8468462537599404,5.058029987145543,8.707524129807968
2020-03-20,1.766168086801937,2.923370625407777,2.3460302217883684,2.723408359467069,4.838716221936468,8.329970041079687
2020-03-23,1.7144302090357384,2.8377338203874145,2.2773059447743504,2.6436292207415533,4.696971554310195,8.085953078593482
2020-03-24,1.8752911788144422,3.103991736233455,2.490980226076969,2.8916747567701018,5.137677390725828,8.844639111394558
2020-03-25,1.8969226996873656,3.1397963423608957,2.5197137322989143,2.9250302823361753,5.196940601138887,8.946662198642569
2020-03-26,2.0153175381597497,3.335764096266349,2.6769795504481433,3.1075935928290592,5.521303287675255,9.505060612057013
2020-03-27,1.9474268987923737,3.223391156029321,2.586799293584369,3.00290710451329,5.3353053973955165,9.184860628699818
2020-03-30,2.0126969288297674,3.331426450040495,2.673498551819767,3.103552647117547,5.514123685138497,9.492700748139614
2020-03-31,1.9804680316312142,3.278081011368154,2.6306883757058808,3.053856104244396,5.425827169730305,9.340696105927384
2020-04-01,1.8930454238950527,3.1333786552548086,2.5145634828662877,2.9190515731840563,5.186318148262865,8.928375382437293
2020-04-02,1.9362624900386194,3.2049117684530968,2.571969425158803,2.9856917305317916,5.304718611149741,9.13220471721546
2020-04-03,1.9069530435848707,3.1563986198744707,2.5330372036572304,2.940496942968833,5.224420424883376,8.99396939708665
2020-04-06,2.041071538037148,3.3783922511350446,2.7111890135767145,3.1473059277307858,5.591860726640287,9.626526994005491
2020-04-07,2.0377996076748603,3.3729765349407774,2.706842854470526,3.142260653406764,5.5828967199642765,9.611095234085228
2020-04-08,2.107199779317109,3.4878480608693048,2.7990282479711133,3.24927482097741,5.773030229249105,9.938414788178468
2020-04-09,2.1377275792312878,3.5383778344476706,2.8395788284841235,3.2963482938272994,5.856666300905366,10.08239636083028
2020-04-13,2.1161267087598845,3.5026239610246255,2.8108860356964285,3.2630400307841674,5.797487062451802,9.98051783339417
2020-04-14,2.180822043768773,3.6097080168283746,2.8968219170396385,3.3627994010832682,5.974730875954265,10.28564745636085
2020-04-15,2.1327775393857658,3.530184502687725,2.833003608852747,3.2887153963722224,5.8431048294470465,10.059049951208527
2020-04-16,2.1451832894010914,3.5495776058926243,2.8488163270464404,3.306563358010225,5.874422217565415,10.112658598699316
2020-04-17,2.202660454851958,3.6411235582243835,2.9231250259763133,3.39293151882931,6.027167313458476,10.375715399258457
2020-04-20,2.1632746888984244,3.5823146799123387,2.8736989697133963,3.335876220418627,5.926258490330147,10.202675196153761
2020-04-21,2.0969165696070617,3.4797764380237597,2.789639151346221,3.238631758813925,5.756681481413008,9.910976171356344
2020-04-22,2.1449993869919695,3.5515243577483577,2.850946050455613,3.309418853620983,5.880069305497686,10.12117874727242
2020-04-23,2.14384233433458,3.548061340246948,2.8491684839108267,3.306892257987341,5.874382040949596,10.110615859954441
2020-04-24,2.1736805002145525,3.593049528056607,2.8870226617088908,3.3509499360859802,5.952460315195506,10.245824783036293
2020-04-27,2.205664194200944,3.640532959313447,2.926356117596795,3.39611394125406,6.031630052893287,10.381627791801323
2020-04-28,2.1941013302274257,3.621316693045601,2.91121535830496,3.3784880128753283,5.999700388014968,10.32564411854021
2020-04-29,2.252429044320481,3.7153017285881913,2.986595705876704,3.4662017421354836,6.154963074040973,10.59376203196848
2020-04-30,2.231678722491264,3.681646562623512,2.959516925797415,3.434704040420358,6.099580835835248,10.497933013510389
2020-05-01,2.1690599521853735,3.5830171367954224,2.8795625666216353,3.34195776326828,5.935107653219777,10.213246079390181
2020-05-04,2.1782780604425915,3.595083840096275,2.891093780928006,3.3553108316789904,5.9578988979960625,10.253566096402409
2020-05-05,2.1979709434193584,3.6252669961065065,2.9159279945934604,3.384217879382118,6.008862455303494,10.340931556491121
2020-05-06,2.1826304174584688,3.5996561399528053,2.895908176057519,3.3609038991027425,5.967044629405263,10.269255730674404
2020-05-07,2.2077407589039413,3.6396267077533686,2.927852083709195,3.397897837036196,6.033201113856289,10.383637673798187
2020-05-08,2.244988659351437,3.6994139280544633,2.9753241800828696,3.45321174646469,6.131416276391812,10.553998742091432
2020-05-11,2.24528750076626,3.6990408572839812,2.974302150761745,3.451830850383528,6.130141187804301,10.552273429734743
2020-05-12,2.1992582602832096,3.6244452954730693,2.9158740973379933,3.384089878902661,6.009416277093021,10.343292917179634
2020-05-13,2.1608533071783236,3.5634446848029904,2.868760315476062,3.3300935539451157,5.913086314600862,10.175299997481849
2020-05-14,2.1857567584135347,3.602036229663657,2.8998392424439237,3.3655037393670058,5.9747795550484195,10.282881826043845
2020-05-15,2.1943388708392075,3.615132071591226,2.9097918403865384,3.3770994266915624,5.995155977796233,10.319527137009198
2020-05-18,2.263463188867774,3.7279366389664235,2.9988185040296873,3.4797846367617433,6.176684876486185,10.632959395699263
2020-05-19,2.2397321154907126,3.6888532415697526,2.968208792124756,3.444105795697224,6.112249719573052,10.522431842870418
2020-05-20,2.277025991540489,3.7501005662874043,3.01577958181091,3.499235114806092,6.211610434483116,10.693591182426646
2020-05-21,2.259325384662539,3.725279005383929,2.996288463437802,3.475630158201901,6.178035253233266,10.632229686734538
2020-05-22,2.2646432293263037,3.729910969099451,2.999300990379522,3.482447196004156,6.180557770506447,10.639980170481726
2020-05-26,2.2924737939066997,3.768364327038388,3.0322775246207385,3.5132228093795774,6.240694258777953,10.744478640232751
2020-05-27,2.326465089192668,3.815708630572882,3.0725177512503166,3.5618658116041404,6.320335739876041,10.877620405028187
2020-05-28,2.3215610249494265,3.8117513192386387,3.068707822124305,3.556202335034772,6.308684204891066,10.852273676656566
2020-05-29,2.3327330963035613,3.823043672049723,3.080792717736256,3.5708947543059244,6.335193018565556,10.900255781938917
2020-06-01,2.3414837859375957,3.8344266278142487,3.0905578733806114,3.5839543915284686,6.3551624795825274,10.940940664272159
2020-06-02,2.360709250291179,3.861157466928864,3.113798009446376,3.6117950951744078,6.4062877425363265,11.01731291258217
2020-06-03,2.3929304848893516,3.9102312669886903,3.1535071056345556,3.6591482210173503,6.4896433858470095,11.164574114716357
2020-06-04,2.3848694292895236,3.89824191648876,3.1436297095252304,3.647143421016547,6.470740037188439,11.133602253088446
2020-06-05,2.4473809231900936,3.9955488915106603,3.2218056725284003,3.7385287390428945,6.6330327585223525,11.41518631677668
2020-06-08,2.4768512842518233,4.042445256304436,3.261234802224977,3.7843901686008503,6.713418820238126,11.552203880221198
2020-06-09,2.4575338686936794,4.012102861977268,3.238133576697714,3.7571815442360497,6.664115765120857,11.467482941621416
2020-06-10,2.4444767976460486,3.99081383127908,3.220036872132994,3.735913582450217,6.626782396706689,11.404230159773894
2020-06-11,2.300389260099307,3.847618104814772,3.078606827728569,3.5712484194280107,6.325514687759219,10.870393547627893
2020-06-12,2.3304343161895416,3.8510272206900513,3.0990268754191397,3.594870073398797,6.381916189256949,10.969062672090574
2020-06-15,2.3498053699503463,3.8549178982990506,3.114942046998168,3.614775844969486,6.411402004617297,11.021216682102473
2020-06-16,2.394363391160424,3.9079520547398863,3.1695836318736195,3.6828195061813513,6.545276611581137,11.259783638746642
2020-06-17,2.3857429657328506,3.8898582270247,3.156421685579553,3.6657685485894915,6.512227006660649,11.20386204020809
2020-06-18,2.387160546803163,3.889496497228001,3.1577493184900973,3.6667049303431662,6.510107608846203,11.198802985567863
2020-06-19,2.3736743701342484,3.8678225005356732,3.140502596995704,3.6465217732136264,6.474474144463211,11.13751840849989
2020-06-22,2.3890915220989393,3.889762922574218,3.1587525834003713,3.667596405732034,6.51306078830788,11.201474527109596
2020-06-23,2.3993823944093666,3.9044105890912535,3.171010297521642,3.681679233871918,6.539020898887868,11.245543432674832
2020-06-24,2.3373459817323603,3.8082724915419797,3.0925786449410886,3.590704047224142,6.37493209797094,10.964916922644239
2020-06-25,2.3629620548029178,3.8457350538617696,3.124260970135324,3.626952870015317,6.4386261296049865,11.07531325331366
2020-06-26,2.3057147673634524,3.7559332852924157,3.0516239904004316,3.5422340073387986,6.2856753172446425,10.808797090599642
2020-06-29,2.3395757984429593,3.8051338701870274,3.093335412329121,3.590128717625509,6.372124403970474,10.95776871071169
2020-06-30,2.375628333231165,3.8609606898771345,3.138434462384889,3.642893019799985,6.467299328994509,11.124081248117282
2020-07-01,2.3875590020229263,3.8792922575839093,3.15332879206256,3.660589482975532,6.4996125184424445,11.180812386612256
2020-07-02,2.398401581560718,3.8966775270572365,3.166813258921922,3.676545840063421,6.528789566644208,11.231476424277254
2020-07-06,2.436492368050021,3.956834664378736,3.2162002343199605,3.7337968231581784,6.631369624199871,11.407128810104632
2020-07-07,2.4101330227425977,3.9146858862991265,3.1823476399589072,3.6944765577632195,6.561586727564294,11.287792601979728
2020-07-08,2.428998344878318,3.9438581361885143,3.2059585202622216,3.7220134562524194,6.610412911025701,11.373045201301935
2020-07-09,2.4152899527983815,3.921823637014724,3.1885428811917076,3.701871365291637,6.574869342224374,11.309923758897604
2020-07-10,2.4405688714522156,3.9618101718687173,3.220684426111641,3.739387712972525,6.64229064098343,11.427110711460344
2020-07-13,2.417718997118862,3.9282210467294054,3.1941373734358978,3.708638896161705,6.589245108101319,11.33720749885955
2020-07-14,2.4501317967265366,3.9771194487539625,3.233718042614118,3.754397152188823,6.668685586496192,11.471746179347617
2020-07-15,2.472383988230246,4.012400430467835,3.2621869708365434,3.787528036839511,6.727614966712509,11.575723822725116
2020-07-16,2.463962790412554,3.998329198542756,3.2505620855381094,3.774237324587649,6.704743035879526,11.534457706167332
2020-07-17,2.4709817323606935,4.009101893247503,3.2592843812248087,3.784690808266502,6.72380644683768,11.567255061998525
2020-07-20,2.49175504199105,4.0425978618756275,3.285164735864875,3.814668159896148,6.776699194722043,11.65763934040221
2020-07-21,2.4959388217985654,4.049385239638189,3.2907221852572373,3.8210891819311783,6.787971871975601,11.67817165086547
2020-07-22,2.510283209710047,4.072451519726407,3.3093524788992275,3.8426387792058185,6.8257854875321975,11.743048697640369
2020-07-23,2.4793569545761045,4.0289179075175,3.2727635352021234,3.799226382653185,6.744953638939078,11.607548779956227
2020-07-24,2.464008766014835,4.004267419455547,3.2535231576909305,3.7773924799368817,6.706165330971314,11.540382632546436
2020-07-27,2.482230429718629,4.0229334225155355,3.2724240423132605,3.79791966885272,6.740445781602449,11.595310132952811
2020-07-28,2.4661619567216326,3.9965682272466023,3.2519030922434866,3.773718457429842,6.699718512341806,11.520893855311765
2020-07-29,2.496812358241893,4.03965879257659,3.2886053137744526,3.8163654608260043,6.773325090256744,11.645021337211093
2020-07-30,2.487448660577453,4.027967122513233,3.279005688120453,3.806235022498989,6.756009778933017,11.621330958501533
2020-07-31,2.506528535523815,4.053590183271064,3.3015645671741316,3.8319524021263067,6.80332671650347,11.705779283885185
2020-08-03,2.5245279838165877,4.078035857029907,3.322805832532784,3.855924628626053,6.842877707552826,11.759677658447076
2020-08-04,2.533646478268865,4.08710223058146,3.3308397779379586,3.8658787124706944,6.859424600467898,11.799847025875914
2020-08-05,2.5499371666768833,4.1082456220160015,3.3487304399070554,3.886140087883395,6.899323507517042,11.863343361843976
2020-08-06,2.566327468889842,4.133454092303008,3.36929103598133,3.9103738484692916,6.944257783303246,11.93925009425895
2020-08-07,2.567951940170416,4.134947390766092,3.3712788219024623,3.9122522726268434,6.946102690844039,11.946773342165436
2020-08-10,2.5749938699196955,4.142352235131698,3.377889686538831,3.9207856791577727,6.961014222088384,11.979385912099685
2020-08-11,2.554473426101882,4.114973368533684,3.3562107429595156,3.8958609676932583,6.91691601275333,11.902275276958232
2020-08-12,2.590227119475265,4.165144510866946,3.3968476853196283,3.94233758105291,7.000504349126901,12.049934104732209
2020-08-13,2.58492460001226,4.155512476392416,3.389338659960789,3.934064669854689,6.986230293651664,12.02146273864828
2020-08-14,2.584480169190216,4.153682942882079,3.388400959355405,3.9325705728558322,6.984221320530152,12.017344307080446
2020-08-17,2.591483785937595,4.162699863107562,3.3944410479405667,3.9403582130846555,6.997603161604161,12.041744723591831
2020-08-18,2.597452951633666,4.172286847730758,3.4017032727355825,3.948886666788295,7.012859193919706,12.069389110946329
2020-08-19,2.586012689266229,4.153354949370021,3.388144649360626,3.9336615750064143,6.985818701285742,12.012801672017623
2020-08-20,2.5941810212713787,4.1635738866840235,3.3971600533185122,3.944924501142273,7.007663861539426,12.047029681527349
2020-08-21,2.603107950714154,4.176383465513937,3.408304609429764,3.9567016528712826,7.0260098015451975,12.082362873910835
2020-08-24,2.629252743210936,4.215185400602981,3.440636906129786,3.9937793462864706,7.089571068036972,12.18591429559573
2020-08-25,2.6387083920799355,4.2253745267135665,3.4510669518142802,4.005096383176705,7.104341128816423,12.210331426612782
2020-08-26,2.665611782014344,4.270228229142207,3.488039740873918,4.047410067866257,7.178492220628712,12.344066636113546
2020-08-27,2.6700714154355416,4.287010314072581,3.5001979947135147,4.063569445739505,7.211405749120477,12.393654413981658
2020-08-28,2.6880478759271744,4.31143995755841,3.5219111864067196,4.088328479933564,7.254491624019524,12.46965160221158
2020-08-31,2.6821476736345247,4.3096729796392825,3.520346417847393,4.085745979173908,7.244484881817521,12.455865039617132
2020-09-01,2.7023309630356156,4.34799492071133,3.5502201949199033,4.120033390102065,7.299832280730701,12.555358655814498
2020-09-02,2.7438545944951875,4.410557348681037,3.6082257818696415,4.187164632755988,7.41332794320213,12.738692256648745
2020-09-03,2.64747440691473,4.329994276936903,3.5148222285808877,4.077162329244205,7.191430024138259,12.325009939304271
2020-09-04,2.6259424998467478,4.2306888100306415,3.4600569993339585,4.014079855214113,7.094954051187243,12.170690995731416
2020-09-08,2.5530558450315697,4.107182819866659,3.358459285034607,3.8943361907160603,6.89259212080867,11.838356695848175
2020-09-09,2.6044872187825656,4.167500920208376,3.412280989722443,3.9573020124181144,7.010570640167721,12.049616636705926
2020-09-10,2.5586878563109177,4.091909947267565,3.3532491970766656,3.888545350357044,6.889749385778399,11.838992429888696
2020-09-11,2.5600517991785687,4.078849680240758,3.346422506673296,3.8824837185161987,6.888162604484254,11.845264992848955
2020-09-14,2.5926714889965057,4.124485726651987,3.3855636675307235,3.9278736441608033,6.967425789072174,11.979546869552742
2020-09-15,2.6062036412677,4.1446177174153815,3.4028091187091594,3.9482519657989403,6.99921297417748,12.035582069885532
2020-09-16,2.594165696070618,4.124784873718028,3.386344073999594,3.928408892329944,6.962029157834284,11.960676779889758
2020-09-17,2.572342610188193,4.087615053815598,3.357518451775487,3.894909563246315,6.901254088160451,11.85890100420811
2020-09-18,2.543577208361429,4.041577252921654,3.320124273629866,3.8517891911541757,6.824441632146057,11.725276984735295
2020-09-21,2.5141451603015996,3.9984509091161984,3.283390136001948,3.8092726574502054,6.749149986604266,11.600223124863831
2020-09-22,2.540588794213204,4.038700227640056,3.3178637453670445,3.848860549011198,6.81646164783838,11.709906272094118
2020-09-23,2.480322442223993,3.948907019175095,3.2428674845352616,3.7624780044377713,6.664384562999245,11.445059602981027
2020-09-24,2.487732176791516,3.9558703980071273,3.2510310908161166,3.771094176432138,6.677568904840946,11.46742372249113
2020-09-25,2.527478084962913,4.0139919820214365,3.3006853015196946,3.8281706140346556,6.77782597223404,11.636470552728676
2020-09-28,2.568197143382578,4.077090481197752,3.3528393858459755,3.888476141867088,6.884232683686344,11.819948992618864
2020-09-29,2.555837368969533,4.054099087784217,3.3345832462978806,3.8667061013878543,6.845276556661641,11.756603048967813
2020-09-30,2.5635306197511185,4.066270376410523,3.3449389016785185,3.878432926537618,6.865744876569338,11.788573837080856
2020-10-01,2.590571936492368,4.109051728564138,3.3803257433582323,3.9190188088070945,6.9380285178502135,11.90930490851261
2020-10-02,2.5657604364617175,4.072177794239522,3.3495523270143,3.8830223459810065,6.871774193775997,11.798803240086722
2020-10-05,2.6118892907497084,4.140397667257682,3.4070776965616414,3.9497086724234935,6.991326342621537,12.010421817733862
2020-10-06,2.5753616747379384,4.082079473821306,3.360023994320879,3.8954158743446,6.896037047617357,11.846171842297533
2020-10-07,2.620180224360939,4.1495483951945715,3.415922597488513,3.9601787201555814,7.013465681302298,12.045134507188447
2020-10-08,2.6411680868019367,4.180901872285047,3.441574861770048,3.990142505647567,7.067984274367022,12.14141744475913
2020-10-09,2.664385765953534,4.217633948517819,3.4699224797965473,4.023749326439347,7.129182373870548,12.251252195717342
2020-10-12,2.708131551523324,4.286049771368278,3.525705907536351,4.088216621340323,7.24262107079038,12.441971088203264
2020-10-13,2.6910516152761597,4.2587636465388385,3.5036179654615878,4.062695724815019,7.196612279487829,12.366938380467706
2020-10-14,2.673228406792129,4.230566019701405,3.479999693320524,4.035492614221896,7.149744051305703,12.285173461596074
2020-10-15,2.6691442407895543,4.22436897801107,3.475086314214084,4.029686723405902,7.139638307334395,12.268098336827356
2020-10-16,2.669504383007417,4.224409930882685,3.4754574921959103,4.029800673111296,7.139074552713062,12.264766893864522
2020-10-19,2.625911849445228,4.155443336266104,3.4202036074583697,3.965696475511533,7.02571999088119,12.06478382272921
2020-10-20,2.6383252620609325,4.174289040260575,3.4357132025723542,3.98405248338738,7.058142403313861,12.125053424854755
2020-10-21,2.6325323361736035,4.1648597961142855,3.4272553442952938,3.9743044672882806,7.039697645133788,12.090172043133014
2020-10-22,2.64627137865506,4.182491408742803,3.4434510956192437,3.9928675135971483,7.071331787650526,12.148975321929484
2020-10-23,2.6553898731073375,4.196217959644973,3.454704298736694,4.005001526392008,7.094569336537452,12.190434157414865
2020-10-26,2.6060274014589586,4.145003636165997,3.4043735530307924,3.952578045325449,7.011045306951716,12.081405201565454
2020-10-27,2.5981425856678717,4.133764654705079,3.3954637285829667,3.942105161325103,6.991637843878547,12.052272266226431
2020-10-28,2.5064595721203946,4.047918596477702,3.3029694607876823,3.8483171584284928,6.850813625573978,11.828984229932695
2020-10-29,2.5364050144056884,4.054838076952434,3.324026415801915,3.8651616167332197,6.891123909070019,11.903464344742211
2020-10-30,2.5056396738797275,4.023311209450294,3.2932114038192943,3.8348056661667855,6.846499547258176,11.845406701409816
2020-11-02,2.536504628210629,4.057215353795012,3.3274381339307584,3.8692669315649266,6.896983281574933,11.94421783887536
2020-11-03,2.581652669649972,4.102939442289567,3.373392392415264,3.9172947540824556,6.960866401626925,12.031032066413095
2020-11-04,2.638570465273095,4.164876685038481,3.4320741674658066,3.981146400106721,7.067663862226822,12.127395290748863
2020-11-05,2.68991755041991,4.23474822332489,3.4948581842386,4.051943015933823,7.175688263705034,12.333376162557533
2020-11-06,2.6891436277815237,4.222985086129462,3.487726229437214,4.04358965093698,7.161274802524908,12.323140625865973
2020-11-09,2.7206062649420706,4.270042271915696,3.5240569854067196,4.085302643213297,7.23333176582139,12.458863651569034
2020-11-10,2.7167979525531787,4.262411547577349,3.518389690153198,4.078779206255708,7.2232497342680615,12.441548490866317
2020-11-11,2.737586587384294,4.293861176646505,3.5438507893153384,4.1091328649386405,7.279187574954415,12.536067667901472
2020-11-12,2.710269417029363,4.253852154711199,3.5131142069653545,4.073414930526308,7.214314611187335,12.42652011103364
2020-11-13,2.747157175258996,4.3055192489354965,3.5548752541530093,4.122243322359674,7.30396043190089,12.580192640303684
2020-11-16,2.7791561944461467,4.353416544459961,3.595529153195182,4.168989829587626,7.3857406327485755,12.711637658455484
2020-11-17,2.765838594985594,4.33255781673467,3.5774727295556845,4.148777368418804,7.353417158112186,12.665130994012388
2020-11-18,2.733854900999203,4.2819079511517195,3.5374534345687656,4.102185802382335,7.265856241027899,12.479410942118493
2020-11-19,2.7446438423343342,4.293446989181679,3.548824746453525,4.11405478626642,7.286424179473581,12.50532004758956
2020-11-20,2.726000735609636,4.263241619126288,3.524585534235825,4.086477861741556,7.238340046715979,12.44013539011253
2020-11-23,2.741364249371667,4.280576395016595,3.5411519682580925,4.1043618688007975,7.269733420150143,12.472851522959918
2020-11-24,2.7856847299699625,4.342811562594553,3.5952225293116578,4.165931412418128,7.374099342981892,12.658959921889137
2020-11-25,2.7812557469502845,4.331402608164765,3.5868733985280943,4.157749599981929,7.361235024547116,12.63894481861989
2020-11-27,2.787922209280941,4.341739559942552,3.5952619892444395,4.166741088094047,7.37877552435343,12.669071358142805
2020-11-30,2.775110341445473,4.318629732336337,3.57739532751727,4.146727975013203,7.339425817031243,12.605973242956845
2020-12-01,2.8063890761968975,4.36777900813821,3.6172859264315367,4.1921636314066495,7.418576498362475,12.743543940771035
2020-12-02,2.8114157420462207,4.374275759217643,3.623011543438177,4.199264604678042,7.428342506792491,12.770041684634522
2020-12-03,2.809661006559186,4.37090611008222,3.6209413044021472,4.197183110924193,7.426874061959802,12.762111825380785
2020-12-04,2.834487831790596,4.404860926390221,3.649863908547559,4.230091468377679,7.486869007925562,12.861544181032963
2020-12-07,2.8290014099184697,4.394407412377898,3.6422998027958786,4.221437363544018,7.471222402592813,12.840532023532713
2020-12-08,2.8368862257095566,4.403389661111192,3.6503357227550826,4.230774003626135,7.491968579949938,12.872382809619943
2020-12-09,2.814074664378103,4.369964597446575,3.6227673673427727,4.199125761200003,7.436065129863444,12.776857918065536
2020-12-10,2.8106801324097344,4.365349843223589,3.6193101043245197,4.195271315321677,7.430524321728938,12.770499015070143
2020-12-11,2.807162998835284,4.363788853847156,3.6187265418348535,4.19441280545833,7.425387515487282,12.763586063027208
2020-12-14,2.7949258260283205,4.340272594581416,3.6028148924595613,4.176442529479576,7.3963381465324955,12.708284817489163
2020-12-15,2.831039661619567,4.39043139202534,3.644467807608195,4.225564708581116,7.485062192430417,12.862506159337256
2020-12-16,2.8360586648685095,4.397565035792065,3.6485757957407965,4.229428055543876,7.489479744674162,12.862340230264921
2020-12-17,2.8523876662784278,4.418904680989878,3.6675264148135436,4.25113420587437,7.52401918706125,12.926724189727544
2020-12-18,2.8426408385949853,4.408414577214742,3.6569721381073172,4.2391938287134785,7.50521963807274,12.891893757271841
2020-12-21,2.8312695396309686,4.411828474935742,3.6529893786274257,4.23545934733692,7.491955828850527,12.869420348463105
2020-12-22,2.8254076503402192,4.3968671788160805,3.6429620836859034,4.224083456746235,7.477765288149456,12.832382232198707
2020-12-23,2.827507202844357,4.386673867777094,3.639022092548799,4.218254359772086,7.46678906574344,12.818585418728874
2020-12-24,2.837506896340342,4.396061443347421,3.6486703390508475,4.230249786978785,7.485915952011554,12.843832588383314
2020-12-28,2.862257095567952,4.429582988576692,3.678693011659119,4.263255592126192,7.541336985152465,12.933522119878877
2020-12-29,2.8558818120517375,4.4257591881891045,3.674836389651733,4.2593648130821435,7.532649932700909,12.931694057519927
2020-12-30,2.85971311224177,4.421205656676971,3.6734703706429257,4.25704991555267,7.5265349443770155,12.92031336547558
2020-12-31,2.878126340955066,4.447980818077014,3.695860529932849,4.282559664360047,7.5774483265007015,13.002987551037426
2021-01-04,2.835660209648746,4.40664292119389,3.654564025089237,4.235589251347916,7.493310856665079,12.867696934274473
2021-01-05,2.8557438852448964,4.424056760334572,3.673502713012785,4.256677951341601,7.528046929318276,12.925715468798293
2021-01-06,2.8720498988536742,4.44908786728779,3.6939108971878802,4.281199574310984,7.5760545111773725,12.998928397169331
2021-01-07,2.914692269968736,4.492187005716597,3.7374056931211164,4.331381316428464,7.661787509049567,13.158233985700585
2021-01-08,2.9306994421626915,4.513777965191953,3.757231499376797,4.35428049367522,7.70510514725431,13.23546444380909
2021-01-11,2.911489303009869,4.490251580046344,3.7383700864373597,4.332396587476715,7.666600742305963,13.165290107156672
2021-01-12,2.9126999938699196,4.485401942918205,3.7348900986025932,4.328479311473597,7.6591822015126505,13.158220978109854
2021-01-13,2.9193281431986757,4.49035926206205,3.741046706273963,4.33604629408679,7.67504229341517,13.18798093254639
2021-01-14,2.908370624655183,4.475774596019945,3.7295075218394618,4.3232194877396894,7.6542048698711245,13.15128744651428
2021-01-15,2.887459388217985,4.443674083390561,3.7041198841785796,4.294116198451562,7.603272646513712,13.069902423034756
2021-01-19,2.9109529209832643,4.469303738898264,3.7286120987788687,4.322777536382524,7.656550443679269,13.15752247751729
2021-01-20,2.9515187273953285,4.5308303250822055,3.778054070174967,4.378958813449537,7.75235557770695,13.303931560004493
2021-01-21,2.9524535646416967,4.529327914964625,3.778126443346778,4.378036178213147,7.748254355777939,13.299973006652788
2021-01-22,2.943564948200821,4.51508880448654,3.767053270973129,4.364816636496401,7.723849234815251,13.256612801737752
2021-01-25,2.9542083001287316,4.54076399324094,3.7861947005247294,4.38741071711913,7.758057212178286,13.30780335914307
2021-01-26,2.9498099675105736,4.531156582488805,3.7802589460194325,4.380531230428759,7.748989005591666,13.288176187398873
2021-01-27,2.874065162753632,4.4920456896031435,3.7180522133432263,4.315664803354695,7.6553945859204555,13.187425102306676
2021-01-28,2.9021179427450496,4.511293510380536,3.7453194636167115,4.344035464514699,7.701709433719135,13.253479582276935
2021-01-29,2.8460736835652543,4.453890777107608,3.688494778675278,4.278404253002178,7.588709751967875,13.065472041080659
2021-02-01,2.891758107031202,4.4838568520121305,3.730587457565165,4.323532975192072,7.652590410235009,13.151077579082681
2021-02-02,2.9319484460246428,4.50766572463892,3.7631728669710434,4.358284792026473,7.713095522463401,13.240991440722544
2021-02-03,2.9349062097713476,4.491698924516047,3.7564001263432445,4.350796022097995,7.699826519209081,13.208365549000517
2021-02-04,2.966759639551278,4.52987674211217,3.7907799227126366,4.391159182242449,7.7685141000509566,13.333509207628536
2021-02-05,2.9783225035247956,4.545256875665825,3.8044038049328814,4.406808278799163,7.797288947345727,13.381411931956112
2021-02-08,3.000360142217863,4.571440424262947,3.829463408388295,4.435498111609218,7.847558857737796,13.479752952751074
2021-02-09,2.9970192484521543,4.567093935214799,3.825561112370718,4.431832870469526,7.842317026187837,13.472235578860387
2021-02-10,2.995984797400846,4.565521845250374,3.8265299052084165,4.433431783881632,7.846733468552218,13.480184256652512
2021-02-11,3.000965487647888,4.568706492484048,3.8301990486020943,4.43737511524289,7.857315980802219,13.497975503089835
2021-02-12,3.015102985349108,4.585807047180598,3.84561349332752,4.456360055592104,7.8917089287756195,13.561062840839035
2021-02-16,3.0133865628639733,4.580275425932938,3.8425039196880797,4.4537464699441704,7.8909065517749255,13.561533638933058
2021-02-17,3.012421075216085,4.578077362848079,3.8408858146887304,4.452234573212148,7.885309408965899,13.538008444658152
2021-02-18,2.9991188009562917,4.558063609540966,3.8245067130819184,4.432319103550129,7.84993123500017,13.470339649314965
2021-02-19,2.993555753080365,4.541614840818714,3.813921629976289,4.420159535258514,7.8283917423981855,13.432552370471502
2021-02-22,2.9704070373321887,4.509479746997383,3.786886848112395,4.387294065728939,7.767198330827015,13.32462397211122
2021-02-23,2.9741387237172807,4.505668750518553,3.7865107169805463,4.3864625551545595,7.760818947470768,13.30219403847793
2021-02-24,3.0079001409918464,4.5504048064230975,3.824380447584401,4.429817518984668,7.837196652951967,13.439443236453592
2021-02-25,2.9342702139398025,4.475307987231381,3.7502759575435047,4.344180579973568,7.678522280829581,13.16585247744753
2021-02-26,2.9203319438484643,4.439525930103331,3.724424526593495,4.31371470355392,7.628837439489621,13.080851799320657
2021-03-01,2.989808741494514,4.522512393163825,3.8013788073828962,4.402590074684975,7.786955336344597,13.353938318272053
2021-03-02,2.965648562496168,4.487509022631653,3.772457284511353,4.369050359304449,7.7277373227497845,13.249455185565722
2021-03-03,2.92689879237418,4.435267809236941,3.7275629128715546,4.317623259333583,7.6384326876903526,13.096569067698933
2021-03-04,2.8876279654263466,4.387628623086215,3.684314917480546,4.266570618532199,7.543779138397372,12.928328106540146
2021-03-05,2.943925090418684,4.453478778645972,3.7444906875003174,4.337281825070229,7.669896484958845,13.152804811770594
2021-03-08,2.9281477962361304,4.426375034982508,3.724195230102747,4.31249992468203,7.628104490377257,13.08762378562252
2021-03-09,2.969594801691902,4.47998134935484,3.7707243244856725,4.367445142174987,7.727757655992136,13.25551867489001
2021-03-10,2.9875022987801136,4.502211101081846,3.791439415238003,4.392394176778082,7.772883986025261,13.33565415099249
2021-03-11,3.018558818120517,4.545570525743886,3.827573131021731,4.434887615546885,7.85061311315103,13.473828389084783
2021-03-12,3.021623858272543,4.548162249602909,3.8298506669266854,4.438218658007298,7.8594622853248985,13.487465126128189
2021-03-15,3.0412401152455093,4.576329125160585,3.851804583929618,4.464516168871422,7.907512487092764,13.57173179616767
2021-03-16,3.0364663152087292,4.569146770143113,3.8457118349266635,4.457992089714645,7.896986638517798,13.550492578222567
2021-03-17,3.045209342242383,4.581627724243294,3.85493526237129,4.468520712465372,7.912562122619895,13.57789756191637
2021-03-18,3.0002605284129222,4.52797837905717,3.804771315477293,4.409561663581532,7.811694237159209,13.403333525449046
2021-03-19,2.9984521547232266,4.514200239450904,3.7975682389172043,4.40116126151233,7.795215434209055,13.371502667918238
2021-03-22,3.019516643168025,4.533752047141118,3.8165568433895403,4.424249092168262,7.826898652322942,13.425840442452964
2021-03-23,2.99647520382517,4.506821756467151,3.7924093048710037,4.393791869820906,7.778355316070066,13.347979617353666
2021-03-24,2.980092564212591,4.480203046571692,3.7712561197232235,4.369187348949361,7.7332823591825735,13.275663608935442
2021-03-25,2.9957089437871636,4.495334807139743,3.7857482277955112,4.385731377914203,7.7597427048028305,13.300381997886568
2021-03-26,3.0455311714583457,4.563632781769066,3.8446251848534527,4.454982445488227,7.880891966079385,13.516825034188681
2021-03-29,3.0428875743272235,4.561912084391763,3.8422576389389658,4.452512814395792,7.876289561965052,13.508637219510053
2021-03-30,3.033278673450622,4.540948963640406,3.8254221633929877,4.431974317564987,7.843408062044653,13.450206790828535
2021-03-31,3.0442668423956354,4.551403963187446,3.8363686334984766,4.444621839234811,7.859846832786732,13.482695649568326
2021-04-01,3.0802657389811805,4.6020681014381895,3.8786078462972045,4.493397152540153,7.950251750589452,13.64160145291202
2021-04-05,3.1247394715870778,4.663877485558674,3.9318438667136144,4.555006727214986,8.058689284306517,13.83095372936351
2021-04-06,3.1216974192361917,4.659346376421407,3.92799322981768,4.550398932937426,8.052747912069796,13.817525546322335
2021-04-07,3.1263026420646107,4.663249924910486,3.9320026055292407,4.5559924552479405,8.062710353238216,13.837853853646633
2021-04-08,3.1394976399190826,4.682903753460544,3.9487201209433263,4.575349633148985,8.096652905691087,13.89609902038947
2021-04-09,3.1637344449212286,4.717526308323284,3.979003965721463,4.610344892061839,8.158999185254634,14.003084770916525
2021-04-12,3.1631137742904425,4.715123880714254,3.9770595209297417,4.608432308735686,8.157402584355282,14.00034501568646
2021-04-13,3.1735349108073314,4.729168123802456,3.9891864060111164,4.622132326918299,8.180127832643919,14.042864332125065
2021-04-14,3.1605621283638814,4.709845283073507,3.9741329043291485,4.604485978600058,8.14785586991508,13.985600065402869
2021-04-15,3.1956261877030587,4.760594934020338,4.016924158448353,4.654730220807607,8.238053965167307,14.140379323832148
2021-04-16,3.2071584012750565,4.77777206059864,4.030496035539425,4.670917658845339,8.268504180482923,14.191284652489506
2021-04-19,3.1901397658309323,4.752422958850859,4.010191116375793,4.646888359301136,8.224725778045162,14.11616124056393
2021-04-20,3.1684392815545874,4.720100286113482,3.984251972089225,4.616563106871839,8.170002847114338,14.023852792043177
2021-04-21,3.197924967817078,4.763279973715523,4.018717049289028,4.656973127565962,8.242920666709383,14.139211650790045
2021-04-22,3.1684699319561083,4.734135537343431,3.990586732746858,4.626661495495605,8.19065406280847,14.038132300555633
2021-04-23,3.203097223073622,4.767096335429988,4.024001550130417,4.663644307564511,8.256119270577502,14.16934948886931
2021-04-26,3.2088058603567706,4.7688456786445155,4.027414563980727,4.6654104550003375,8.242752277046229,14.166487128776845
2021-04-27,3.2081162263225647,4.763065467123872,4.023279588055724,4.661367282909877,8.238244822319821,14.159183884397354
2021-04-28,3.2054036657880216,4.758112879015093,4.020749195693487,4.658860492234964,8.23407052872409,14.147310581170897
2021-04-29,3.227081162263225,4.789125772220646,4.047365950499986,4.690887181942447,8.298546144560243,14.258263669232536
2021-04-30,3.203863483111628,4.761557669224865,4.0222961126719,4.661920891800529,8.24067289710874,14.156636243311166
2021-05-03,3.212667810948323,4.7659665904461015,4.028324030141868,4.6689246019962845,8.249859593723766,14.18339149269248
2021-05-04,3.191212529884141,4.738139344984724,4.004004355648289,4.6400463981887,8.197857470407413,14.085193751861862
2021-05-05,3.1934576717955,4.735734084800702,4.004178679725153,4.639249929614131,8.19946518084455,14.095021090408055
2021-05-06,3.2195335008888617,4.7713274289840255,4.034908057836975,4.674412430171318,8.26463187738842,14.204874476723361
2021-05-07,3.243272236866303,4.797758568951615,4.059698837015994,4.703931188933665,8.318339480215693,14.308782650157157
2021-05-10,3.209426530987556,4.752613107314328,4.020645503124611,4.657819204250795,8.240214648194417,14.164919293583017
2021-05-11,3.18158830380678,4.723947500285372,3.995067910487595,4.628740375454086,8.184288849065242,14.063418897674739
2021-05-12,3.1133451848219207,4.695718328789087,3.9444112419896484,4.567404471403742,8.071051519073887,13.856827158345633
2021-05-13,3.1512444063017226,4.686823757452912,3.9616704818251165,4.586681535946668,8.105483220904668,13.942381570978258
2021-05-14,3.1982544596334215,4.7275649136641915,4.004173582760216,4.639157085571853,8.213079484277943,14.11601738368422
2021-05-17,3.190162753632072,4.709916980651312,3.995060147420643,4.628571678105953,8.196552461460305,14.100950610415994
2021-05-18,3.162991172684362,4.665086597515695,3.9615882706280874,4.591893994382589,8.135458716800708,13.986300946243674
2021-05-19,3.153681113222583,4.650405365623228,3.953620871705633,4.5818154500682,8.109411529880358,13.906987865090684
2021-05-20,3.186967449273585,4.690278910652132,3.9905044729721295,4.624608110245616,8.188243149574102,14.060328150810005
2021-05-21,3.1844694415496835,4.684452318721087,3.985183173059668,4.61901879090836,8.179763057088708,14.037833528067413
2021-05-24,3.2160316925151715,4.720355707902173,4.018300264603278,4.6569716412797835,8.244557556062047,14.145610822232126
2021-05-25,3.209196652976154,4.708197698427543,4.009847883709522,4.646413406247028,8.222333555684372,14.100319113057818
2021-05-26,3.215219456874885,4.7089972034397745,4.012631824339473,4.649806175916131,8.228017670004602,14.111457612718516
2021-05-27,3.218966468460737,4.710107523958359,4.0137640663784655,4.651025203103501,8.234354249737867,14.120386867341168
2021-05-28,3.221441488383497,4.713720681744594,4.017100646655564,4.655303884968953,8.236912095360406,14.131191977334218
2021-06-01,3.2198553301048243,4.712131754613032,4.016705098607406,4.654105349455943,8.23607639524121,14.127833235585205
2021-06-02,3.2245141911359037,4.71675311479651,4.021474511418353,4.6597240289753294,8.249558327360178,14.144606370855003
2021-06-03,3.212813400355545,4.69967171560276,4.0077224798977324,4.643985887475908,8.218149773871229,14.100953573901744
2021-06-04,3.2411956721633053,4.7367458198453525,4.038991744386771,4.680088166019535,8.283457461520916,14.21743214316111
2021-06-07,3.238613375835224,4.731522803032409,4.034160093691097,4.67455520258371,8.275802462957072,14.20229564727492
2021-06-08,3.2391804082633477,4.7323505853116075,4.035037251074453,4.675734617764784,8.276206287433038,14.201205228211057
2021-06-09,3.233272543370318,4.724452614862902,4.028913111375883,4.668151164991656,8.262206320307588,14.178979357289913
2021-06-10,3.248314227916386,4.744231340186447,4.044299793457694,4.68668890375893,8.297337303670265,14.241080432891296
2021-06-11,3.2546435358303185,4.75201792849094,4.050517465277324,4.6943461688288775,8.310247628127883,14.261283130447874
2021-06-14,3.260551400723349,4.760642524940436,4.058374711791625,4.703207401569313,8.327408186004128,14.290937945198642
2021-06-15,3.253992214798014,4.751067097494563,4.051026036503242,4.6948647318206795,8.313871076261224,14.262302731099412
2021-06-16,3.2364525225280447,4.724735152236081,4.0296174057715834,4.6696459400465615,8.265435937108597,14.174141138712057
2021-06-17,3.2350426040581124,4.7191976608905275,4.025555223209747,4.665252526633883,8.2561313259256,14.15857867931917
2021-06-18,3.1925841353521727,4.672708660409362,3.9817152356386845,4.614160793853899,8.1660024706823,14.016337488031466
2021-06-21,3.2372877459694718,4.722442455562519,4.0283793752094645,4.6665323314847695,8.25216474975735,14.147389288742152
2021-06-22,3.2538772757923127,4.736794038613807,4.044347554039393,4.684734336317151,8.287220499084246,14.212567497239357
2021-06-23,3.2503524796174825,4.727325067029298,4.0368413523820585,4.675784388103389,8.267747301601394,14.18311077561971
2021-06-24,3.2692407895543427,4.7493737180516815,4.057322412660481,4.699149612805956,8.305859949926491,14.23260744183282
2021-06-25,3.2801293446944153,4.762485566092827,4.06914036035226,4.713959712778736,8.3375223990246,14.291291631682615
2021-06-28,3.287722981671059,4.7717103788834185,4.077706764510271,4.723571109521648,8.356721529037475,14.317466036807732
2021-06-29,3.2886348311162874,4.773028230644398,4.0797681446320935,4.725618609482331,8.359026974518335,14.328169164881778
2021-06-30,3.2930025133329246,4.777590727541105,4.08435816713358,4.730867223248185,8.370069864636738,14.347106276524594
2021-07-01,3.3101973885857903,4.800691745210915,4.104382713610144,4.755228829441323,8.412396001977097,14.421658694992088
2021-07-02,3.335024213817201,4.835697799992837,4.134031213010481,4.789501727868476,8.47516611422908,14.524576512306975
2021-07-06,3.3282811254827434,4.826827292739585,4.126873596303545,4.780415356556067,8.458117441765578,14.500064981793916
2021-07-07,3.339460859437258,4.8421098686449975,4.14153465189379,4.796538435577573,8.489368107191474,14.555286933730011
2021-07-08,3.310871697419236,4.810415801480646,4.112696717998921,4.762688083882215,8.422366305580228,14.436056624816153
2021-07-09,3.348211549071293,4.852131963397795,4.149880246186194,4.807403451378813,8.504145579519532,14.586478012290334
2021-07-12,3.3597667504444306,4.863582429452635,4.162243603812016,4.822029261258511,8.533360804604715,14.636578300636586
2021-07-13,3.3479510206583707,4.847380679629902,4.149353630136217,4.80664170009525,8.508308384842785,14.601547447785991
2021-07-14,3.3518512842518238,4.850392688443541,4.15225401532489,4.811121923241971,8.513347987951537,14.613733244229781
2021-07-15,3.340916753509471,4.834589541696331,4.139296167357188,4.795504937743722,8.487538779652152,14.56632401911698
2021-07-16,3.3157297860601966,4.801687843761045,4.112455134110847,4.765079367669344,8.430975572217898,14.468594313409245
2021-07-19,3.2631107092502902,4.738764308120304,4.062366769772169,4.702851494878462,8.3124023169823,14.276899745220677
2021-07-20,3.3125881199043707,4.788397836514943,4.107847407416232,4.7600045417604635,8.426017178592202,14.454972882227574
2021-07-21,3.339889965058542,4.826980917700804,4.136281189161694,4.79310320293905,8.480350822466832,14.54364823972523
2021-07-22,3.3466253907926187,4.835724073389752,4.14408116582442,4.801351879427557,8.491377962713226,14.563258113710159
2021-07-23,3.3805783730766867,4.879834538637334,4.1837196489116,4.846469524224384,8.573778531664773,14.688082724807499
2021-07-26,3.3886317660761356,4.887781782803802,4.19257231878312,4.856258643796298,8.58607794919386,14.722800772103712
2021-07-27,3.37266290688408,4.870296866767363,4.17727394339928,4.838266228509926,8.551832143042247,14.668772253255325
2021-07-28,3.3720345736529147,4.860458994836484,4.172523485196963,4.83142745397191,8.538075517930212,14.635090934573775
2021-07-29,3.3862180469564143,4.874495495971628,4.186421370679517,4.847648802880927,8.569118264277158,14.68680922147204
2021-07-30,3.3679120946484398,4.85098501392972,4.166905842893772,4.824355345303137,8.523102230712661,14.607892556400065
2021-08-02,3.3617053883405865,4.849255549381941,4.164342467595631,4.820744678402608,8.511732927125419,14.58517544873042
2021-08-03,3.3892830871084407,4.874411525555146,4.190096699376569,4.851046105728756,8.568878360111952,14.694636022307474
2021-08-04,3.3735824189296877,4.849265370167854,4.169825373955459,4.827122021258148,8.526463566502915,14.622910791994375
2021-08-05,3.3938423343345794,4.871102153891696,4.190332291816511,4.851613166524435,8.569833070648967,14.695437987357177
2021-08-06,3.3995279838165877,4.874767748594816,4.194066628996351,4.856757377270909,8.5828402980337,14.719948730548222
2021-08-09,3.396332679458101,4.868408139317747,4.189510666209948,4.851846726989414,8.576093100330198,14.706173825008241
2021-08-10,3.399704223625329,4.870550485101415,4.191834584292972,4.854988338816873,8.579957688036819,14.716668594428983
2021-08-11,3.4080947710415006,4.88076790109643,4.199651277085517,4.864338904225958,8.601049172655124,14.75149347505851
2021-08-12,3.4181557653405257,4.893375390764172,4.2100266959311945,4.877718849313353,8.628002506803861,14.800252796178178
2021-08-13,3.423649849813032,4.9003424357272305,4.216608848145211,4.885048051447287,8.638865379207322,14.814511265602917
2021-08-16,3.4326227548580883,4.912286973634954,4.227200929225295,4.897538675950287,8.661420747689544,14.853193314493366
2021-08-17,3.408385949855943,4.8776089780989995,4.199062072129124,4.864971461521134,8.603066016505345,14.75274874223002
2021-08-18,3.3717510574388525,4.824297926556834,4.158470877290226,4.817613374180133,8.516678439623629,14.597509580283349
2021-08-19,3.375988475449028,4.836627140638964,4.166832513170123,4.826652826544005,8.531607714526364,14.615671417102266
2021-08-20,3.403474223012321,4.856579608687851,4.19177421569887,4.85461692422652,8.578639764973024,14.70184910320851
2021-08-23,3.432484828051247,4.888182446267253,4.222511479972991,4.889878094163986,8.640334780078103,14.79699533730957
2021-08-24,3.4376187703058902,4.89229115617564,4.2281426764515935,4.895672307851316,8.650586848394223,14.814133895045261
2021-08-25,3.445250720284435,4.899147401827472,4.234727005297727,4.903350932077638,8.661407733524877,14.841979071961449
2021-08-26,3.425182369889045,4.879420317602417,4.215280846258459,4.88123090215826,8.613810190954219,14.751099040739504
2021-08-27,3.455350027585361,4.9118712420594655,4.246315869375814,4.916675823536036,8.684076358382615,14.875533657946084
2021-08-30,3.4702307975234468,4.928995375773026,4.262354778219728,4.93490900164029,8.709345960049472,14.929581888366675
2021-08-31,3.4655489486912274,4.919990973009231,4.255535345282754,4.927096119722721,8.696144221187993,14.909515193436553
2021-09-01,3.4666293753448167,4.919148782416997,4.255361438019792,4.927118286581628,8.69884597163373,14.90928013295292
2021-09-02,3.47648347943358,4.932316163225067,4.266654531354329,4.939747230865569,8.720901431968112,14.95151543521174
2021-09-03,3.4753187641758103,4.929875485858972,4.265073093152541,4.937870297700734,8.717988906664907,14.946523393265132
2021-09-07,3.4635183595905104,4.912369451004779,4.252161296131278,4.922401812824761,8.690664190922467,14.895946126174476
2021-09-08,3.4589514497639913,4.905109595732333,4.245473451033383,4.915325041825164,8.679244025917784,14.876372066962766
2021-09-09,3.4430209035738364,4.881753252563902,4.227280990810836,4.8940193413827915,8.643487768091566,14.817824428863851
2021-09-10,3.416431680255011,4.848044200289752,4.198523123781459,4.859811051134261,8.580675798724236,14.713593038477207
2021-09-13,3.424209219640777,4.852734066354138,4.202932407331626,4.865401512812769,8.593860616426404,14.737196384399983
2021-09-14,3.4045316618647705,4.823279246195901,4.17886399116061,4.837949400681082,8.545056539327744,14.647991311720387
2021-09-15,3.4333813522957146,4.863353703824531,4.2102859140637054,4.87508255367619,8.609188060693256,14.7497466132523
2021-09-16,3.4280558450315692,4.85408436151292,4.202785807683095,4.8656247210757515,8.584352342507694,14.689477804409009
2021-09-17,3.396823085882424,4.819292059630876,4.170620641718101,4.826441554168659,8.514677093334207,14.58979385178278
2021-09-20,3.339154355422055,4.773545921407892,4.118134965068066,4.765868929953645,8.396458371303893,14.369855274741726
2021-09-21,3.336441794887512,4.756232711457789,4.108767434135742,4.753391439543591,8.370251490994498,14.320699390337465
2021-09-22,3.3682032734628824,4.779157750654719,4.13703813840586,4.785225589869711,8.42791549895555,14.414065227898057
2021-09-23,3.4090755838901483,4.817561015979031,4.176054132752524,4.830849781431045,8.512296038318523,14.58342647457825
2021-09-24,3.4140562741371907,4.817340599848534,4.1779011210299455,4.834117062230174,8.526026743961063,14.604609463721975
2021-09-27,3.40457763746705,4.8040484605704865,4.166393895732694,4.821000206407917,8.50249678218106,14.552005149493938
2021-09-28,3.3352464292282225,4.732941508912696,4.097027972800566,4.739314562685373,8.348835830265038,14.278368636685242
2021-09-29,3.340479985287807,4.740280660995887,4.103831689618881,4.7452698757239435,8.354995027465463,14.28386599497586
2021-09-30,3.3006957641145096,4.680887729880704,4.054498119360675,4.687581490017523,8.249742808730804,14.114662795538615
2021-10-01,3.338625635995831,4.719667837840065,4.092851576569987,4.7335063476281185,8.344925603074488,14.28827086159841
2021-10-04,3.2952706430454235,4.664273730787666,4.045317713639487,4.676224229966887,8.230467589975511,14.091589631978993
2021-10-05,3.329951572365598,4.6975971417232945,4.0784368793366905,4.714830780233258,8.307677744462264,14.23461879369284
2021-10-06,3.3436139888432534,4.71315382160911,4.093598590870846,4.732634609617167,8.341593606914769,14.292725362374775
2021-10-07,3.371360264819469,4.74395755743857,4.121853613573407,4.767200894895284,8.409104992430192,14.3984394510013
2021-10-08,3.3649083552994545,4.7322080138479015,4.1111856773956275,4.755873581687791,8.394455178286341,14.370999332756663
2021-10-11,3.341805615153558,4.698009196622042,4.083648896692426,4.723607207303079,8.337104463034347,14.289503929009495
2021-10-12,3.333729234352969,4.683080993355154,4.070679231782292,4.709789021355112,8.317055489941279,14.242863441871554
2021-10-13,3.343805553852755,4.693608794898044,4.07929716181391,4.721277899848401,8.334553193685995,14.281248637215413
2021-10-14,3.4008612762827193,4.770917658614109,4.145211139282161,4.797536145645178,8.468673530970188,14.519438306669775
2021-10-15,3.426232146141114,4.805595269694214,4.175884219485893,4.833408517725412,8.533021236044089,14.627341194446492
2021-10-18,3.437795010114632,4.821810175248436,4.18837654334079,4.848598913562156,8.561725126364239,14.676518318473995
2021-10-19,3.4632118555753078,4.857452880167824,4.2183328450510995,4.883055626409443,8.623453885864205,14.784616741535116
2021-10-20,3.475901121804695,4.874346747913113,4.232837649408349,4.899413737997049,8.647096387296394,14.817726251934866
2021-10-21,3.486314595721203,4.880868817001379,4.241659422421958,4.910056718055956,8.652828692290505,14.856735602265296
2021-10-22,3.4825752467357316,4.881345313116912,4.240848542745484,4.909731605968504,8.66641612653623,14.845893452095755
2021-10-25,3.4991111383559117,4.895233586704914,4.255804922688782,4.9254184837631545,8.683034499550425,14.905802359959988
2021-10-26,3.5054787592717465,4.904073772689277,4.263614266852868,4.93491979919279,8.700027165423204,14.937615243599828
2021-10-27,3.4877704897934163,4.88855788363123,4.2478191126848674,4.916965065196353,8.694933227634015,14.88263697029507
2021-10-28,3.522052963893827,4.924816649009431,4.282853347664723,4.957027434677392,8.74215712130262,15.007564329648043
2021-10-29,3.528918653834365,4.933214737738517,4.291900627144286,4.967450600131344,8.757756125564319,15.031600762515497
2021-11-01,3.5352709495494388,4.936365802899359,4.29736644006638,4.971616350945956,8.77051851692119,15.048531244416683
2021-11-02,3.5482820449947887,4.949894866289477,4.310016781355802,4.987536739978095,8.797060203162681,15.088625005375237
2021-11-03,3.571208545331943,4.972655239890667,4.33255534110866,5.013162055966027,8.84513968816323,15.175504571852628
2021-11-04,3.5861429534726903,4.995655859079179,4.352590429855472,5.036707856573653,8.881920905330617,15.238533128814245
2021-11-05,3.5995295163366636,5.021041874548705,4.37325342989984,5.057688683731212,8.917510341958268,15.290089983423275
2021-11-08,3.6027248206951503,5.0254779245552985,4.375760944017386,5.060689388132463,8.924069734612386,15.303575313465858
2021-11-09,3.590119843069944,5.005711261638981,4.36096329341035,5.041512096481618,8.893025556962131,15.250377788477733
2021-11-10,3.5605881812051736,4.9658459418403424,4.325360237238074,5.000934233282705,8.823175849759744,15.140561312445712
2021-11-11,3.5625498069024704,4.959500721153667,4.323575551316249,5.00078765436013,8.828007040932064,15.148840076212862
2021-11-12,3.5882808189787285,4.98728817415124,4.349676906190644,5.033372436379869,8.887186148834823,15.242616447446032
2021-11-15,3.588242505976828,4.9827007082766475,4.348324769631266,5.032541287853735,8.88709178963224,15.242454752841203
2021-11-16,3.602111812664745,5.001955505667376,4.364166846177035,5.050663771714215,8.921249820967779,15.291109715473466
2021-11-17,3.592740452399926,4.9878116509388715,4.354254754930876,5.03893132512791,8.890570596501059,15.226863003976854
2021-11-18,3.604900999203089,5.005503348344596,4.369672998442593,5.05690551232457,8.912628317524629,15.256353875724143
2021-11-19,3.599859008153006,5.001507544899411,4.3649306606307325,5.051035751889824,8.90183595983384,15.259368072018777
2021-11-22,3.5883497823821484,4.989601047516142,4.353043687503111,5.037488000724396,8.881373875772766,15.211077105178171
2021-11-23,3.594295960277079,4.989949571729818,4.356587848174978,5.03937987227285,8.88385304533064,15.224161275434785
2021-11-24,3.6025409182860293,4.992479583427023,4.363467609358939,5.046896491957502,8.891378968455383,15.224918395760644
2021-11-26,3.520673695825415,4.967979860970946,4.307768196374157,4.992913239964369,8.83255899504923,15.159586328416701
2021-11-29,3.567147367130509,4.9673060429103915,4.332289936315505,5.015433941703307,8.855102068421095,15.16737809340019
2021-11-30,3.4995095935756755,4.931067479970967,4.281118706759277,4.96047393187371,8.773041412638465,15.031893844188486
2021-12-01,3.458162201924845,4.930962951877842,4.256114409241061,4.942127089835576,8.796461568190582,15.09351097192755
2021-12-02,3.5072488199595413,4.957352466353502,4.298055969289298,4.983523536822995,8.827615605949935,15.169833927673109
2021-12-03,3.47761754428983,4.967482782236814,4.288650138547683,4.981367282643555,8.836585394646805,15.231611682240441
2021-12-06,3.518413228713296,4.949224999016488,4.304423979085384,4.984237677507432,8.783868134029472,15.076933719782033
2021-12-07,3.5912692331269533,4.984811576702466,4.357578487943549,5.040756368506741,8.88176716930592,15.222447780042707
2021-12-08,3.602349353276528,4.9834142733631905,4.361222618004521,5.044428131551676,8.898968367713127,15.245208112745129
2021-12-09,3.576480414393428,4.956661511456518,4.334851981091104,5.0136868347774195,8.843977072679168,15.160396138230213
2021-12-10,3.610632624287378,4.984040940467775,4.365453208090504,5.049565070391952,8.903468656297225,15.272712573385094
2021-12-13,3.5776451296511986,4.94163628186038,4.329744015822572,5.0081206613292615,8.832272788118209,15.14616713132933
2021-12-14,3.5509179795255315,4.911747974708176,4.302899923305447,4.974689058424498,8.772384458729055,15.04588914711589
2021-12-15,3.608969840004904,4.9700195487638785,4.357711881240788,5.041939166304872,8.896275589755161,15.24661980698742
2021-12-16,3.5774152516397963,4.9325183124831185,4.326781991855891,5.005370740032794,8.834179225565583,15.154431001857702
2021-12-17,3.540611782014344,4.88486890237872,4.286855048138134,4.958373333987863,8.752400001761215,15.011874308326421
2021-12-20,3.500291178814442,4.8226054524662985,4.240043071824633,4.903069794841864,8.653295743112338,14.82819339516348
2021-12-21,3.5625191565009495,4.897374789951289,4.304623168448919,4.981606319742357,8.791772022380865,15.065562379929274
2021-12-22,3.5987862440997977,4.946242990114496,4.342285613228609,5.024547345252067,8.864503433643872,15.191586447792607
2021-12-23,3.6211840250107272,4.9725273723678,4.367020186423406,5.053177650781543,8.91407170098123,15.275061184441114
2021-12-27,3.671297431496352,5.0306553033365145,4.421860793558115,5.115192448069892,9.014894021927311,15.439564339740599
2021-12-28,3.6675887329124013,5.0222555839149425,4.415864012131546,5.107737945831086,9.001981987807982,15.410042330919921
2021-12-29,3.6727303377674247,5.020029832067457,4.416797748261298,5.108267790652191,9.003238008066592,15.423414421857384
2021-12-30,3.661749831422791,5.006765618139261,4.4041920465497695,5.0932631553238155,8.972915576943882,15.369410678917363
2021-12-31,3.65213326794581,4.990327209228658,4.390252654821324,5.07734817130845,8.943232988427713,15.321106978331958
2022-01-03,3.675412247900448,5.016133924590236,4.414304267357198,5.105297062875811,8.993768178166171,15.414496776107795
2022-01-04,3.6730981425856677,5.01214683254227,4.41101277732987,5.100713954093851,8.988125092084887,15.404825909524249
2022-01-05,3.6018666094525833,4.929475711628705,4.334662250971219,5.011780943488706,8.825704776231122,15.119152989015383
2022-01-06,3.5983954514804144,4.918045820094736,4.328551441668997,5.002672099310739,8.807462332145809,15.09263624620315
2022-01-07,3.58382118555753,4.892346549164035,4.307142314182183,4.9781743791145665,8.76569008590067,15.01939395131074
2022-01-10,3.5786565929013663,4.879450790863733,4.297443350402581,4.967227855143379,8.749550112138687,14.993590741217448
2022-01-11,3.6114371973272843,4.920701173482129,4.333128317318277,5.009914938171213,8.828305668978741,15.130584010238644
2022-01-12,3.6216131306320114,4.930355586154422,4.343433796712294,5.022375392460811,8.853120299163985,15.17343481186355
2022-01-13,3.5700285048734135,4.864357376857807,4.287698101896737,4.955292873564294,8.733237732071935,14.969868189006974
2022-01-14,3.5729556182185984,4.862471804627511,4.286587344505081,4.956474605041115,8.73564793980599,14.973985710199926
2022-01-18,3.507256482559921,4.7730765951055,4.213438395678781,4.870302540397755,8.581346284761219,14.70753792724408
2022-01-19,3.4732728498743333,4.725997549719937,4.172724012589314,4.824237884441865,8.498152790107973,14.563504526090831
2022-01-20,3.4349368601728676,4.6865088995614315,4.132828709486694,4.780347947108979,8.428667915820606,14.44574720963219
2022-01-21,3.369965671550297,4.624643653450335,4.06900187221575,4.709035140262315,8.316257697310274,14.26284904598633
2022-01-24,3.379306381413596,4.645327941301168,4.085284842008479,4.729649787626868,8.354928784953673,14.322312604739109
2022-01-25,3.338173542573407,4.592619743899086,4.03824330032805,4.674974695277914,8.248658254849873,14.12648487143159
2022-01-26,3.333177527125605,4.587240050970292,4.032618837394498,4.667188326287117,8.228533872561592,14.081011123711107
2022-01-27,3.3152317170354935,4.561715525945296,4.012244302117089,4.639669317048899,8.161293393261486,13.959474015733583
2022-01-28,3.3959495494390977,4.636690876183086,4.093600078949455,4.728753362677257,8.31362891477519,14.23247276477228
2022-01-31,3.4600855146202414,4.700806734589788,4.157076930368778,4.8023521824314495,8.45075844304788,14.46299169398841
2022-02-01,3.4838319131980624,4.716591346988145,4.174722486742796,4.823478714578691,8.495897646507162,14.556248302236027
2022-02-02,3.5166584932262612,4.754059584480258,4.210162917119547,4.86483259655374,8.570657959442483,14.686850818049322
2022-02-03,3.4308833445718134,4.65741854731799,4.123213692875827,4.76134061666091,8.378537493877952,14.356796679532115
2022-02-04,3.4485762888493836,4.66977473641137,4.138586205113497,4.7797461983285325,8.415550694546667,14.41926127162558
2022-02-07,3.435810396616195,4.647177061235259,4.119612484474002,4.758716456223147,8.378784661500802,14.359333895380212
2022-02-08,3.4646754122479004,4.676608228966102,4.146755903251156,4.790890403341038,8.43632248683169,14.457194347457099
2022-02-09,3.5149727211426467,4.739636168253274,4.201709648900618,4.856013815055755,8.557066157731546,14.672918023926343
2022-02-10,3.4512965119843066,4.6599362148542385,4.135126810607952,4.775607485064667,8.41045234771368,14.419572745854284
2022-02-11,3.3858272543370314,4.589298322665967,4.0755132321513425,4.701392598352062,8.279502609145473,14.191725618406739
2022-02-14,3.372823821492061,4.560979524202337,4.05956662942468,4.679447716959642,8.242161193673148,14.130812193748811
2022-02-15,3.4260022681297118,4.615735989766974,4.103324363694357,4.740152331310184,8.354630636665226,14.322664886396147
2022-02-16,3.429021332679458,4.619127734983209,4.100609424511301,4.739669752566088,8.351741851178614,14.310462458521252
2022-02-17,3.356418194078342,4.536701609716682,4.029947029501614,4.657792837046023,8.204130085387815,14.07879497332947
2022-02-18,3.332365291485318,4.507624137321203,4.004498721434203,4.628422810827877,8.151932367347442,13.971829031488024
2022-02-22,3.298565561208852,4.4601493296592025,3.9633284444929826,4.577976235915529,8.05303333585333,13.792069274552038
2022-02-23,3.2378317905964566,4.386953415059205,3.8999278013553274,4.501489815456867,7.906202434388209,13.529216007904491
2022-02-24,3.286259424998467,4.444937661670612,3.9498285660933656,4.5590702434148005,8.007507334372841,13.700751160942756
2022-02-25,3.35978207564519,4.532189374898692,4.026693849150345,4.645954569113963,8.161589475168181,13.968018722358934
2022-02-28,3.3515754306381402,4.52964342039757,4.025299986156243,4.6431718500046335,8.156494088806177,13.954710513208909
2022-03-01,3.2997149512658615,4.483278078797968,3.9870290272628908,4.597946912855068,8.06624448077149,13.813802740883576
2022-03-02,3.361230307117023,4.549717785333379,4.0435039550792675,4.661225712116423,8.185960872409176,14.015199025578967
2022-03-03,3.343568013240973,4.525563499841336,4.022876094730107,4.6346003809665435,8.143372683070387,13.946561928431347
2022-03-04,3.317040090725188,4.497984434782988,4.00027916954332,4.608028544654636,8.096033408337522,13.869482838729885
2022-03-07,3.219127383068718,4.387804382737663,3.9065472645395656,4.494011746351604,7.895127068235346,13.539389634962946
2022-03-08,3.1958407405137,4.354349809264798,3.876147326970655,4.454484913291994,7.823124328491463,13.407040912251563
2022-03-09,3.2779684913872367,4.4446788504114005,3.953886388511615,4.545056268583522,7.99408895786477,13.713475095716545
2022-03-10,3.263899957089438,4.4139193446215526,3.923940850638945,4.515136814710163,7.948566576897827,13.634751092418625
2022-03-11,3.221594740391099,4.360500620157179,3.876592881031464,4.459708517660246,7.853517946794734,13.476585963003084
2022-03-14,3.197687427205296,4.332817077846978,3.8553451726522874,4.4258152760906375,7.794711497581091,13.378171785440573
2022-03-15,3.2661450990007963,4.4121143666759375,3.9181778043151048,4.510942255916545,7.946247077843354,13.624151485561928
2022-03-16,3.3392539692269962,4.491015734424342,4.001160066859436,4.60631839360413,8.11383692220969,13.911013403043842
2022-03-17,3.3804864218721264,4.5388046138948575,4.048862576360429,4.660449157556436,8.207028447323182,14.068581449895804
2022-03-18,3.41991050082756,4.584781738605642,4.093786821499879,4.712235438328245,8.297637617763757,14.224679669798508
2022-03-21,3.418423956353828,4.580999625751345,4.091713957644178,4.709553896690947,8.292699978101805,14.21398783841606
2022-03-22,3.4570664500704953,4.630133635836197,4.137127766206579,4.761805402393292,8.384374896992925,14.373110776319757
2022-03-23,3.414638631766076,4.572952090268445,4.086723509352876,4.703686295222771,8.282477159744568,14.19701547398969
2022-03-24,3.463617973395451,4.634071641546988,4.143924762369777,4.769648731236646,8.398895397126667,14.398555977945929
2022-03-25,3.4811653282658006,4.657472761294162,4.16477838814076,4.793823210914344,8.441373130071854,14.473132399189193
2022-03-28,3.506038129099491,4.687643648455121,4.193777520572377,4.82714449965074,8.500156543875683,14.571611295630111
2022-03-29,3.5490099920308955,4.741951411093296,4.24366045893555,4.884817774809674,8.601752596936716,14.745675552896282
2022-03-30,3.5266735119230055,4.713363296609597,4.217605880626032,4.854681362637844,8.54893239419916,14.652968706898063
2022-03-31,3.4714721387850176,4.642146394363653,4.152782793108851,4.779795648402834,8.415671634559319,14.423857173940542
2022-04-01,3.483310856372218,4.654935053117486,4.165937828480012,4.7951446658818755,8.442991103305443,14.472993392488483
2022-04-04,3.5114939005700974,4.688920587781984,4.198111156063999,4.8323543031408835,8.509140311405613,14.588704720206366
2022-04-05,3.4674186231839634,4.634341087437151,4.147678808472983,4.7739169786481215,8.405241051367303,14.412583767107602
2022-04-06,3.4337261693128176,4.5876092331265195,4.10751164268007,4.727448630175303,8.32412155254312,14.271482820266407
2022-04-07,3.448331085637222,4.605286662398452,4.1242049518002775,4.746891885058149,8.359476381797935,14.333361553254578
2022-04-08,3.4391896033838036,4.592495711828123,4.113040840870539,4.734188905099302,8.33697927089598,14.294158628567171
2022-04-11,3.3811454055048116,4.515687964606649,4.045154341586528,4.655361805384169,8.198087545993554,14.056023332543225
2022-04-12,3.3695902041316734,4.497878422444809,4.031131178888388,4.639101911491486,8.169305969443299,14.006802343880022
2022-04-13,3.407244222399313,4.5456942042284565,4.073645274048807,4.688906014005193,8.257660975589381,14.160308851089878
2022-04-14,3.3658661803469627,4.489312750945343,4.024591199779758,4.632282465621131,8.158672364533007,13.98857061150484
2022-04-18,3.3651765463127563,4.48839305628279,4.022868129218084,4.630415967838451,8.155089948297146,13.983185316579455
2022-04-19,3.419213204192975,4.560456242508588,4.086004995133979,4.703417059805712,8.283838968797857,14.203173651433755
2022-04-20,3.4170983264880768,4.557035958800799,4.083154468771619,4.700032015616001,8.277748173681076,14.19138773745017
2022-04-21,3.366686078587629,4.50904427588341,4.034047772328379,4.6429094388157175,8.171682178080658,14.087326780049654
2022-04-22,3.273294305155397,4.434688590365183,3.947129804742867,4.542375662970694,7.986407927834543,13.773011292686732
2022-04-25,3.2919450744804752,4.439059005687039,3.9598078224934152,4.554135967997167,8.002813093223718,13.746484240659107
2022-04-26,3.199288910684729,4.372425687630257,3.877172657896994,4.4590187313941305,7.816850339966425,13.43949364600822
2022-04-27,3.2060013486176664,4.388039023224382,3.8884286477087753,4.470289129552772,7.832948276541886,13.415486934462855
2022-04-28,3.285339912952859,4.460718703304725,3.9666241740381962,4.557578998794716,7.986642263093757,13.666861844076024
2022-04-29,3.1661328388401886,4.353967846767406,3.8510570126386994,4.422652050420789,7.728420119683567,13.208562482610384
2022-05-02,3.184101636731441,4.357437881014624,3.864087415007138,4.434181167634733,7.750099678764566,13.264379825180532
2022-05-03,3.1995034634953714,4.335577545304531,3.861208516345044,4.43067092762404,7.757368900071221,13.30534257807849
2022-05-04,3.2950484276344016,4.400961468757595,3.9446909991092003,4.530051641227253,7.954716895190824,13.662054239878778
2022-05-05,3.1775807638080056,4.340389663948244,3.852409916855643,4.4165819565400435,7.7237543261490424,13.228968271850801
2022-05-06,3.159550665113713,4.309834033075595,3.829086648221984,4.384114691398415,7.6642887636185515,13.154837130134315
2022-05-09,3.0583277140930543,4.233578107563197,3.738019798104693,4.273415447167907,7.442616847691539,12.761018958412066
2022-05-10,3.0658447250658982,4.19961995851123,3.7285953285478146,4.258227145244374,7.446871665129634,12.783324469096192
2022-05-11,3.01537117636241,4.127918265929307,3.6690162893728417,4.183189835184633,7.317240405601168,12.575801379216681
2022-05-12,3.011463250168577,4.078876212764827,3.64527379776522,4.16171380490257,7.300557491723411,12.550272934162905
2022-05-13,3.0833461043339665,4.118083320313632,3.7027639280673696,4.240445465697944,7.454317918476452,12.813997736395448
2022-05-16,3.071177894930423,4.073325647032604,3.6736370489636014,4.213465966649704,7.417824983103362,12.745906112085843
2022-05-17,3.1331223564028687,4.139074559776216,3.7340801897825098,4.291579388204192,7.557066323718441,12.996291687072672
2022-05-18,3.006559185925335,4.035607718710286,3.628295863311013,4.135531542017431,7.270896691460093,12.46904379303113
2022-05-19,2.9890194936553667,4.005279455557114,3.603911885451577,4.107169045603898,7.221486008837818,12.382613068684348
2022-05-20,2.9894562618770304,4.006659286236805,3.6044537374350774,4.107887952570921,7.222133044419964,12.384415411940479
2022-05-23,3.0449258260283205,4.077821516864333,3.669770992200122,4.181738953639772,7.352279787814162,12.603416938827724
2022-05-24,3.020198614601851,4.045327930561215,3.640570708855394,4.148435284530615,7.292779859927013,12.507019773142156
2022-05-25,3.0487418010175933,4.080262962607901,3.6727719572284627,4.184748880196744,7.357340076423473,12.616293867280826
2022-05-26,3.1093606326242873,4.159098833557197,3.744571887947683,4.266476170813347,7.500268168781373,12.857929521739663
2022-05-27,3.186293140440139,4.260253541413129,3.8356951102201116,4.370524665658974,7.681104631184619,13.174009446460929
2022-05-31,3.1663014160485496,4.23169496045647,3.8105096484208967,4.341872364780821,7.631813727553064,13.08715844795653
2022-06-01,3.1426086556733885,4.1997864396282845,3.781596679643332,4.30903141126346,7.574802950662123,12.989389231325683
2022-06-02,3.2005302519463004,4.276613003352415,3.8501718378587975,4.387483695639802,7.713382121429391,13.228405243134405
2022-06-03,3.1482100165512166,4.206736372598029,3.78780393008902,4.316085627050844,7.587095486958321,13.012503493084141
2022-06-06,3.15808710844112,4.21913128536254,3.7986266685557464,4.328515187459092,7.609272574771461,13.047522028438571
2022-06-07,3.188162814932876,4.2587680898363125,3.8339484169917872,4.368868104066488,7.681238396896931,13.17163075265464
2022-06-08,3.153750076626004,4.212807933316403,3.792454036458801,4.321696624326851,7.59804173212656,13.02962507610576
2022-06-09,3.078694905903267,4.112567511781661,3.7034982282296673,4.220057556929841,7.4190296926822175,12.724161924932964
2022-06-10,2.989073131858027,3.99313806891094,3.597535030279022,4.098812142773424,7.205761567159572,12.357203596350468
2022-06-13,2.873191626310305,3.840761274760325,3.465847554777919,3.945407355387729,6.9328761795497895,11.887623050722445
2022-06-14,2.862349046772512,3.823094391118423,3.4491996319128515,3.928591533433547,6.904805586753149,11.840010809895205
2022-06-15,2.9041178814442468,3.878613529478861,3.4958978483255887,3.9830970030686097,7.000395212740351,12.002475675011405
2022-06-16,2.8096993195610858,3.761324162691705,3.387431300850725,3.860286347357671,6.7857108035478575,11.633992593353037
2022-06-17,2.815883038067798,3.7649963230374777,3.3919104650112963,3.8651546458170754,6.795552568662641,11.654063350088304
2022-06-21,2.884808128486483,3.8514381262388855,3.4722418358131755,3.9558092086375476,6.953248277342938,11.921640246716027
2022-06-22,2.8810534543002513,3.842509402215743,3.465174874081569,3.947631036358265,6.938772470971109,11.898269875801226
2022-06-23,2.908516214062404,3.8777920123405596,3.4978161108501973,3.984399066975302,7.003743150988071,12.007202827566463
2022-06-24,2.997410041071537,3.9925879444987427,3.6025815171881974,4.1032672576476115,7.211063823904428,12.362325883353325
2022-06-27,2.988498436829522,3.9777153364586835,3.5901632162858976,4.08865757094681,7.183802665755238,12.314891185319057
2022-06-28,2.928301048243732,3.8986293581952496,3.519247276725076,4.007531229430564,7.0404868717106055,12.068773245693464
2022-06-29,2.926216820940354,3.8952536393783865,3.5162885125158208,4.004402288602322,7.0359046386328234,12.060202378707837
2022-06-30,2.9005854226690366,3.860889602463099,3.4865757633426804,3.9700324368442863,6.975493782866094,11.95872900320499
2022-07-01,2.9311975111873965,3.899145222287443,3.521267279855086,4.009598894705831,7.044990746726357,12.078183714380925
2022-07-05,2.9358410470177154,3.9050129018635005,3.526248861370656,4.015382861520168,7.054646489326663,12.095850236191135
2022-07-06,2.9463311469380247,3.9180439222009316,3.537858890929629,4.02882921668337,7.078741636545519,12.138988165982756
2022-07-07,2.990421749524918,3.976028952545539,3.589930915076309,4.088419134900089,7.1844909200102185,12.320299815377204
2022-07-08,2.9879390670017774,3.9724267519953824,3.58619435633126,4.084555310799397,7.177471445282138,12.310090400291385
2022-07-11,2.953495678293385,3.926352648841918,3.545614843338092,4.03781953912964,7.095925435648664,12.169879386910964
2022-07-12,2.9261938331392137,3.8900718077169927,3.513421780946774,4.000638543869473,7.029795030581806,12.05617846584223
2022-07-13,2.9131520872923433,3.872134875831052,3.496768651850589,3.9821524592937094,6.997450127484346,11.998618143632575
2022-07-14,2.904416722859069,3.8605266358977337,3.486263562253133,3.970199876236901,6.976498757454843,11.964124994106669
2022-07-15,2.960185128425182,3.9340300500854686,3.5514572689247537,4.045385815236896,7.109840024240252,12.192029840536138
2022-07-18,2.9354272665971917,3.9011298542744575,3.522168296384677,4.011939745584273,7.05022793633912,12.090219284541446
2022-07-19,3.0165282290198,4.008903197655375,3.618409006106492,4.121749499939847,7.242846611391008,12.418368596063987
2022-07-20,3.034313124501931,4.032234150170956,3.6391238222523707,4.145358343950358,7.284188688725579,12.487503735020677
2022-07-21,3.0642355789860845,4.0651849118807055,3.6715281552853396,4.181745072481105,7.342890143238506,12.605631975967011
2022-07-22,3.035638754367682,4.024813967156452,3.636585027831937,4.141659542724717,7.272719616146256,12.484579714780697
2022-07-25,3.039630969165696,4.026400416562523,3.638834063127279,4.142281216667996,7.272002610391268,12.4932769134154
2022-07-26,3.0045439220253782,3.982989500528046,3.5986996933921436,4.097293757596197,7.189670434416834,12.354106697312549
2022-07-27,3.083131551523325,4.077214426649659,3.686215102055807,4.196134185658435,7.368860051267976,12.658401193165485
2022-07-28,3.1205403665788016,4.120930587126225,3.7271097573285563,4.244426584720171,7.453447130653224,12.807030932224455
2022-07-29,3.164876172377858,4.177425492929295,3.777835678361153,4.302084187020105,7.557759901061402,12.987667235274335
2022-08-01,3.155941580334702,4.16933690066812,3.7706158310304856,4.2928363668583165,7.537581634616691,12.95126524264451
2022-08-02,3.134915404891804,4.143507908876442,3.747242374324044,4.266010574455773,7.490873847185351,12.869382896589453
2022-08-03,3.1839407221234595,4.200673788603342,3.7997580463090026,4.326806054678767,7.603068698866837,13.065341469976737
2022-08-04,3.1814657022006982,4.195584844292621,3.797213501570548,4.324172517131351,7.598242247755717,13.055257556066415
2022-08-05,3.1762934469441544,4.186947443229829,3.7894656874493045,4.316117678226284,7.583742538545785,13.034184361362186
2022-08-08,3.1723625329491814,4.179943138783885,3.7841702646123867,4.310985359866613,7.574400330638156,13.018168733386974
2022-08-09,3.1588840188806473,4.1622109413257435,3.768560935433247,4.290814100074614,7.542367301964619,12.954928545730814
2022-08-10,3.2261386624164774,4.247941223164011,3.8449031897041794,4.379104468540921,7.70009328897624,13.228942515981208
2022-08-11,3.2238628701035985,4.244030796923385,3.8425097682187754,4.376394939067456,7.694684642292875,13.219670310311349
2022-08-12,3.279707901673511,4.315667124660867,3.9073144818603467,4.451188322655773,7.827405911748663,13.447198374021598
2022-08-15,3.2927266597192424,4.332794471722483,3.921655695441388,4.467736807229894,7.855083276265088,13.48813129236117
2022-08-16,3.2989027156255744,4.340919628715809,3.9287654438867543,4.475905677257108,7.870816965664926,13.521619250429469
2022-08-17,3.2750260528412922,4.308591314610144,3.9000921815040592,4.44291808464761,7.809241169552054,13.38649821792074
2022-08-18,3.282458775209955,4.313484621523635,3.9064035640316006,4.448809110953158,7.811571507159874,13.381515398637184
2022-08-19,3.2401152455097155,4.2688670784081015,3.862701365662684,4.398107670471558,7.714557749986849,13.216543723236033
2022-08-22,3.170776374670508,4.196749603886596,3.790012331507027,4.3114220735687265,7.559023942878494,12.940015409969359
2022-08-23,3.1636808067185673,4.178890911135752,3.777021034492729,4.29782923201212,7.534123760460268,12.900871633517463
2022-08-24,3.1729065775761667,4.175587434240959,3.7799447218482936,4.301512177116208,7.550014540453152,12.93414787676516
2022-08-25,3.217617850793845,4.224246270926647,3.8269200505250116,4.355810766179112,7.6433829414934005,13.104644286457546
2022-08-26,3.109222705817446,4.111792686821414,3.7142457881904436,4.224525837652402,7.406652550290557,12.684559447717564
2022-08-29,3.0884953717893704,4.079051913992117,3.6859712226180137,4.190593388592634,7.34445951739926,12.588515223182782
2022-08-30,3.054435113099981,4.040435461291312,3.648666064469818,4.146163706802905,7.265140217596907,12.454744402633423
2022-08-31,3.0305584503156986,3.995933175779117,3.6144686418917633,4.1085545857782195,7.1987666096907095,12.347694696488988
2022-09-01,3.0396386317660755,4.004887121686772,3.6233455916963764,4.119226453037911,7.218032392191619,12.378063794318587
2022-09-02,3.0070036167473795,3.9662120226404154,3.5868926197278315,4.077083538322701,7.142077574510032,12.252378334062175
2022-09-06,2.9946898179366146,3.9559189040232603,3.574708362375526,4.062757622121833,7.115953120722444,12.21298068180003
2022-09-07,3.0496153374609203,4.000646755670671,3.626960648492309,4.126530736664935,7.24158377608772,12.43118431135661
2022-09-08,3.0697756390608713,4.020201965046825,3.6464551384090225,4.150023836378397,7.285146361334975,12.5023334153291
2022-09-09,3.116655428186109,4.07551501051852,3.699743446854118,4.209130611784989,7.392868580922774,12.689717912325058
2022-09-12,3.149642922822289,4.115606651415148,3.73641196910157,4.251357940482633,7.467796132645223,12.815091201343613
2022-09-13,3.0134631888677736,3.965050541865087,3.5901332318484305,4.0807137833311895,7.15810100816081,12.284891989323526
2022-09-14,3.0236697725740207,3.9639819751139993,3.5969817527768306,4.0895968227735855,7.179251090016856,12.319819156533976
2022-09-15,2.9894485992766504,3.9174962243147124,3.5556902708490203,4.043636439987332,7.098467310846358,12.187715190414732
2022-09-16,2.967977993011708,3.8828299223195315,3.528361492239242,4.012768963103116,7.046698380442746,12.09445828401671
2022-09-19,2.9883298596211607,3.897847309942739,3.545619536822617,4.034380105746525,7.0888538362990605,12.170439082929535
2022-09-20,2.9546450683503953,3.8539750912811543,3.5084154180312943,3.9913521044509745,7.014449454015244,12.034131103349747
2022-09-21,2.9040719058419664,3.782362094451764,3.449597023086958,3.9231305120734614,6.887999054221532,11.807172259968668
2022-09-22,2.8795975602280386,3.7483378803256002,3.4192045042204406,3.8875307918989805,6.827417917329185,11.697728672906628
2022-09-23,2.829974560166738,3.7131323455176095,3.374073248457643,3.8398630649645895,6.7428441870431435,11.54937555071555
2022-09-26,2.80071108931527,3.6869112763719745,3.346946291932222,3.811589336928519,6.6914920819715675,11.461105886655186
2022-09-27,2.7947725740207194,3.6956991500963716,3.3465154936727513,3.816081897519009,6.696892422778976,11.456881551317618
2022-09-28,2.8497517317476855,3.736166462807979,3.4003949748953874,3.8722435906811628,6.792978892963326,11.622420566525467
2022-09-29,2.789546680561515,3.672515779473878,3.3354436456184104,3.799170260384735,6.65380396163229,11.380090858794432
2022-09-30,2.7475173174768583,3.6232562302067386,3.2890557704182735,3.745919842710927,6.55875098601881,11.215292644905388
2022-10-03,2.8186339116042416,3.6881492180762265,3.3611527181979266,3.8252788402326248,6.70553235294258,11.478583713225937
2022-10-04,2.9048381658799722,3.7789099535982644,3.4532142361092864,3.9265023023938075,6.886257387466555,11.795825522705195
2022-10-05,2.8989762765892233,3.7665825119883527,3.4456753770897164,3.91634316097028,6.868154602830177,11.762610333936
2022-10-06,2.8692760375160913,3.737989315566113,3.4168255739637168,3.883298331726066,6.808238739346275,11.666460402011191
2022-10-07,2.7889260099307296,3.646225649494088,3.330357540932728,3.786153237014405,6.640351956634796,11.383496194650132
2022-10-10,2.7680300986942927,3.6245446747757297,3.3105971910382124,3.7618273859968787,6.593121121028577,11.305948177435846
2022-10-11,2.7499846747992396,3.6002900280010306,3.2921961358345566,3.736516535919868,6.542297502113918,11.211667552243531
2022-10-12,2.740935143750383,3.579741146969207,3.2785374302127024,3.720059268082581,6.519187963484933,11.174149276180586
2022-10-13,2.812105376080426,3.6465122544747435,3.350446652173727,3.8007587137785204,6.671134814401061,11.436125685217405
2022-10-14,2.745563354379942,3.56137012798704,3.2778494226318067,3.715009602782742,6.509930954817161,11.147298681527857
2022-10-17,2.818266106785998,3.6383398086908816,3.3528260160391037,3.802241558328191,6.665062342603345,11.418942018138168
2022-10-18,2.850472016183412,3.677235211884672,3.3846148559920697,3.84053479062896,6.734539798078772,11.542013605710169
2022-10-19,2.83145344204009,3.650903522166646,3.3616433553278275,3.8140440470169943,6.689154409027494,11.464369205845864
2022-10-20,2.8089407221234595,3.6193209326188724,3.3340541427274535,3.7819522502772305,6.6311596674918265,11.362604102378256
2022-10-21,2.875582357628885,3.7047553853362007,3.4125214963901875,3.8709403770377104,6.785670079024964,11.627251868815563
2022-10-24,2.9097498927235943,3.745377232236877,3.4515295297654194,3.914714429609739,6.863172826437404,11.761665478478994
2022-10-25,2.9570817752712557,3.802502787499326,3.504725027693937,3.9752580580631642,6.970590912905158,11.948668114475522
2022-10-26,2.9352357015876906,3.7729967319787225,3.477700293464228,3.94443468710846,6.916745788895419,11.856403862590495
2022-10-27,2.9173818427021394,3.749962345090831,3.4558864903199735,3.920079246457243,6.87307349347727,11.7781938939907
2022-10-28,2.989226383865628,3.8405292960274644,3.5393314519032004,4.014601926941419,7.038867264569965,12.063407035706513
2022-10-31,2.9669435419603993,3.810784265631448,3.5122706399032055,3.9838689314438542,6.985297849831261,11.97122816517667
2022-11-01,2.9547753325568564,3.795172907478527,3.4975195589271038,3.967176297715748,6.956181056607559,11.922370511548039
2022-11-02,2.8809002022926498,3.7006509804073855,3.4111879067033932,3.8687436319088198,6.782127931806308,11.624301064172695
2022-11-03,2.850403052779991,3.6608172358191067,3.3740395896018742,3.8269901334840757,6.710881018637601,11.502758946339652
2022-11-04,2.889221786305401,3.7102988385207043,3.4195209154864155,3.8787641828110173,6.801573293070381,11.65744704123961
2022-11-07,2.916998712683136,3.7447786209792406,3.451776114214218,3.915438683632182,6.86583644567358,11.766849524919019
2022-11-08,2.9333277140930543,3.7663708845464936,3.472211072192012,3.938306558355189,6.905370272088955,11.83340862451347
2022-11-09,2.8723793906700177,3.6889477796688244,3.4012980269587443,3.857548306192588,6.764950517879826,11.593045858103133
2022-11-10,3.0316082265677675,3.8910470286533254,3.5866774949757363,4.068644037741105,7.136277704480353,12.231570690731202
2022-11-11,3.059622693557285,3.92653860813245,3.6196869182619027,4.106075399378776,7.201050581999805,12.341789415700905
2022-11-14,3.0322825354012135,3.8911408240000944,3.5871080903516885,4.0691873847305775,7.136635323803733,12.231261874197418
2022-11-15,3.0587031815116776,3.92452331434149,3.6185340769927525,4.10460378798413,7.198296387720104,12.336615679223828
2022-11-16,3.0334625758597435,3.8918191777204525,3.5877257447686244,4.069776864992689,7.137225754659039,12.23264521787771
2022-11-17,3.024091215594924,3.8769758166746566,3.575119296874627,4.0555773424308255,7.110341333635921,12.18691373414366
2022-11-18,3.0384815791086863,3.891275190243174,3.5895537678641807,4.071819850252765,7.140453878974546,12.23613855725535
2022-11-21,3.0266811745233864,3.8698872262086983,3.5713648273585132,4.051044862021226,7.102419249837161,12.167071838193188
2022-11-22,3.0677833629620546,3.918114168606861,3.6164250843666417,4.102223104317356,7.194838484805635,12.329709620905398
2022-11-23,3.0859284006620484,3.9408148410066124,3.6369930550339618,4.125577337756027,7.236559701951801,12.404152443265293
2022-11-25,3.085054864218721,3.9384945444289,3.6357263166012252,4.123881887392685,7.233343776164949,12.401310108849446
2022-11-28,3.037408815055477,3.8842046349923565,3.584976256944944,4.065825395036525,7.127614051093704,12.21118766421631
2022-11-29,3.0325737142156557,3.8725283831905077,3.576012053955436,4.055713145388809,7.1121171609595315,12.189096497766942
2022-11-30,3.126425243670692,3.98515945871902,3.6809247827450853,4.174838566664505,7.319073258700244,12.540341981564797
2022-12-01,3.123712683136149,3.9799844492185668,3.676541915038217,4.169587622233422,7.307829518933915,12.51849950872015
2022-12-02,3.119980996751057,3.9729961035318655,3.6704410010771635,4.162717532983057,7.297265207132564,12.504983929604432
2022-12-05,3.064151290381904,3.902776829248829,3.6063130740270135,4.089980093986922,7.167522971202451,12.282098192985712
2022-12-06,3.0200300373934894,3.8486396362958666,3.556508456212019,4.032509882976518,7.064362382317458,12.103213247923494
2022-12-07,3.014405688714522,3.8428797229575773,3.550447095221962,4.026048974601803,7.0546084809601,12.084907729752944
2022-12-08,3.0370793232391344,3.8694296483226456,3.57482103586134,4.053931297183095,7.104888107881771,12.172661942085597
2022-12-09,3.014758168332005,3.841770691741558,3.550410666083291,4.025807007263851,7.055352957903401,12.087720965895135
2022-12-12,3.05780665726721,3.898177695841384,3.601643938833112,4.083455452730242,7.1509839986554855,12.247067920528316
2022-12-13,3.080097161772819,3.9176681450335944,3.621778920828505,4.106889262458434,7.19907617852767,12.33603478060209
2022-12-14,3.0614540550481206,3.8934700103219018,3.598671222854278,4.082344772316774,7.160722913778026,12.2753624444129
2022-12-15,2.985157543063813,3.7981200187869995,3.5132197052781935,3.9845871169229126,6.981503698615932,11.95772613741999
2022-12-16,2.951909520014711,3.7531230910273905,3.4735861995456303,3.939329842369847,6.906042748178732,11.830522428032367
2022-12-19,2.925320296695886,3.717102633930572,3.438868725917585,3.9002875529680816,6.839253286214899,11.719556268164482
2022-12-20,2.928354686446392,3.720091863768166,3.440219532628041,3.90189145004494,6.843673335538629,11.727499798371337
2022-12-21,2.9718935818059213,3.7747001735181023,3.4886850377630196,3.956868640043469,6.938861934002072,11.893046557547464
2022-12-22,2.928944706675656,3.737321555778298,3.4461979895420516,3.9058396627096856,6.84047708207195,11.71297984777139
2022-12-23,2.9461319193281423,3.7468003346023853,3.460005251669744,3.9223772670323687,6.874754358736851,11.771827381594415
2022-12-27,2.9342012505363813,3.7261812200410165,3.4436668853815156,3.9042775857052403,6.841565914248763,11.718108767864484
2022-12-28,2.898930300986942,3.682055094635845,3.4024376210721123,3.8580566256613102,6.763342030288459,11.584074938770325
2022-12-29,2.9495494390976513,3.7389646678997295,3.4575564557384797,3.9199379537333034,6.865166460630314,11.753128605715336
2022-12-30,2.942055415925948,3.72774396837773,3.4484276001802443,3.9096227702560067,6.849696674407208,11.729691813385967
2023-01-03,2.9302856617421678,3.7080012459245997,3.431060352124321,3.890145488152203,6.817588226538059,11.683062131562169
2023-01-04,2.9523769386378955,3.72948835107656,3.4523998891045267,3.9141548851596872,6.862150212242389,11.75946498092842
2023-01-05,2.9179948507325437,3.6849071168441365,3.411429980331715,3.8672345493021565,6.7784818509172755,11.618492018403229
2023-01-06,2.9846441488383486,3.7635463122540083,3.4849624128780907,3.9522529328151963,6.929650306668316,11.879840749870505
2023-01-09,2.9823530313247097,3.7588679118609005,3.482349133258623,3.9479011170900944,6.921793886865432,11.864222572729224
2023-01-10,3.0031646539569663,3.781442153454728,3.50363408317006,3.9726970968872886,6.96713860221056,11.942007076159733
2023-01-11,3.0417535094709733,3.830414372282654,3.5485197705988725,4.023358761290488,7.0549911358344355,12.089473837320236
2023-01-12,3.0521439955863414,3.8405587997128525,3.5583574195740963,4.036037229846407,7.0802242418827035,12.13801802929624
2023-01-13,3.064342855391405,3.855673348130461,3.5718198253232862,4.051320731592695,7.107477602742146,12.183924261677909
2023-01-17,3.058120823882792,3.8460520921987755,3.5638296176259034,4.042098334927634,7.090717531541707,12.151146759595328
2023-01-18,3.0105284129222087,3.7855338328016033,3.5097866775211872,3.9806246083150705,6.982944082991204,11.96772153068206
2023-01-19,2.987532949181633,3.7551672839459647,3.4823676741178717,3.9494777886039194,6.926100115020121,11.859636674287778
2023-01-20,3.0440522895849926,3.8159531887321556,3.54198909543411,4.0173102901814834,7.043641888502765,12.061000867006808
2023-01-23,3.0802197633788997,3.8542321932826518,3.5796941714220267,4.059172034940969,7.1174333095293365,12.194166157551715
2023-01-24,3.0780282596702007,3.849328489067161,3.5745866302813734,4.05421015715526,7.112178753801483,12.187966249340805
2023-01-25,3.077468889842456,3.849067271826308,3.574022091799996,4.053661226261799,7.11016548183007,12.180993384597407
2023-01-26,3.111345246122723,3.890803385332162,3.6120997713251954,4.097099780852428,7.18492902068036,12.307125852768973
2023-01-27,3.119107460307729,3.8995959967741864,3.620416229478926,4.1061836077659155,7.199344742379657,12.331267368376631
2023-01-30,3.0786565929013663,3.8518511492761043,3.5753153473520536,4.054178656128669,7.10731840986978,12.176060745457638
2023-01-31,3.1237356709372883,3.9031818655380306,3.6245414220134813,4.110341089510631,7.206474357516903,12.343935323613707
2023-02-01,3.156386011156745,3.9394756936452047,3.6591081218703607,4.149726070965887,7.280889263003498,12.474856759238413
2023-02-02,3.2027830564580393,3.9994089916356823,3.7148237160553346,4.212354494181978,7.383632162709504,12.649482652723107
2023-02-03,3.1696193220131175,3.953773684232058,3.6762073011487146,4.1688040845852115,7.30756731007856,12.516547845937744
2023-02-06,3.1501563170477525,3.9286747815042578,3.6539634282269047,4.142605469966504,7.263726779051312,12.442723747429818
2023-02-07,3.1907067982590562,3.9756733961813873,3.6977536302116465,4.1928761684317015,7.352616376574209,12.601956098351021
2023-02-08,3.1553515601054363,3.933401642533184,3.660492668258061,4.150042794755515,7.275407824526811,12.466369743314614
2023-02-09,3.1274903451235203,3.9015466758988215,3.631248867667029,4.116700533826184,7.214014289848342,12.357147571835469
2023-02-10,3.1343560350640582,3.9066125300949546,3.639101829908908,4.125445107076704,7.2297367890705075,12.382532227778672
2023-02-13,3.1702399926439027,3.9480195481117875,3.676584222731927,4.169122341312819,7.310264046254066,12.52531925753465
2023-02-14,3.1693511309998157,3.9456076856414146,3.6722431697550038,4.164703847396349,7.306979851332326,12.521821110131626
2023-02-15,3.1781401336357504,3.9563311809732724,3.6805219258305963,4.17395420707251,7.322279238343578,12.541250015634153
2023-02-16,3.1343177220621583,3.915118163048166,3.637096682796032,4.123747616371678,7.230508490350147,12.386880007973863
2023-02-17,3.1256436584319247,3.9044281706962205,3.626679666579414,4.111637958049691,7.20797757883124,12.336652849678932
2023-02-21,3.0630019003248936,3.8559654429067374,3.570704570228543,4.045524425034586,7.0790501651601705,12.111534128841745
2023-02-22,3.0581821246858323,3.83290109262067,3.5556939443519844,4.028687330569235,7.055117922867958,12.071663653496223
2023-02-23,3.074480475694231,3.8348787417157464,3.5643996841913688,4.038581712436047,7.0739759271707685,12.11103492702828
2023-02-24,3.042083001287316,3.805187093470779,3.532728300871048,4.000044902248575,6.999869351307818,11.976941825019328
2023-02-27,3.051431373750995,3.80096151906195,3.5355621782103013,4.005136497841703,7.013036355303852,12.008761897636486
2023-02-28,3.0421672898914967,3.7793090962666955,3.519208192214454,3.987079651122992,6.983749992481714,11.951208792625142
2023-03-01,3.0277922515784947,3.763758329205166,3.504032835958022,3.9685684661062823,6.950275266861374,11.896812608239427
2023-03-02,3.0507494023171695,3.782209303904624,3.5243579475427453,3.9929107193229303,6.996038076192039,11.982274254358517
2023-03-03,3.1000122601606073,3.836228982421317,3.5767751215689185,4.05340312785966,7.102459923376417,12.163030486396865
2023-03-06,3.102142463066265,3.8360986099382064,3.5769331912152325,4.053831492538228,7.1034644468390855,12.16756058080906
2023-03-07,3.0545960277079622,3.7804544500821446,3.5249391646595996,3.9936769896732485,6.997231516687733,11.978930905418794
2023-03-08,3.058917734322319,3.780859749395904,3.526035615885603,3.9957177823672434,7.002368663920146,11.992179097116619
2023-03-09,3.00245203212162,3.7415831084582076,3.480317408297629,3.9431057968137524,6.898427387551202,11.79643177792156
2023-03-10,2.958982100165511,3.728164190209224,3.456488960545357,3.9155345901981473,6.834132919789661,11.685852283181845
2023-03-13,2.9545148041439333,3.741948230658007,3.464127428198959,3.928431153517666,6.869553831118914,11.75218957779906
2023-03-14,3.0031953043584863,3.7651348513507363,3.4963701022704208,3.962069336717622,6.935688649625106,11.866857244211994
2023-03-15,2.982230429718628,3.785946831420933,3.5008856962718045,3.969762359764633,6.946521357923014,11.896342355906578
2023-03-16,3.0346043033163723,3.784160338274181,3.527240113160135,4.001834364813819,7.014069807494638,12.00527825014376
2023-03-17,3.0011647152577687,3.801211486231611,3.521185165217872,3.9899475557514203,6.986261867125073,11.962244065917927
2023-03-20,3.027930178385336,3.7731794323382974,3.517778142612999,3.987720520570167,6.984842544901284,11.961210211948337
2023-03-21,3.067239318335069,3.7834388792317255,3.545419809618183,4.021163768571607,7.053089591984362,12.081433667589156
2023-03-22,3.016742781830441,3.717860352459441,3.4903760016190324,3.957640988608042,6.934034389991218,11.8699592355892
2023-03-23,3.0257463372770173,3.731784473591225,3.503772932486635,3.9717989408902517,6.951224032038679,11.887516326338565
2023-03-24,3.0428109483234222,3.743934636690532,3.519564434555475,3.9886185052327403,6.982045403973139,11.945113703170437
2023-03-27,3.047822288971985,3.7413787853411,3.518982500137316,3.9876900036222156,6.981868762476796,11.94766926702055
2023-03-28,3.0430255011340637,3.731117768420752,3.5109117609230376,3.9784544027363156,6.965232344928343,11.918852833876729
2023-03-29,3.086349843682951,3.7789808026918,3.556488730103947,4.03060297731361,7.0555905183936325,12.072733277936962
2023-03-30,3.103989149757861,3.7991796908445696,3.5760646197359667,4.0521195756661825,7.0915588782897645,12.1348087543114
2023-03-31,3.1488000367804814,3.851501553474458,3.6263117253156243,4.109024353139368,7.189983227151305,12.30331781730728
2023-04-03,3.16044718935818,3.862919996801996,3.637536999538477,4.121481076977256,7.2125884287637705,12.341423736736292
2023-04-04,3.142125911849445,3.8402725840393663,3.6179134839360825,4.0984785913316175,7.170137167301616,12.269349459620402
2023-04-05,3.134294734261018,3.830277030956003,3.6083750121976883,4.08816941739322,7.152508959191988,12.241633300815042
2023-04-06,3.1455127812174335,3.842347537735596,3.6194522403677105,4.101098447112377,7.1763982761652665,12.27849741713971
2023-04-10,3.1486467847728794,3.8445548265294374,3.6215670123973376,4.1033224079071395,7.181539625410677,12.290118726032132
2023-04-11,3.148516520566418,3.8430733340764087,3.620315923126275,4.102269622297696,7.180861228210194,12.289611301759313
2023-04-12,3.135497762520688,3.826895444466031,3.604894775422394,4.084794779528322,7.15099086727277,12.238349187390233
2023-04-13,3.177082694783301,3.877191731496584,3.650781484605082,4.137415080105103,7.243461260748255,12.397667754190948
2023-04-14,3.170508183657205,3.8690233200079662,3.6426373812228756,4.128380226046951,7.227656505990621,12.368012677562364
2023-04-17,3.1809906209771333,3.881371928500521,3.6529850652762357,4.140513478727451,7.249599742719986,12.408180180317164
2023-04-18,3.183710844112057,3.884543880160929,3.656465541203441,4.144606807822021,7.257371729057047,12.419441620036629
2023-04-19,3.1834426530987554,3.8840697134051827,3.65751507810367,4.146081245137662,7.260391126247885,12.422516371468442
2023-04-20,3.1644930423588535,3.8678446322865736,3.6407485737943874,4.127580405549515,7.226478371783009,12.373319084107395
2023-04-21,3.1673511923006186,3.8634907251635795,3.641136729714012,4.127131939172214,7.227163119089729,12.377804272490637
2023-04-24,3.1700484276344008,3.860846408113345,3.641755984899669,4.126557030811667,7.221387208475326,12.35468275771567
2023-04-25,3.119927358548396,3.8155376250424378,3.595066063040802,4.070765719987515,7.115669868050829,12.164545301055767
2023-04-26,3.1079430515539745,3.7886862618894055,3.5744696622156997,4.048136763611815,7.076479651489349,12.089527365741768
2023-04-27,3.16875344817017,3.849762444425473,3.635436828154376,4.117728038279758,7.2009181294149505,12.314244236458169
2023-04-28,3.194905903267332,3.8760204973389034,3.66169181317527,4.1474420146357645,7.252083401649755,12.40676052004141
2023-05-01,3.1936722246061415,3.873197587881241,3.658205781165968,4.1432608341963855,7.243867897085255,12.39025749572961
2023-05-02,3.1566695273708074,3.83345291289877,3.620605972525191,4.099350124964031,7.164495663786361,12.254444634199281
2023-05-03,3.1345782504750805,3.8086731699378333,3.597827131443313,4.0728822047796385,7.1185986401608785,12.176082509744711
2023-05-04,3.111950591552748,3.791242157769071,3.5796494924997404,4.052476862027211,7.089163823676448,12.130194006883855
2023-05-05,3.169443082204376,3.843550806915666,3.63236602631366,4.114071456170808,7.200962649512204,12.31939873567082
2023-05-08,3.170875988475448,3.8403313064409077,3.630966221765398,4.113185382110778,7.199773485798054,12.322288914916161
2023-05-09,3.1563553607552253,3.8229824699021417,3.6154940362613393,4.095440829345248,7.171637289808002,12.271108035107462
2023-05-10,3.170508183657205,3.8353175468879326,3.6276492669196303,4.110443064936504,7.197607140248935,12.32255814618279
2023-05-11,3.165129038190399,3.827296998998705,3.619938077121271,4.101801639623715,7.182292394439522,12.296486537253283
2023-05-12,3.160117697541837,3.82086309041054,3.6146917095449824,4.096586173869602,7.175304754919241,12.285908071564528
2023-05-15,3.169466070005516,3.8294893005039894,3.621866981147768,4.104764175939255,7.187169731545248,12.304194648639369
2023-05-16,3.1492521302029046,3.8041212308980814,3.600619561692861,4.07979328261477,7.142084669134753,12.225038536561598
2023-05-17,3.186699258260283,3.8491626171008666,3.6401925877419186,4.124712477121068,7.218993167793024,12.350186225522775
2023-05-18,3.2167979525531774,3.877738968020838,3.669097094198066,4.156959899525359,7.272665557806933,12.443676487752283
2023-05-19,3.2121467541224775,3.8776506202486334,3.6680834071276234,4.156006586313594,7.2747055194276875,12.441842741261274
2023-05-22,3.2126448231471825,3.8794821863327322,3.669122984542522,4.158783345369278,7.285946555712995,12.480349279720397
2023-05-23,3.176592288358976,3.8416673957870815,3.6310567688871034,4.1150201423420185,7.2047239571194,12.353961914555958
2023-05-24,3.153343958805859,3.824284383074668,3.609903351760834,4.090327636138539,7.166660396518178,12.284848350708387
2023-05-25,3.1809599705756133,3.849362228998097,3.6365896634287935,4.1201829737137405,7.209210535814285,12.340364321993754
2023-05-26,3.2224682768344257,3.888050912882515,3.677003262639195,4.165771145823683,7.2875985213984364,12.480859213654378
2023-05-30,3.2225219150370865,3.877697594985396,3.6717327192787548,4.158273507837884,7.273392780654922,12.451207892227657
2023-05-31,3.2028366946606988,3.8513328367072344,3.6471815506294947,4.130790106756992,7.228375881188764,12.37377321125208
2023-06-01,3.2343989456261872,3.880599914540443,3.6763874404397052,4.1644607880460045,7.288158645595981,12.479617262060938
2023-06-02,3.281408998957885,3.9327537292693573,3.7269005382141605,4.222128627514988,7.386543918615105,12.650711323081673
2023-06-05,3.27483448783179,3.9231262250521137,3.7182523678645216,4.212067852989426,7.369080625645413,12.61736120528898
2023-06-06,3.2825430638141353,3.9309316420303615,3.7242515453817213,4.219866304651546,7.384635920949137,12.644207322916486
2023-06-07,3.2700300373934894,3.915438800857579,3.709813327293082,4.203228308214459,7.3569406450209005,12.590217423582564
2023-06-08,3.2902669649972403,3.938755385223815,3.732315706761643,4.229165293121724,7.402696161334117,12.670028891836171
2023-06-09,3.2940446269846126,3.9430961654979493,3.736674506648896,4.2341817299066,7.41006024572973,12.686429669605769
2023-06-12,3.324748666707533,3.980165344632645,3.7714287113459606,4.273501546986068,7.476819754747475,12.793119343482202
2023-06-13,3.3477977686507683,4.006138472745145,3.796741817413646,4.301576445762854,7.529249788849462,12.879387124545334
2023-06-14,3.350540979586832,4.008712549838507,3.7988052050141423,4.304194549878602,7.531082926198985,12.889912238947069
2023-06-15,3.391344326610678,4.057681964357399,3.84541766004832,4.356941174037191,7.621478070143675,13.043735925122927
2023-06-16,3.378892600993072,4.041909292892448,3.8297899823644106,4.339646812467275,7.596390849415512,12.995961313662544
2023-06-20,3.3628930913994965,4.021717596400079,3.8117593487613832,4.319566460921265,7.560021539903335,12.938388003779423
2023-06-21,3.3452537853245867,4.000271291365612,3.790518315921106,4.295369369108965,7.516754771717194,12.858511237109198
2023-06-22,3.3576671979402923,4.010177816239739,3.8017116809802913,4.307591330139177,7.540558572068263,12.894608214866803
2023-06-23,3.331951511064794,3.9828331802919252,3.7753739445275727,4.276924669039522,7.482114460130799,12.786630404569262
2023-06-26,3.317001777723287,3.9640081477373528,3.757350290734043,4.2570127378208635,7.446518084088706,12.726764642908257
2023-06-27,3.355000613008029,4.000541674342674,3.793915035300991,4.29762145520224,7.51571760412384,12.855716319579441
2023-06-28,3.353812909949119,3.989275792771742,3.7867398077930563,4.289765812211348,7.496759837541655,12.832572238405982
2023-06-29,3.3688162814932863,4.007037488807441,3.8032005806594174,4.307529916063924,7.531098839563636,12.880906174155498
2023-06-30,3.410148347943357,4.052306110522696,3.847087559167231,4.356904407495445,7.6153780463694165,13.03172667785078
2023-07-03,3.414140562741371,4.05477860753527,3.8501351593490147,4.360387288374047,7.621401239839324,13.038159095532714
2023-07-05,3.4074204622080537,4.046541327013709,3.843260898731359,4.352520662397684,7.608759129859954,13.017944344146452
2023-07-06,3.380425121069085,4.026696472174293,3.81946905250329,4.324571582250449,7.554846741463054,12.920744898934558
2023-07-07,3.370739594188683,4.011849779276865,3.806978621919976,4.311215873487534,7.536880490668278,12.892987501441416
2023-07-10,3.3788466253907914,4.016658205856927,3.813054069710435,4.318488942899907,7.5522990319852825,12.915418485732886
2023-07-11,3.401627536320725,4.037148006667866,3.836089616485656,4.345221589938193,7.597215851553686,12.997345853123315
2023-07-12,3.4268374915711384,4.061921969181345,3.8610535334618086,4.375119803980071,7.654017761220654,13.081117885953569
2023-07-13,3.4558634218108244,4.09628422892763,3.893757625062959,4.4115883014661215,7.71831121322841,13.191572270393392
2023-07-14,3.4523233004352343,4.0906847203339325,3.888898740201334,4.40669443871335,7.707969250023263,13.181077308054174
2023-07-17,3.4656332372954073,4.104187974959795,3.9025684499034363,4.4217985138446165,7.73662495959056,13.2263688204273
2023-07-18,3.4902991479188366,4.132543510870369,3.9289482866109244,4.451990008584411,7.787547029363691,13.319806504379317
2023-07-19,3.498528780727027,4.1417227182895875,3.9388378831366664,4.462862049246797,7.8066688744522255,13.347891661394486
2023-07-20,3.4748896585545257,4.114265473136428,3.9119454189180467,4.431763854051453,7.750392309203465,13.237443144356982
2023-07-21,3.476016060810396,4.112113523549946,3.9113222177933187,4.43165240878138,7.7498748248236575,13.253232932687165
2023-07-24,3.4900386195059148,4.122347897754082,3.9224418355859734,4.444091474167713,7.771288190619003,13.299494112391592
2023-07-25,3.499862073193158,4.130388966426289,3.9323235611446044,4.454563921923681,7.7906009553676,13.3231533448326
2023-07-26,3.499318028566173,4.122063113438452,3.9272459583939687,4.44892984078484,7.785666714283559,13.343794329697163
2023-07-27,3.476835959051063,4.110594380079885,3.910143156501344,4.428838566183703,7.738594328245296,13.258876535804445
2023-07-28,3.511179733954514,4.135717125936451,3.9400602944303778,4.462597934833555,7.805421341290243,13.349947123035504
2023-07-31,3.5163366640102973,4.139777033404766,3.944675546252976,4.468480973275149,7.815052328635148,13.386278936615968
2023-08-01,3.5069653037454773,4.127057668151269,3.9340742031241196,4.45584710215858,7.793623479212491,13.348222959526172
2023-08-02,3.458430392938147,4.091254964093638,3.891092111493809,4.405554537151833,7.6938697580745155,13.165649124980014
2023-08-03,3.449618402501072,4.077703140848743,3.8790102368910198,4.39165690716197,7.675238741181574,13.128058076580622
2023-08-04,3.4313354379942367,4.068427711543864,3.864686430069914,4.375948237928447,7.643264633650141,13.101958303605297
2023-08-07,3.462300006130079,4.080909743271807,3.8877553859580805,4.403008097898732,7.698158220560108,13.192062552206087
2023-08-08,3.4476950898056757,4.064784687054733,3.873536725603291,4.385586432862556,7.665994020815917,13.135886620158002
2023-08-09,3.42342763440201,4.033118925919461,3.844623878370031,4.35425717814329,7.620196912947598,13.052576979290158
2023-08-10,3.424285845644577,4.030652654184033,3.845098063724382,4.35456283397594,7.620316667325325,13.040987567599577
2023-08-11,3.420623122662906,4.018671683635591,3.8363580247577813,4.3472608029161,7.6073438725978795,13.02385719396532
2023-08-14,3.4402930178385325,4.034532755205892,3.854668213273717,4.36716575191284,7.63988463334415,13.094482735821817
2023-08-15,3.4005547722675153,3.986719156572522,3.8135969878795173,4.320010555926578,7.556970864695151,12.937532333724198
2023-08-16,3.374862073193158,3.9553670579111144,3.7859996458663763,4.288095767995287,7.501771254694,12.836030771962129
2023-08-17,3.348832219702077,3.9332640068480837,3.763557201942797,4.261606234165324,7.449737998967295,12.741783801779992
2023-08-18,3.3483341506773727,3.922515159519072,3.757488309570115,4.253635106587855,7.43160776352866,12.706883112819613
2023-08-21,3.3713679274198487,3.9430254060784984,3.7793578561111394,4.278025730698962,7.474816112224022,12.784605034519245
2023-08-22,3.362004229755409,3.9300889567983797,3.7686793411630792,4.265166087101797,7.450147286768687,12.743130986629494
2023-08-23,3.399137191197204,3.9669583263608557,3.8051962673272572,4.30713594552512,7.527652025064847,12.873941828337639
2023-08-24,3.3533914669282163,3.9170820553090917,3.758371202813419,4.252479672052905,7.428741111134985,12.69900745777882
2023-08-25,3.375919512045607,3.9336151935325074,3.775993985136392,4.272459864287072,7.465060591623405,12.766430784228998
2023-08-28,3.3970682890945865,3.9534451041482312,3.795261450003088,4.295040198641734,7.506583740587328,12.841216933066523
2023-08-29,3.446354134739164,4.007428936481097,3.8468024704318404,4.3535895335214105,7.609830420636877,13.016877763038908
2023-08-30,3.4595644577943956,4.021061563910098,3.859507682438346,4.368859441225074,7.635679336642974,13.063025522074986
2023-08-31,3.454039722920369,4.014462927363276,3.852573257071602,4.361148566213206,7.622678841963686,13.038566419497542
2023-09-01,3.460254091828602,4.020919983966281,3.8587316758076287,4.368643005921329,7.638611920027378,13.063677410125216
2023-09-05,3.445741126708759,4.003515706092655,3.8424242599156266,4.3496904161898495,7.603916754131521,13.00805801547392
2023-09-06,3.421718874517255,3.975642965019016,3.8166795426256708,4.320235219043321,7.552810718551829,12.91783825954768
2023-09-07,3.410730705572242,3.9623284673348245,3.8038784548437397,4.305742013193507,7.527482389186115,12.877202567844098
2023-09-08,3.415596456813583,3.9657139325023727,3.8074325425946056,4.309980074486813,7.535663447013013,12.891019405796783
2023-09-11,3.438561270152638,3.9914179854711396,3.830834172955661,4.337136610745457,7.58313571118304,12.974635665156748
2023-09-12,3.418975663581192,3.9681279803851623,3.8093454403380713,4.312610133807822,7.540073082875189,12.899977869766538
2023-09-13,3.4232207441917475,3.9728651474839385,3.812934394834871,4.316819597850167,7.548498423594555,12.915962252038508
2023-09-14,3.452078097223073,4.0063480000783,3.8436685305151586,4.351948349668074,7.60997574633229,13.019945503244502
2023-09-15,3.4101023723410764,3.9576440525180474,3.7981200522893555,4.299939346133992,7.518141329018749,12.862061859723916
2023-09-18,3.4125620670630776,3.960121306155819,3.7999793696603916,4.301994498887568,7.52224739642433,12.869440784541055
2023-09-19,3.405221295898975,3.9514155435533733,3.790752745308435,4.291525126202385,7.504712752338173,12.839855068582214
2023-09-20,3.373229939312204,3.9139196412877655,3.75668228065841,4.25250390481648,7.435156554778337,12.720538886995422
2023-09-21,3.317905964568135,3.8716956402104645,3.7064199371475803,4.192930281117272,7.331261835988513,12.522876013741186
2023-09-22,3.3102893397903506,3.8591831466848827,3.697109465784239,4.180745576844695,7.305427420927506,12.491619134311387
2023-09-25,3.323606939250903,3.87397909646593,3.7118376522439402,4.197143753973086,7.333068996099989,12.51872623933511
2023-09-26,3.274635260221908,3.864141114994495,3.683591807383311,4.164580560325451,7.279009002854768,12.403618104793445
2023-09-27,3.2753861950591543,3.8348966265169846,3.670301359697783,4.1490013586940435,7.250500608873653,12.383072119322698
2023-09-28,3.2946882854165382,3.835241025868021,3.678880972593103,4.1619916084336515,7.283769256005874,12.445076088019583
2023-09-29,3.2857613559737624,3.8269939275627154,3.670539657548503,4.152023137086899,7.264729304310744,12.418544200517758
2023-10-02,3.286021884386685,3.827544084837295,3.6712509194210057,4.151979823799441,7.260857369883812,12.419956898579159
2023-10-03,3.2408585177465814,3.8238369070922036,3.6492378514936963,4.124320251852465,7.208425274383122,12.303223965653013
2023-10-04,3.2671412370502044,3.810874005383619,3.6556113770297074,4.130460153747099,7.223604889021886,12.346233684757253
2023-10-05,3.262880831238888,3.8004605076620153,3.648520612951223,4.123321460971425,7.203338634373556,12.316569662981163
2023-10-06,3.301431373750995,3.8337036989197903,3.6839044783639294,4.162875012447035,7.271924143765438,12.42573863112081
2023-10-09,3.3222429963832516,3.8490793700126744,3.702867508032579,4.186283306189199,7.313207036173786,12.503434996076761
2023-10-10,3.339545148041438,3.8576639499535452,3.714187201564827,4.201073070835192,7.345106285228399,12.562412067605631
2023-10-11,3.35388187335254,3.867609139566803,3.7254544521743194,4.215415774059378,7.378172966085297,12.610318261825354
2023-10-12,3.332932323913442,3.8450500489388673,3.704812381408448,4.189969061327188,7.331968774868963,12.53210697250666
2023-10-13,3.31620486728376,3.8775192740378674,3.7202231707500437,4.199431590468595,7.3359277079536,12.541647949388373
2023-10-16,3.3513378900263584,3.8581637025633237,3.7239395273120985,4.211235899989111,7.361109177526005,12.599474678243675
2023-10-17,3.351008398210016,3.8537709434665874,3.7247918010089145,4.211417224893683,7.363228338275028,12.603861913751302
2023-10-18,3.306105559982835,3.8087149020785973,3.6881906914396256,4.167571163442468,7.288153198709532,12.474834879124748
2023-10-19,3.2780604425917974,3.788903298948703,3.664810760016624,4.1424087263948195,7.240368522635417,12.391326069625176
2023-10-20,3.2368050021455272,3.741851289903917,3.619996615540274,4.091627741972662,7.150134682556038,12.233020440266488
2023-10-23,3.2313492306749207,3.724846293774018,3.6081876685470946,4.077084112844111,7.1259353779290135,12.194699628072092
2023-10-24,3.25482743823944,3.7354492980370884,3.6253787383278215,4.095167593049976,7.156558439899658,12.24837834852465
2023-10-25,3.2081545393244646,3.6938708858296554,3.5837513447510294,4.046362259853531,7.06651912371923,12.092323897615172
2023-10-26,3.170194017041622,3.648489778165525,3.54125400536729,3.9977789027926454,6.983506671977005,11.950520883033812
2023-10-27,3.154976092686813,3.6353076056006777,3.5299161318452392,3.9832121184788982,6.953623294437588,11.89940815982342
2023-10-30,3.1928676515662344,3.66078387173571,3.5574605305460807,4.0155893934790665,7.015029354898249,12.005479694805704
2023-10-31,3.21354134739165,3.675144873443148,3.5714470176426176,4.032872644883178,7.0485965051978265,12.063643054213031
2023-11-01,3.247302764666216,3.7103455521070563,3.6042958680137187,4.070933816680066,7.1167757657150865,12.181275536643238
2023-11-02,3.3085422669036952,3.778450331360945,3.6694747613535066,4.144874945432307,7.2465495856136934,12.40418897651958
2023-11-03,3.339621774045239,3.8128531609770335,3.7020711478921293,4.182059071565561,7.311560715312414,12.517977535505791
2023-11-06,3.345476000735608,3.818138620636166,3.706514749566858,4.18754981659167,7.3224521577674,12.536981355028475
2023-11-07,3.3549776252068892,3.8284535227171372,3.71644810012452,4.1986653526916955,7.341602956669636,12.56828072160035
2023-11-08,3.3583491693741174,3.8316031278298754,3.7189893943565675,4.201622715383589,7.347517569258658,12.578450414695709
2023-11-09,3.331200576227548,3.8006400394112885,3.690917503390141,4.169506781994422,7.290218616932478,12.480460055030619
2023-11-10,3.3832219702078086,3.859275009573309,3.746033843466375,4.23233197175626,7.400868002209047,12.669823630465832
2023-11-13,3.380394470667565,3.855702406236778,3.7425243431926862,4.228179108724471,7.393152160721457,12.654856419661103
2023-11-14,3.444875252865811,3.9290691045277675,3.813081474020663,4.307944446224596,7.531813570203901,12.893187370531145
2023-11-15,3.450376999938698,3.9351699570502374,3.819029927694567,4.314917322724121,7.545148066833556,12.913643398160874
2023-11-16,3.454484153742413,3.9352252923906077,3.820628669187128,4.316749577500512,7.546382888845552,12.9214822028626
2023-11-17,3.4589131367620904,3.936991667710467,3.8231440944550523,4.319756513546991,7.5530791129821635,12.926174751110079
2023-11-20,3.4844755716299876,3.962350276806924,3.849025052920993,4.348133679857956,7.598605521163174,13.012485829571007
2023-11-21,3.4774336418807077,3.9525125153787948,3.8394446269892155,4.337151629867069,7.5804245773650205,12.979561110038315
2023-11-22,3.4915558143811674,3.9692664462464435,3.855670326679217,4.35465983284842,7.610770921465476,13.02758272976746
2023-11-24,3.493640041684545,3.965959570597627,3.8538808777641127,4.353959997445752,7.613711144107607,13.04121552358672
2023-11-27,3.4868126647459077,3.957172654765654,3.8462011226083037,4.3445501246366565,7.596352934812681,13.007958392071078
2023-11-28,3.4902301845154167,3.958875116942692,3.8481463519751977,4.34704163994697,7.600859444933116,13.025403986287326
2023-11-29,3.4869276037516084,3.9567633684671017,3.846945191090278,4.344939602073413,7.594414766503535,13.003601440041127
2023-11-30,3.5001226016060802,3.9695055727050876,3.859474266250106,4.3596287867480585,7.619309349852245,13.048187649769273
2023-12-01,3.5206813584257945,3.9902926617223926,3.8804366254505624,4.383603849934123,7.663816856027585,13.121732411023395
2023-12-04,3.501639796481333,3.9685233155235835,3.859545365622958,4.3602703088180945,7.62232340146475,13.05380923501895
2023-12-05,3.499647520382516,3.963578515513201,3.8557525659735767,4.355330046264503,7.614489522191704,13.034811907494829
2023-12-06,3.48597744130448,3.9476045749373734,3.840877324815834,4.338277918220629,7.58348738463917,12.988943687149577
2023-12-07,3.5137543676822154,3.9773502899285935,3.8700408462065568,4.37122199251352,7.640685534358809,13.082879237384796
2023-12-08,3.5281447311959777,3.9892859240935503,3.882075543904095,4.384467849632064,7.663747867744817,13.123012172557878
2023-12-11,3.5419910500827547,4.00249400353292,3.8950584472770777,4.399995140076393,7.693603508173756,13.167381131912503
2023-12-12,3.558281738490773,4.02061827629534,3.912045266826357,4.419222066480775,7.726922193634345,13.233549915713835
2023-12-13,3.6068549623000052,4.075731801452399,3.9640102691863075,4.478133524810791,7.8316434808925806,13.40717148729587
2023-12-14,3.6164025623735663,4.086781522143551,3.974306995366804,4.490170906836434,7.852192854214794,13.445280772074772
2023-12-15,3.616126708759883,4.085661459644567,3.975545398794244,4.49167653563523,7.85426329221152,13.446855059931252
2023-12-18,3.632501685772083,4.103072305933088,3.9932122911698023,4.5110174255443125,7.887450072605866,13.503770492841737
2023-12-19,3.653811377429043,4.126054935176137,4.016548063564885,4.537328921955186,7.934048009269312,13.57955104733132
2023-12-20,3.600157849567829,4.0649357100411105,3.9610049688415114,4.4738299175633305,7.8175492905238935,13.3801705787064
2023-12-21,3.637244835407343,4.099616958066526,3.99612679338529,4.512453379607314,7.888545357650104,13.485375644825156
2023-12-22,3.6432829645068345,4.10141554713341,4.0003521691911565,4.51788446572863,7.894756136030961,13.505362220363612
2023-12-26,3.658700116471525,4.112655792518046,4.012797159452853,4.531420192036018,7.920209588881345,13.545235223936887
2023-12-27,3.663933672531109,4.113555021603712,4.01438286597521,4.534186573813985,7.9236490378232345,13.559362428199492
2023-12-28,3.665289952798381,4.114028791148849,4.015121593070113,4.534618297526008,7.921309181092473,13.555751168694458
2023-12-29,3.654930117084533,4.101406190470546,4.00370677162432,4.521641809812635,7.8996514533823445,13.515849314869865
2024-01-02,3.6342410960583575,4.076195247281122,3.9792150527763828,4.49366976341966,7.850267351613676,13.42867186009816
2024-01-03,3.6051078894133504,4.044932771234169,3.9485130264854886,4.458264933962184,7.785592881437589,13.325047604449114
2024-01-04,3.5927481150003056,4.02929290322112,3.9334713726848736,4.440620545357359,7.757039357007866,13.274888169177446
2024-01-05,3.599307300925641,4.030892213918021,3.936850646117946,4.445224516664841,7.7661502558674975,13.295007892976473
2024-01-08,3.6501103414454716,4.083771682723461,3.9889184889965166,4.504098338882767,7.871477854349412,13.477917817318746
2024-01-09,3.6447158707779064,4.077220552887729,3.9813995270264377,4.496552483823302,7.85851100707085,13.4533864188706
2024-01-10,3.665366578802181,4.099522367603844,4.0027881164873245,4.520375917020782,7.9003080257987195,13.526469299994904
2024-01-11,3.66290688408018,4.096251754701026,3.9996566581513426,4.516796235761368,7.894939006764472,13.515635112334998
2024-01-12,3.665657757616624,4.102193005098165,4.005399399378437,4.5239000733568755,7.906680616268958,13.53512275616569
2024-01-16,3.6519800159382076,4.083516465104492,3.9909576010656824,4.506720742314424,7.875087349884449,13.47842556105443
2024-01-17,3.631467234720774,4.059284243770705,3.969251051616938,4.481807245806295,7.82974219211199,13.401039675895799
2024-01-18,3.6634432661067846,4.085681472957811,3.997792260477987,4.513947425406027,7.883113932956475,13.481643308231707
2024-01-19,3.708552994544228,4.129512334291618,4.042418235381155,4.564314403056568,7.972304759572527,13.62670073110882
2024-01-22,3.7166906761478566,4.131848913930427,4.045783292025215,4.568370011801508,7.97761648686926,13.644322161206354
2024-01-23,3.727548580886409,4.140675163128211,4.05464899193633,4.578373594617019,7.997518662108752,13.680553750194179
2024-01-24,3.730575308036534,4.14663417002896,4.060130035846651,4.583892200711135,8.004327264396261,13.693738599654466
2024-01-25,3.7501992276098806,4.17009028589866,4.08270266418442,4.609018864580355,8.04707173128651,13.765431691929063
2024-01-26,3.74775485808864,4.166515426897608,4.079381399187026,4.604849044705793,8.039463070236973,13.75224725129093
2024-01-29,3.7760758290933603,4.197276370465292,4.109916648760649,4.63956824506931,8.098897187238379,13.852877537724147
2024-01-30,3.773807699380861,4.192156850417271,4.105954159421052,4.63534803102687,8.094055815676501,13.846718409534395
2024-01-31,3.713027953166185,4.132144868204159,4.045773705380097,4.5666183099905115,7.9692895235331935,13.63617700304781
2024-02-01,3.759417335867098,4.180001374506113,4.093862408015803,4.621339117813536,8.064035253291685,13.794145341478282
2024-02-02,3.7995846870593994,4.220392495476706,4.135061286656641,4.667705004543747,8.146789061713575,13.937781916901766
2024-02-05,3.787477778458897,4.19974590164233,4.116735609279663,4.6470060250891,8.11587440743711,13.892242098666378
2024-02-06,3.796228468092931,4.206820139689762,4.123783130796497,4.655500248259541,8.131916665813074,13.922084302242427
2024-02-07,3.8275148654447366,4.240572765942889,4.157368802997573,4.693778814067261,8.199046141841064,14.037529923532139
2024-02-08,3.8296987065530543,4.242989470518925,4.15960407204292,4.696786992002789,8.203791957943604,14.046490024645694
2024-02-09,3.851690369643841,4.266166313874797,4.18315344563467,4.723039598353882,8.25328555103735,14.124706169436308
2024-02-12,3.8480353092625506,4.261831564765374,4.180272814052975,4.718725207830488,8.24472977044156,14.112934673241247
2024-02-13,3.795416232452644,4.208820784234944,4.130772132744935,4.661108957309891,8.137221790498094,13.922989422054549
2024-02-14,3.831775271256052,4.240358328779229,4.1613430101833675,4.698031481147091,8.20628413083614,14.044313380247832
2024-02-15,3.854081100962421,4.262803674931081,4.183727313565458,4.723344738960708,8.252212280944137,14.119803966750398
2024-02-16,3.835568258444184,4.241667909966934,4.163198766806149,4.699823663616011,8.214116726738403,14.054005687581878
2024-02-20,3.8125344817017095,4.222693867708667,4.1417220912277015,4.6743798113355,8.165205468352935,13.971802875684611
2024-02-21,3.81735425734077,4.222851657613877,4.143593651326451,4.676190777297816,8.165820452940922,13.973440872752201
2024-02-22,3.8979878011401934,4.302937813853223,4.225574184714841,4.768255749265988,8.328022636301315,14.2419730492547
2024-02-23,3.8993440814074654,4.298162774744076,4.222524176013804,4.765428593911157,8.323254096052468,14.250719109085209
2024-02-26,3.88457825047508,4.27885539682462,4.204436926074248,4.745447570421257,8.290196757962681,14.195763344794493
2024-02-27,3.8912063998038366,4.283555668597772,4.209182638823552,4.751460416316758,8.299870428768703,14.208446372458127
2024-02-28,3.884754490283822,4.278479303732598,4.204003203783931,4.744572465346689,8.286190936374195,14.182999749162487
2024-02-29,3.905068043891374,4.295042342731829,4.22238118603958,4.76627897562441,8.32305575781531,14.25191973566223
2024-03-01,3.9363391160424186,4.330155565490182,4.25653414472195,4.803760187827075,8.38974270292087,14.352950451724029
2024-03-04,3.9316419420094393,4.323017396648154,4.250653891665004,4.797376738798775,8.376904244630978,14.335906420261788
2024-03-05,3.891566542021699,4.285088577554854,4.212369253960945,4.753307083999102,8.298525157132703,14.19593767581442
2024-03-06,3.911573591614049,4.305300052378871,4.23268329766279,4.7768828633473985,8.339923653935134,14.267157792071258
2024-03-07,3.9518788696131906,4.346326594565016,4.27487213474167,4.823798998847051,8.41994595016944,14.408206774766668
2024-03-08,3.926078894133512,4.322614477867672,4.250460792464601,4.796825387362063,8.371448686876457,14.323203619199335
2024-03-11,3.9216728989149745,4.3163644890978325,4.244351851997047,4.789679314222675,8.362106990763818,14.310628453846007
2024-03-12,3.9656025868938873,4.352824170441894,4.284746610149794,4.836587451961817,8.45002323164892,14.460758049434737
2024-03-13,3.9579706369153427,4.3430399424461354,4.275316968981802,4.826311357365072,8.432016819183161,14.435100382636415
2024-03-14,3.9466070005517055,4.3334362307294025,4.266398562448726,4.815285143677821,8.413458669726698,14.402068111548557
2024-03-15,3.9210215778826694,4.3062595281671605,4.240907081453948,4.786997779777381,8.361097209549705,14.31605418398898
2024-03-18,3.9457947649114193,4.326854618471115,4.261700126199813,4.810080935489816,8.403288343585666,14.393673149825423
2024-03-19,3.968085269417028,4.348144825120673,4.282560931280394,4.834056350645848,8.446629485360946,14.460494228514435
2024-03-20,4.003417519769508,4.385999800502632,4.317793752255656,4.874036003115879,8.516182346377029,14.576673624324922
2024-03-21,4.016374977012197,4.400195523182271,4.331768719306015,4.889811303293249,8.543745813859301,14.623852471970748
2024-03-22,4.01074296573285,4.394025294814717,4.325694443266976,4.882954505167663,8.531765241062454,14.603345994726704
2024-03-25,3.9984904677251256,4.380601900039586,4.31247979376164,4.868037470878121,8.505701382692166,14.558733944232511
2024-03-26,3.987295408569851,4.368336997121223,4.300405620573839,4.854407835420322,8.48188693798986,14.517972089465776
2024-03-27,4.021708146876723,4.406038351677262,4.3375206868205325,4.896304271314213,8.55509068279346,14.643270850422251
2024-03-28,4.026198430699441,4.410957744634252,4.34236357900948,4.9017710518605995,8.564642540832853,14.659620232279412
2024-04-01,4.018091399497333,4.402075973732384,4.333619927241722,4.891900994150571,8.54739703604501,14.6301020650356
2024-04-02,3.989004168454606,4.370209052802808,4.302248564188404,4.856488197300603,8.485521860076524,14.52419378256159
2024-04-03,3.993356525470482,4.374977338126306,4.306942698596803,4.86178705626024,8.494780316333134,14.540040964976034
2024-04-04,3.944101330227425,4.321015123232915,4.2538196422989305,4.801820391836744,8.3900032796826,14.36069996399001
2024-04-05,3.987877766198736,4.368975007129297,4.301033708980596,4.855116837675485,8.483125745517153,14.520092487112779
2024-04-08,3.9863835591246235,4.3673380077664765,4.299422166357995,4.853297687152371,8.479947226203704,14.514651993150073
2024-04-09,3.9921458346104317,4.3736509488989945,4.305636935856439,4.860313077887665,8.492204900684287,14.535632769867789
2024-04-10,3.9543922025378526,4.3322894316650595,4.26491862559203,4.814349208003631,8.411894312697795,14.398169622410084
2024-04-11,3.983831913198062,4.364542516546891,4.296670147417859,4.8501911377975135,8.474519293222276,14.505361303459914
2024-04-12,3.9258643413228698,4.301035336137975,4.234150557982045,4.779617426477701,8.351209043959472,14.294298037675954
2024-04-15,3.87867038558205,4.249331340878424,4.183250604071248,4.722160256878398,8.250816733951593,14.122462128361558
2024-04-16,3.8706936185864023,4.2405922827415194,4.174647445762897,4.712448791778079,8.233848330847485,14.09341826059142
2024-04-17,3.8483188254766123,4.216079266641846,4.150515628029575,4.6852081788165645,8.186252041640957,14.011950350996027
2024-04-18,3.8398210016551206,4.205275758862122,4.141836834834926,4.67420601286349,8.16506268035517,13.974357922846654
2024-04-19,3.806189848587015,4.174239234129397,4.109881807593822,4.637684930778798,8.101404690028428,13.868200207157491
2024-04-22,3.8394225464353577,4.192830032570598,4.131478232661563,4.66303532012632,8.148849126320506,13.950039551896243
2024-04-23,3.885359835713847,4.233813831211458,4.174333910763733,4.710734552545089,8.22793564173654,14.083872322759373
2024-04-24,3.886187396554894,4.233578055651329,4.1737998203311975,4.710326312837622,8.226585359666782,14.08078491238137
2024-04-25,3.868402501072763,4.217008461924952,4.156577230588955,4.690317392019169,8.19011271074441,14.013746871089399
2024-04-26,3.9078955434316183,4.254402840336817,4.19500318086213,4.733840799542875,8.266051172095517,14.146532567432441
2024-04-29,3.9203166186477034,4.265381460884186,4.205875848061615,4.746308393600391,8.28868645120757,14.18243329451861
2024-04-30,3.85864801078894,4.200535217091399,4.142307402913313,4.673656837890444,8.159610412538996,13.960139733196865
2024-05-01,3.845391712131428,4.184797300151252,4.127857372254905,4.657585484316135,8.132116099400912,13.912399285138887
2024-05-02,3.8804940844725055,4.2203762434309775,4.163042973893148,4.697516659031735,8.202094323103228,14.033750771896555
2024-05-03,3.9292205602893384,4.268918635155534,4.211160069089016,4.751884845580139,8.300073998704914,14.206546295498107
2024-05-06,3.9697940293017826,4.311338259395123,4.251849190924968,4.798172274462363,8.381208651752502,14.341358290028756
2024-05-07,3.9751271991663075,4.316669317846596,4.257272363217245,4.8043536060248595,8.392480678371319,14.35964835486722
2024-05-08,3.975104211365168,4.3157377012321705,4.256871046478322,4.804116165333531,8.390459354755267,14.360138023413448
2024-05-09,3.9953411389689193,4.337006827728192,4.27751801431291,4.827127921818879,8.43293180848228,14.433085003464482
2024-05-10,4.0019309752957755,4.34347420598559,4.283901468894599,4.834096505815226,8.445266669304916,14.452275222062566
2024-05-13,4.000965487647887,4.341973688326929,4.283083466195157,4.83307782237922,8.442478675582937,14.449729109753104
2024-05-14,4.020321216207932,4.362513730089286,4.302865843218053,4.855624874652061,8.482202021387044,14.514618095410357
2024-05-15,4.06742322074419,4.412920941466962,4.351103188851187,4.910784110124979,8.581437369492209,14.688968009737557
2024-05-16,4.058956047324219,4.403510704162255,4.342216936339887,4.900948435492109,8.563135401885468,14.656451196116857
2024-05-17,4.06368387175872,4.408411870741052,4.346682856309976,4.906215267637381,8.57449641315203,14.674554846170684
2024-05-20,4.067407895543431,4.412224306862766,4.350586642243687,4.910402211250598,8.580545359648545,14.685537846163031
2024-05-21,4.077583828848157,4.42280786656995,4.360737890134213,4.921914950071329,8.600797839282212,14.71822720952279
2024-05-22,4.066549684300863,4.410613471075947,4.349523378779721,4.909137266822586,8.577983285810499,14.680937636313129
2024-05-23,4.036535278612149,4.378059598054784,4.317420399748816,4.872903887435428,8.514670873490717,14.572580514842771
2024-05-24,4.064794948813828,4.408710270432127,4.347646538800635,4.907018950795101,8.574281845314907,14.674602742053054
2024-05-28,4.0658064120639965,4.409807311851272,4.348728385426134,4.908239988854612,8.576415426735947,14.67825429682305
2024-05-29,4.035853307178322,4.377319926188845,4.316690972857381,4.872080611774091,8.513232322381077,14.570118481702394
2024-05-30,4.011739103782258,4.351165461446031,4.290898765808553,4.842969954400747,8.462365801684026,14.483062096390368
2024-05-31,4.0439450131796715,4.38609625754201,4.325345745861372,4.8818489162501795,8.530300973749393,14.599330919862389
2024-06-03,4.048458284803529,4.390991389328955,4.330173076637273,4.887297336076331,8.539821272665998,14.615624599858823
2024-06-04,4.054542389505301,4.397590259683514,4.336680548005805,4.894642065010057,8.552655088183464,14.637589255066244
2024-06-05,4.102579231287929,4.44969141617309,4.388060066909237,4.952632122548502,8.653984042187215,14.811010443347492
2024-06-06,4.101759333047261,4.448802147749995,4.387183115477961,4.951642341697233,8.652254548156526,14.808050470920296
2024-06-07,4.097184760620363,4.443840528604313,4.382290218239909,4.946119919564444,8.642604941275007,14.791535484574162
2024-06-10,4.107759149144853,4.455309597986291,4.393600432961034,4.958885317459332,8.664910565222236,14.82971082989688
2024-06-11,4.118892907497086,4.467385364516735,4.405508941649292,4.972325986402283,8.688396124349282,14.869905595660585
2024-06-12,4.1539186538343635,4.505374579114576,4.4429719789610775,5.0146090543570185,8.762279462800576,14.996354511218662
2024-06-13,4.163657818917427,4.515937758233773,4.453388850635389,5.0263661708239775,8.782823265725886,15.031514557526759
2024-06-14,4.162018022436093,4.514159221387583,4.451634947772838,5.0243866091214375,8.779364277664504,15.025594612672368
2024-06-17,4.193917427818303,4.548757580689881,4.4857540955149,5.062895559437683,8.84665290990531,15.1407569043959
2024-06-18,4.2044918163427925,4.560226650071859,4.497064310236025,5.075660957332572,8.86895853385254,15.17893224971862
2024-06-20,4.1938714522160225,4.5487077151708295,4.485704920668287,5.062840057707706,8.846555928931629,15.14059092463363
2024-06-21,4.187319928891068,4.541601878705908,4.47869750502585,5.054931061185873,8.832736140181714,15.11693880850977
2024-06-24,4.174485073254458,4.527681087970537,4.46496952701289,5.039436828233743,8.805662285028374,15.070602791541978
2024-06-25,4.190906025868938,4.54549138919197,4.48253314306171,5.059260196124139,8.840300656129036,15.12988522996704
2024-06-26,4.197495862195793,4.552638780256101,4.489581537742991,5.06721544408762,8.85420126235702,15.15367566255946
2024-06-27,4.201304174584686,4.556769307417581,4.49365485420415,5.071812837387446,8.862234519677145,15.167424319534382
2024-06-28,4.18414761233372,4.538161157891315,4.475304440609512,5.051101441817406,8.826044452997545,15.105486204912953
2024-07-01,4.195342671488995,4.5503034117804955,4.487278515759922,5.064616113066995,8.849659320089504,15.145902277026355
2024-07-02,4.221334211978176,4.5784940518846025,4.515078695712138,5.095993091081097,8.90448589721197,15.239736169297851
2024-07-03,4.242797155642738,4.60177293836208,4.538035153272914,5.12190314869239,8.949759848426599,15.317221054985483
2024-07-05,4.265915220989394,4.626846983525432,4.56276190531178,5.14981126858288,8.998525114693837,15.400681212114934
2024-07-08,4.270252252804511,4.631550964156012,4.567400732508996,5.155046931777451,9.007673653211326,15.416338636355992
2024-07-09,4.273416906761477,4.634983374050762,4.5707856011175645,5.158867300857587,9.014349176899879,15.427763576659094
2024-07-10,4.317040090725188,4.6822974407113405,4.617444334746092,5.211529192318166,9.106367957430008,15.585250707762164
2024-07-11,4.279209832648807,4.641266429451324,4.576981631790877,5.165860518834787,9.026568779584014,15.448677026705454
2024-07-12,4.302818304419787,4.666872373484566,4.6022329155269555,5.194360657178375,9.076368509570546,15.533907634632481
2024-07-15,4.31497885122295,4.680061803273839,4.61523966245625,5.209040864757497,9.10201997710986,15.577809281753607
2024-07-16,4.342548887390423,4.7099644928654,4.644728178808864,5.242323402167503,9.160176234328793,15.677341812529797
2024-07-17,4.282067982590571,4.644366402552395,4.580038668088688,5.169310876381739,9.032597763448011,15.458995435260073
2024-07-18,4.248597744130447,4.608064304682483,4.5442393797539955,5.128905616957918,8.961995614606346,15.338162168325557
2024-07-19,4.218261509225769,4.575161373027956,4.511792176796796,5.0922837254609155,8.898004335470782,15.22864318851929
2024-07-22,4.263785018083736,4.6245365478093525,4.560483470752017,5.147239688427243,8.994031662913164,15.392990816462966
2024-07-23,4.257141543554219,4.617330980306328,4.553377705416354,5.139219688445454,8.980017912215883,15.36900674081456
2024-07-24,4.158592840066204,4.510444240218203,4.447971421700126,5.020251730238093,8.772139195125074,15.013229120383054
2024-07-25,4.137206522405442,4.487248462939146,4.425096922217039,4.994434175510097,8.727026878866585,14.93602086763254
2024-07-26,4.183090173481271,4.537014250953118,4.474173419137401,5.049824902027917,8.823813890602825,15.101668670380683
2024-07-29,4.18649236805002,4.540704299362971,4.477812357786806,5.053932030046273,8.83099048265541,15.113951172788862
2024-07-30,4.165726721020044,4.5181817065911165,4.455601718733001,5.028863748672977,8.787187409541648,15.038983646829031
2024-07-31,4.231517807883282,4.589539264354637,4.525970924237047,5.108286724271175,8.925967182882887,15.276500686641251
2024-08-01,4.173573223809231,4.526692088509337,4.463994225888388,5.038336043922518,8.803738829050317,15.067310859590238
2024-08-02,4.0968552688040205,4.443483159051107,4.381937798505845,4.94572215716627,8.641909910963609,14.790345962944542
2024-08-05,3.974077422914239,4.310317290422539,4.250616370624255,4.797504787260619,8.38292222074154,14.347097007795323
2024-08-06,4.015225586955188,4.354946929974147,4.294627858343417,4.847178835590729,8.469720192188365,14.495648895029381
2024-08-07,3.9841690676147845,4.321262771854469,4.261410249455938,4.809687416990742,8.404209544465091,14.38352956561418
2024-08-08,4.075974682768344,4.420835902481623,4.359604222335507,4.92051512146803,8.597864385415637,14.71496348757903
2024-08-09,4.095016244712804,4.441488538289025,4.379970804641301,4.9435020879671585,8.638030672016262,14.783706772453634
2024-08-12,4.095192484521546,4.441679689445391,4.380159308219987,4.94371484459874,8.638402432415385,14.784343028209014
2024-08-13,4.164186538343651,4.5165112117028725,4.453954361371446,5.027004440718723,8.783938546923247,15.033423324792897
2024-08-14,4.180109421933426,4.533781303134575,4.470985249915286,5.046226539867692,8.817526290809003,15.090907649126672
2024-08-15,4.247547967878378,4.606925708664128,4.543116554089652,5.12763832745676,8.959781215707238,15.334372297086995
2024-08-16,4.25599981609759,4.616092653249868,4.552156530058784,5.13784139548434,8.977609551369406,15.364884910051456
2024-08-19,4.29737785814994,4.660971620396736,4.596413892011014,5.1877929524643385,9.064892427684653,15.514266696096877
2024-08-20,4.288849383926928,4.651721566612576,4.587291957964192,5.177497381553461,9.046902457066343,15.483477450195295
2024-08-21,4.307032734628823,4.6714433793976715,4.606740609799868,5.199448315759671,9.08525843215821,15.549122446174144
2024-08-22,4.268558818120517,4.643371464124086,4.573809179014964,5.162369396413523,9.02413047465406,15.444271122822562
2024-08-23,4.317576472751791,4.67252264564142,4.611844602911576,5.204407114508845,9.094887233751871,15.562290161491278
2024-08-26,4.303960031876416,4.656402965744728,4.596554167682211,5.187095634862289,9.065754519603198,15.513514575841118
2024-08-27,4.310825721816955,4.656780410235157,4.59911105063782,5.190657644499453,9.071826307740295,15.525904346285408
2024-08-28,4.2850640593391764,4.643607480656845,4.580168842441053,5.1698833100861625,9.034634535982802,15.452666866015267
2024-08-29,4.284895482130815,4.632185026372844,4.5737376458604135,5.162034616670403,9.022045568227464,15.435693302104372
2024-08-30,4.328143198675901,4.672877163636604,4.614752944011216,5.209139463011016,9.100272590088593,15.572220611101825
2024-09-03,4.236598111935265,4.643027396890768,4.561054619078116,5.1476033168435595,9.01418720124868,15.411990032557478
2024-09-04,4.229809047998527,4.627743644544272,4.554458676124188,5.133093983654673,8.951330889060209,15.278196069474074
2024-09-05,4.217043155765339,4.595050567013443,4.529384700334636,5.105811753600605,8.905442246266398,15.212874899787614
2024-09-06,4.144256114755103,4.546372146499941,4.47510962030105,5.037114915284794,8.769793603885276,14.975568883905419
2024-09-09,4.192246980935449,4.548440585524166,4.499423992328302,5.066785761850705,8.829161474711855,15.088934648282073
2024-09-10,4.210997364065468,4.554334877931103,4.512621756248278,5.080721752471629,8.85541497657014,15.138206288301747
2024-09-11,4.255907864893029,4.586320440824159,4.546711686849979,5.123366559816113,8.9393072396898,15.296962543095107
2024-09-12,4.2878072702752394,4.613827950765734,4.577227204368456,5.158832130144145,9.005774539745401,15.40420040178142
2024-09-13,4.3109942990253165,4.634728349342862,4.598251527128499,5.1848867962303,9.05158188398125,15.4843275041053
2024-09-16,4.316411757494022,4.638546933066569,4.60499226845147,5.191807845864035,9.064738355159049,15.50377488606412
2024-09-17,4.317553484950651,4.638274017958418,4.611650655102868,5.193790621754286,9.072081206271635,15.518437209786567
2024-09-18,4.305048121130386,4.622597942647005,4.599614527907743,5.175201120545948,9.038546144384005,15.463844448454852
2024-09-19,4.378134003555445,4.6881832283507245,4.670030951065646,5.253467057214584,9.177075837345305,15.707275402401656
2024-09-20,4.369636179733954,4.67364673972824,4.658131802533776,5.239370544859069,9.157297094281384,15.678807661366609
2024-09-23,4.381911665542817,4.684054398089189,4.670097954816036,5.252482599496607,9.178640538418573,15.710058809059218
2024-09-24,4.392915159688591,4.691569033467595,4.679283233386689,5.261637652685268,9.194103938280538,15.73051975191821
2024-09-25,4.384739165083062,4.683097873762074,4.67132128051551,5.25215976633378,9.17800237456684,15.7020509971922
2024-09-26,4.402447434561391,4.6999410865387805,4.688920231809444,5.271984389050587,9.208641047497112,15.749185287553807
2024-09-27,4.396930362287745,4.705962984548123,4.691591798446409,5.275125152057019,9.213322132934183,15.754198990088836
2024-09-30,4.415558143811682,4.720261681107171,4.70708627434122,5.292406106915329,9.240652687230241,15.799429696467111
2024-10-01,4.374386991969593,4.694766001994362,4.678301963105857,5.258842178836701,9.178497400558829,15.69228000406811
2024-10-02,4.374992337399619,4.688805788467894,4.675502673694436,5.255508008122194,9.16638675813973,15.666218745812296
2024-10-03,4.367636241034756,4.6928727573562785,4.678673151669023,5.257254971835004,9.17400723398334,15.686151390686662
2024-10-04,4.406815116778028,4.7215335649125025,4.709718533837274,5.293422880990424,9.23589183550286,15.791456233973243
2024-10-07,4.364571200882731,4.709865928403529,4.690987314503192,5.266152465437769,9.181547651141205,15.686112208877066
2024-10-08,4.406861092380309,4.724664172518632,4.719895624242379,5.297800814242093,9.237992020030466,15.789143858961754
2024-10-09,4.438208790535154,4.7434593786164285,4.744798644281525,5.325263805103066,9.287841214579347,15.874855489096594
2024-10-10,4.429021332679457,4.727309298019101,4.737678075130649,5.311946993911387,9.266568964341989,15.843329387082472
2024-10-11,4.4558251088089245,4.749198658925133,4.762108681472261,5.338716615184248,9.31835440224074,15.931629096584023
2024-10-14,4.490168883712376,4.776461739740172,4.786433649907293,5.371490694053758,9.37803534604454,16.039712819904313
2024-10-15,4.456001348617666,4.739040191450831,4.759791969171715,5.333252570886657,9.314747476998416,15.929254801516993
2024-10-16,4.476851284251823,4.759002948236123,4.768188333919134,5.354918239685121,9.352991005963228,15.996408058805704
2024-10-17,4.476085024213816,4.752222893111125,4.763775118196246,5.348875667854826,9.335070115928414,15.959476448567019
2024-10-18,4.493862257095567,4.762966696949752,4.777412672873074,5.362970714172814,9.361483484860436,16.00872904043753
2024-10-21,4.485670937289277,4.753350589718479,4.76858975277771,5.3526579818380435,9.341773189302353,15.973075915047273
2024-10-22,4.483540734383618,4.747126348607245,4.764233185175132,5.346421827081611,9.33464420658534,15.962207935678128
2024-10-23,4.44233126953963,4.715904147938684,4.7292020217086135,5.306565487902932,9.261825005741427,15.837853964161477
2024-10-24,4.45186354441243,4.723944647353822,4.736834245061269,5.316643933551096,9.277952135544,15.862485021940804
2024-10-25,4.450530251946299,4.7356835108135495,4.743462968921146,5.3248328314758515,9.291244786357547,15.893112449842876
2024-10-28,4.4623306565316,4.733765446869614,4.746071839829504,5.327570556189303,9.295933406027835,15.89274549772184
2024-10-29,4.46953350088886,4.73875710064776,4.75279095463186,5.334135333484493,9.306739727959712,15.908946749832115
2024-10-30,4.4547829951572355,4.726220573343269,4.74069952888574,5.319339608619631,9.27908136221696,15.865302879304508
2024-10-31,4.371858333844171,4.659261520011236,4.667687261848245,5.235325455265383,9.134415909307716,15.616121644068793
2024-11-01,4.389750505731624,4.671121886578774,4.684082759477876,5.252493290851893,9.159230198401243,15.646946030423909
2024-11-04,4.377406056519339,4.64857282804139,4.663978402598873,5.230694589021292,9.125422869651896,15.586301475871563
2024-11-05,4.431097897382454,4.690940195477915,4.710260380859503,5.283221929579102,9.220497582721498,15.75666501605408
2024-11-06,4.543186415742045,4.792374436621297,4.810931449489486,5.401528125451888,9.435724174555999,16.13488670678556
2024-11-07,4.576947833016612,4.824519695774105,4.842218468075917,5.436896668262072,9.49911431396212,16.24977033605401
2024-11-08,4.5941427082694775,4.840624270620743,4.85929145720755,5.455899965904038,9.533042905327989,16.304940506504337
2024-11-11,4.598594679090295,4.845110378217158,4.863347070433728,5.4612647634752385,9.543637550538609,16.322910661090784
2024-11-12,4.5852924048305015,4.830115532969196,4.8489872184101195,5.44526876539617,9.515386101277807,16.274833112530935
2024-11-13,4.58635750628333,4.829643468109005,4.849079979726541,5.4454000739315624,9.517435372091146,16.286667290626113
2024-11-14,4.558611230307116,4.80004520140444,4.819389027860072,5.411754065112647,9.455969857709528,16.178871895860905
2024-11-15,4.498421504321706,4.737697482410885,4.76019034941984,5.343914454133528,9.337354308210676,15.975412225454779
2024-11-18,4.516045485195854,4.753855402386513,4.774770069883124,5.361767216164213,9.369145764716936,16.028856600774457
2024-11-19,4.533945319683687,4.772294843855085,4.794546416094199,5.383764204272632,9.408909465724017,16.085951517678172
2024-11-20,4.534044933488627,4.771603191062524,4.79685809958038,5.386345150790653,9.412314735428525,16.094927432486365
2024-11-21,4.558258750689633,4.792961983424459,4.820141104916708,5.411840501909269,9.451692705810512,16.15779866026681
2024-11-22,4.574066695273706,4.799630682169854,4.83045658480401,5.424470041452677,9.47034960044978,16.18300041520261
2024-11-25,4.587882363758964,4.803707837408557,4.839028684844154,5.434023457010756,9.48551476292632,16.209272924609337
2024-11-26,4.614134432661067,4.828221920853499,4.86514273312604,5.461876207818758,9.533796849913255,16.29041883214682
2024-11-27,4.596594740391097,4.810205759090615,4.846545426537646,5.441738152331963,9.495270788495084,16.227612851878582
2024-11-29,4.622371728069636,4.833193172486243,4.87058726439803,5.468707617535706,9.538898649889653,16.306976084815773
2024-12-02,4.633689388830992,4.842663386805304,4.8809638494325975,5.479675092100992,9.557438864743062,16.336422652199733
2024-12-03,4.6357812787347505,4.842005695924652,4.88182978662988,5.480886791764409,9.56244532529197,16.342530120860065
2024-12-04,4.6638340587261675,4.871233056730273,4.9117529801027136,5.514695724220489,9.621876929260008,16.4455337062668
2024-12-05,4.655114019493654,4.862147906061932,4.903188092497932,5.5055177193509035,9.605961900608099,16.4287925996633
2024-12-06,4.666730521669833,4.871929475170815,4.913958649904933,5.517582278602538,9.631839485361825,16.4707827338238
2024-12-09,4.63805707104763,4.84386092728353,4.886584136349921,5.48674542847399,9.576101896130503,16.37559982519884
2024-12-10,4.624310365965792,4.828506944552035,4.871811003893257,5.4703817888721735,9.547256485376687,16.322469125977598
2024-12-11,4.662071660638753,4.865785923809251,4.9098887122746175,5.513312184168242,9.626520050780725,16.461082760701746
2024-12-12,4.636831054986819,4.839230559160798,4.883788630510505,5.483890225672719,9.575230990095067,16.36314128427268
2024-12-13,4.636708453380738,4.838586975682736,4.882654560506095,5.481810073881473,9.57131718876323,16.359918378081932
2024-12-16,4.654324771654507,4.851524481479007,4.901185971994195,5.502095650371625,9.607878573309826,16.425785689167732
2024-12-17,4.636340648562494,4.8312398090846305,4.882559151678315,5.482099041436136,9.572803763572516,16.361417850701017
2024-12-18,4.499601544780235,5.029493641736608,4.876326077699904,5.3435494055751604,9.319810591646213,15.923732291961795
2024-12-19,4.495708943787163,5.051084277628341,4.891037840261037,5.357800624014627,9.332694586599617,15.937898403395694
2024-12-20,4.544573346410837,5.067060433860699,4.915839896671025,5.387175107863585,9.386341151354927,16.041061761108963
2024-12-23,4.577691105253477,5.092260373458206,4.941740399690243,5.416577621214404,9.445501292254523,16.14218739450529
2024-12-24,4.628241279960766,5.139190471307923,4.989393183011388,5.468832996474771,9.538448179264911,16.30796665783374
2024-12-26,4.62636394286765,5.1363623641891945,4.987167063327087,5.466075211837854,9.533258689755638,16.29677641303724
2024-12-27,4.575216085330717,5.08482985790205,4.937202125266485,5.4111672061819105,9.435852222598587,16.134961035176996
2024-12-30,4.526252068902101,5.031585273880895,4.885773799936141,5.355143922238684,9.33647193903508,15.961805613537184
2024-12-31,4.506858027340157,5.011250092605352,4.865535868797137,5.3332804453945855,9.299905628441012,15.899635916043943
2025-01-02,4.496835346043032,5.001097467625558,4.856542446411324,5.321979877930215,9.276557899913044,15.863125118677322
2025-01-03,4.5534772880524725,5.051953616630492,4.908838265654241,5.378717789960717,9.37745431752658,16.032026357941106
2025-01-06,4.578694905903266,5.079108424280538,4.934667541762517,5.407174702562266,9.42648417677997,16.119375580365894
2025-01-07,4.527853552381535,5.031293109392401,4.887451575508873,5.355151980946733,9.333314280108427,15.956024092409468
2025-01-08,4.534918469931955,5.034231693172057,4.892731076508079,5.360083073742668,9.340787788105475,15.96808820331304
2025-01-10,4.465027891865382,4.965524428327291,4.827214879887407,5.287790515252709,9.213668012543897,15.756759818685055
2025-01-13,4.472062159014282,4.9629867331124995,4.829435723493087,5.288868861373206,9.213285713774125,15.749085557002005
2025-01-14,4.477188438668545,4.966970396882068,4.832292093459192,5.292442152441753,9.221010070482002,15.761792910632744
2025-01-15,4.55917826273524,5.0481281847896415,4.908767523068852,5.377871497598283,9.377019073084458,16.02646029099814
2025-01-16,4.549546374057499,5.036531327708185,4.897342393605019,5.365388745647367,9.357701999480447,15.995242865325446
2025-01-17,4.595000919512044,5.086830717915458,4.9472208600515115,5.419968595211798,9.450165846304271,16.15140805522737
2025-01-21,4.635290872310426,5.129538362496448,4.98698171370076,5.464212637987105,9.52832577468013,16.28314296138019
2025-01-22,4.663742107521607,5.160834450030973,5.0179620217643235,5.497945761350691,9.588256836096576,16.38469505642232
2025-01-23,4.688522957150737,5.184463633306756,5.040943572936079,5.524221988706185,9.631141895782187,16.475110024169357
2025-01-24,4.675136394286763,5.1697983763369,5.027037047174402,5.509404655127029,9.602926968390708,16.4201481388586
2025-01-27,4.606969901305706,5.120631514252148,4.9691789655509275,5.442855919139588,9.478611633191234,16.18427359590172
2025-01-28,4.649436032612026,5.144868619611986,5.0008199103799305,5.477995164002736,9.54520683558898,16.303803366012136
2025-01-29,4.627681910133022,5.117224547846455,4.975925315022962,5.450610815115863,9.495483869580735,16.216214879589028
2025-01-30,4.652094954943909,5.138104958211372,5.000173450170599,5.47566798824451,9.532081643260213,16.278393624395427
2025-01-31,4.6286167473793896,5.121474203386691,4.981946263130086,5.4551204799227975,9.49518174737362,16.214611590724207
2025-02-03,4.593399436032611,5.093449158414136,4.949935159722825,5.41961527935222,9.439436162646338,16.1076781118232
2025-02-04,4.6265861582786725,5.107813711338659,4.973740035361768,5.444479728610288,9.479859506827358,16.18547089381639
2025-02-05,4.644669895175625,5.117655024924347,4.987645767927506,5.461045369437575,9.508347773911114,16.23821534263368
2025-02-06,4.661596579415189,5.132093349383534,5.004174284303111,5.4791378761033025,9.540957942879531,16.296551566165718
2025-02-07,4.617475326426775,5.092847707104048,4.964864452912463,5.434244156694235,9.460009717309461,16.15973368310256
2025-02-10,4.6484705449641375,5.113021838211555,4.988396820054958,5.460833138016052,9.50656109152801,16.24548333714641
2025-02-11,4.650049040642431,5.11387142607535,4.989645758618439,5.462847449457409,9.514884270906885,16.261125621701606
2025-02-12,4.637382762214184,5.0935442116917695,4.972217358496887,5.444011621514266,9.484691909176197,16.211108349067597
2025-02-13,4.685733770612393,5.139769471148145,5.018637694665178,5.496221801523607,9.577359731139458,16.373325860763178
2025-02-14,4.685396616195671,5.13852042376915,5.017677598228232,5.496441950864344,9.577942390771383,16.373915008277365
2025-02-18,4.696852203763868,5.146671818863287,5.027862380296687,5.507100220662239,9.60019470890157,16.42389852191911
2025-02-19,4.708016612517622,5.157729743064621,5.037612171349216,5.517436728780239,9.615002275327825,16.431059026849443
2025-02-20,4.68761110770551,5.135814440676581,5.01624094295855,5.4932719635037985,9.575081045059628,16.365096402114975
2025-02-21,4.607621222338011,5.062655855744606,4.948317852462044,5.419023682786285,9.436902493719918,16.123095468600606
2025-02-24,4.584725372402377,5.039334437182676,4.924797557858629,5.3936339707123055,9.395628947552337,16.061194427779935
2025-02-25,4.563270091338195,5.014985757417939,4.900728474627815,5.36688232577721,9.35161943800389,15.98975896515114
2025-02-26,4.563890761968981,5.013069262860342,4.897542653057844,5.362845523665507,9.342531076938924,15.969868310173526
2025-02-27,4.491486850977746,4.946195924719868,4.836079848364544,5.296640778631139,9.221714005139452,15.764623909739791
2025-02-28,4.56269539630969,5.015009876139818,4.900115284672045,5.364787379732349,9.335112644608222,15.94705345474998
2025-03-03,4.48240666952737,4.952533211606776,4.842687783406914,5.3006778022790195,9.209858240168874,15.715495645816775
2025-03-04,4.427565438607244,4.900391663031806,4.792989229320139,5.2461996363841354,9.109396002064708,15.535395268384686
2025-03-05,4.476973885857904,4.933045315798654,4.820498943957935,5.271632339304867,9.15698671929284,15.625583675871773
2025-03-06,4.397198553301047,4.882347303948898,4.781898198619846,5.223479162650977,9.04217629245877,15.402774711423625
2025-03-07,4.421473671305093,4.8862315839896455,4.782053507687481,5.221314394573456,9.053168261748095,15.440471259212892
2025-03-10,4.302212958989761,4.797672591703342,4.715738829809796,5.136891807539745,8.87193698336341,15.10028823062206
2025-03-11,4.269654569974866,4.757397380062665,4.6710986550626785,5.076763494730831,8.770691580764833,14.921128020290821
2025-03-12,4.2905198308097825,4.746793217504157,4.647022949106521,5.051312104200211,8.758971724410534,14.93986078941353
2025-03-13,4.230920125053637,4.696180732050644,4.610284159777806,4.989870568638943,8.648772493066964,14.751772253586807
2025-03-14,4.32089437871636,4.748013130378145,4.634401167792293,5.057114762494789,8.790698102599054,15.004636907389534
2025-03-17,4.348617666891435,4.765564188472734,4.648243956625162,5.080978864577697,8.843506975226674,15.103747772872781
2025-03-18,4.302289584993562,4.7237347296041925,4.6021626958766015,5.030912480769286,8.754434209147263,14.95760209715885
2025-03-19,4.348747931097896,4.760957767110696,4.645227345587644,5.077037128180199,8.835190985741443,15.093674140566021
2025-03-20,4.339246306626616,4.743962692089586,4.6314772163529705,5.061947775495137,8.80727802393099,15.04415879513683
2025-03-21,4.342824741004106,4.746333105392722,4.634207906025262,5.064426560152185,8.806693713187098,15.042433560658498
2025-03-24,4.419458407405135,4.814556822153057,4.70673262962559,5.143809583573648,8.948188328746415,15.284774009318095
2025-03-25,4.426416048550235,4.826418932455406,4.716011329149016,5.155230927466973,8.971293671305508,15.322118873437644
2025-03-26,4.377030589100715,4.77738906084421,4.6671959524179325,5.101058048519002,8.87514527298566,15.157407855392929
2025-03-27,4.3625559369827736,4.760827134859814,4.651693038997147,5.08301410629514,8.840590688032133,15.100193625838097
2025-03-28,4.276451296511983,4.694200777259634,4.575892441577625,5.00003761010042,8.68977930697751,14.838562031768692
2025-03-31,4.300136394286764,4.7116882459918745,4.5983964064271845,5.0219881374155815,8.72464302665705,14.899393984972814
2025-04-01,4.316396432293262,4.726733664766896,4.615645407093845,5.039834290310034,8.757715790435608,14.952589390736597
2025-04-02,4.345437687733709,4.751756672389462,4.641812819412839,5.069871586641997,8.81253083686649,15.051065258222245
2025-04-03,4.135137620302825,4.647760112142694,4.477229723016872,4.89454898509671,8.464734061690969,14.427652963596344
2025-04-04,3.88806473364801,4.610704279375119,4.290142367363688,4.732763801992505,8.180140644283915,13.766604095401854
2025-04-07,3.878999877398393,4.624611361203773,4.2808690583617075,4.731669595290142,8.226051816255843,13.794126250947633
2025-04-08,3.8180975295776367,4.830472557101168,4.287228846790631,4.805827407405834,8.440009051235714,14.041861201054273
2025-04-09,4.181404401397657,4.748653531736708,4.54222471217397,4.970268082259806,8.614539604457933,14.6344958426404
2025-04-10,4.03669619322013,4.892755408668415,4.474729722559609,4.9554212859118385,8.565728877204164,14.385956274992807
2025-04-11,4.109728437442529,4.924486637413582,4.536976309231638,5.008086767988661,8.540825113734984,14.467828669074462
2025-04-14,4.142378777661986,4.744093488067512,4.5146308143624925,4.928847061158845,8.478086494887723,14.454306048054203
2025-04-15,4.135221908907005,4.7341733615708925,4.504253278973988,4.910562279889242,8.433708985432228,14.402584118840796
2025-04-16,4.04255808251088,4.7573293928302265,4.439934030503775,4.86786031292932,8.275012592214225,14.100490697270429
2025-04-17,4.047921902776925,4.754012108036985,4.442422300010154,4.869713258332524,8.271590222157055,14.094468768010893
2025-04-21,3.952522528045116,4.6528218789046525,4.345487474806914,4.763441688945112,8.087315886535391,13.785375367669882
2025-04-22,4.051799178569238,4.75232409068917,4.444892975253866,4.870607802740189,8.271739102666992,14.103489241998696
2025-04-23,4.119306687917611,4.823087486406154,4.513068163840588,4.944773994459584,8.396882711766692,14.313533047083725
2025-04-24,4.202760068656898,4.914109094486427,4.599587790017413,5.039332761628887,8.555937989161563,14.582304092583554
2025-04-25,4.233747624593882,4.946332688766009,4.6290489815254565,5.071869125088954,8.615278797679665,14.682088182650357
2025-04-28,4.236460185128424,4.949751490099038,4.632275833681704,5.0759196600146685,8.621423028460947,14.690783559329835
2025-04-29,4.261041807147673,4.976838846451217,4.658235338362644,5.104239034621426,8.669993458159166,14.769939229819881
2025-04-30,4.267348127260466,4.98470308435312,4.667012750143105,5.113575163377215,8.68388217223229,14.79408643390119
2025-05-01,4.294228529393734,5.014210069322195,4.69471783273637,5.143979143628618,8.736788498951386,14.882597604372538
2025-05-02,4.3574679703304104,5.084784164011283,4.759211935181077,5.214845763000194,8.859289529111445,15.09491262453736
2025-05-05,4.329660393551155,5.052387126873243,4.730858972701889,5.182774729374718,8.803741134107083,14.999254057680599
2025-05-06,4.2963510696990115,5.014226691376958,4.697463910573232,5.145254587592116,8.739275019218956,14.889338536463617
2025-05-07,4.31502482682523,5.033526201339731,4.715153069389981,5.16442480025742,8.772250660084726,14.944844384916614
2025-05-08,4.340050879666522,5.060614238037588,4.738563948578531,5.190476676836993,8.817933237138433,15.024996456333815
2025-05-09,4.3369628517133565,5.057016551080678,4.734281005720006,5.186109493116235,8.810837485733925,15.011730253647587
2025-05-12,4.478169251517193,5.218942646888278,4.878430133754363,5.347095191718334,9.087645445177778,15.483809587463236
2025-05-13,4.510628026727149,5.256499982167132,4.913501834511204,5.38564968937274,9.152531070177622,15.593216574635864
2025-05-14,4.5152485747563285,5.261883121708119,4.919602804010524,5.392191736630649,9.163536266379342,15.613092574737525
2025-05-15,4.533907006681786,5.283103905919209,4.938845140473747,5.413732069198502,9.199190771576552,15.673601960140962
2025-05-16,4.565668485257155,5.319848860224151,4.973325714479605,5.451840195355063,9.26453623115449,15.7840245893283
2025-05-19,4.569668362655549,5.324250340944496,4.97773830600432,5.456625570766201,9.272302797108155,15.794429928578962
2025-05-20,4.551937105376079,5.303463379296744,4.958050394510903,5.4351505877143955,9.235281716930563,15.73127017792683
2025-05-21,4.478491080733156,5.217637013704945,4.882445077894423,5.350264194453213,9.091212181866652,15.485277201602699
2025-05-22,4.47649880463434,5.21273031513076,4.879455762036755,5.345638800270511,9.080895019559316,15.463926161755763
2025-05-23,4.446469073744865,5.194616747525852,4.85793901048828,5.321359044653988,9.037951883452758,15.390579206893142
2025-05-27,4.5374394654569965,5.264104918389667,4.934346415919413,5.404434390469036,9.178653561396398,15.616090567638928
2025-05-28,4.512160546803162,5.234296184440289,4.907925727792706,5.375533611678582,9.129023693745442,15.541855507848236
2025-05-29,4.5302596089008755,5.251910495022376,4.926822138265989,5.394014918122658,9.157099344373687,15.591761202585353
2025-05-30,4.529891804082632,5.2506166661833245,4.926414863392457,5.393015592259539,9.153113314670376,15.58154077298447
2025-06-02,4.548473610004289,5.264874541097662,4.942069968891319,5.409901304960829,9.182159122925093,15.629983149950569
2025-06-03,4.574855943112854,5.290520907308996,4.967098215897077,5.438575784679518,9.23084982181863,15.718307819908532
2025-06-04,4.575193097529577,5.2898227709546495,4.966282536303581,5.4379418324084074,9.229272627417023,15.71336819714269
2025-06-05,4.551048243731992,5.263061271474329,4.942680034541029,5.411468916707843,9.184357003279505,15.638796437078952
2025-06-06,4.597836081652668,5.3113736005259735,4.986923940180292,5.460812847695416,9.26945636211816,15.787899971683315
2025-06-09,4.602065837062464,5.314512959260735,4.989535418302191,5.464044514074499,9.275251067268695,15.799511299646054
2025-06-10,4.627298780114018,5.342964256662849,5.016824143942861,5.494634165973804,9.329298069742503,15.890739696343351
2025-06-11,4.614601851284251,5.330711123283055,5.005173026609572,5.482439457818927,9.311357411656697,15.86131146131903
2025-06-12,4.63224115735916,5.354317199418989,5.026767721570139,5.505721487733542,9.348881023119679,15.933522000885226
2025-06-13,4.579913259363697,5.306571853602308,4.9841903069342335,5.454605014080556,9.260855301116713,15.772402682775592
2025-06-16,4.622931097897381,5.336839594269723,5.014955996289343,5.492689444493564,9.328096468613388,15.889575333114141
2025-06-17,4.584319254582234,5.294913779699367,4.979362636883071,5.453659153106628,9.264388664447546,15.790269864643813
2025-06-18,4.5829016735119215,5.285887099275387,4.970599477591152,5.444295713446879,9.245485863625508,15.749599336594336
2025-06-20,4.572917305216698,5.277474034948503,4.962558941978978,5.435202787545745,9.226744879536982,15.702909917879875
2025-06-23,4.61684699319561,5.317063776009968,5.004412421639927,5.4791485278258145,9.295097383201,15.827001987034516
2025-06-24,4.668194078342425,5.355240830263984,5.046204654906491,5.525566921555258,9.3766626675537,15.976770942325615
2025-06-25,4.668178753141665,5.350856727251274,5.0436467359621835,5.523246092983935,9.375367387957988,15.968410192348959
2025-06-26,4.705618218598663,5.392688039753029,5.082992237217921,5.566513458388835,9.451078611739302,16.10681713976578
2025-06-27,4.73017685281677,5.421879645866496,5.109879730841816,5.5967810594413,9.504180429018605,16.190371357153964
2025-06-30,4.754605222828418,5.444257696543076,5.133294535297454,5.621254663625758,9.542424398779987,16.25539461144661
2025-07-01,4.749287378164652,5.436806539780866,5.127402127363852,5.61522163892906,9.532839438962023,16.234213903248808
2025-07-02,4.771823085882424,5.460700573482499,5.150999520136614,5.640704852189631,9.574537456890898,16.30713574669036
2025-07-03,4.811614969656102,5.504298731148331,5.193187569456791,5.686871660712816,9.651938508408957,16.439208303680896
2025-07-07,4.7737847115797205,5.463170294705711,5.1538496409842045,5.6434204936999475,9.579361662458512,16.31403024039374
2025-07-08,4.7703671918102115,5.453752260546438,5.145994315121002,5.635326501408979,9.565643035861934,16.294315008153642
2025-07-09,4.799285845644577,5.48516454203515,5.17408939277665,5.665681717108645,9.619925138864888,16.38792374251343
2025-07-10,4.812465518298288,5.4992945873627574,5.187511522806949,5.680589921476848,9.646787288327964,16.44129326496922
2025-07-11,4.796596272911174,5.481403965212492,5.170756806000685,5.662055327369693,9.616560561609354,16.383111311929298
2025-07-14,4.803347023846011,5.486584338965312,5.178298399405118,5.670186643177897,9.629978506996112,16.406078945476565
2025-07-15,4.78434377490345,5.4637361993131455,5.156728859859067,5.646555076372409,9.587540347073231,16.33767554415165
2025-07-16,4.799623000061299,5.480493458893761,5.1732925839274655,5.66512801791491,9.618824514690077,16.374880003926815
2025-07-17,4.8254153129405974,5.50624121930963,5.199687328328284,5.6932657383811955,9.663901810839823,16.44727406946125
2025-07-18,4.824978544718934,5.503387456716531,5.198169763759136,5.69303866661775,9.662836620897767,16.4478981896461
2025-07-21,4.831729295653772,5.505512062258979,5.202566207868369,5.696955535825696,9.665146347789515,16.450466996854257
2025-07-22,4.834809661006558,5.5058475371380995,5.204101676272349,5.69845780841976,9.669466630018684,16.46467625032416
2025-07-23,4.872578618279898,5.539889689366463,5.237727057633102,5.735663611140843,9.73760131150839,16.570647092463457
2025-07-24,4.875980812848647,5.543735668108727,5.240548263113493,5.7390995070180715,9.741369176694798,16.592005203664474
2025-07-25,4.8953595292098315,5.563806581711232,5.260015457398032,5.7599173040692735,9.776328147871732,16.651291630297223
2025-07-28,4.896225403052779,5.559803133702466,5.257101728416596,5.756048814034175,9.769365462168933,16.634377395725757
2025-07-29,4.8817354257340755,5.548929791169817,5.246213956273702,5.744668308292727,9.748013044577677,16.59950187797813
2025-07-30,4.875635995831543,5.544656994606446,5.240898252076628,5.73900647664886,9.737656111436179,16.57785086857842
2025-07-31,4.857621222338011,5.525079036908187,5.222625848678364,5.718447434140408,9.70330367250901,16.5214655563166
2025-08-01,4.7799377796849125,5.464533877423596,5.156353849452497,5.647545929151842,9.581968596457212,16.320830119956458
2025-08-04,4.850380064978849,5.51033772445495,5.212852820185757,5.707486800782045,9.685861293781533,16.490893599230414
2025-08-05,4.82681756881015,5.4831772743742855,5.187900568096456,5.68009509962818,9.641060064157038,16.418525774513597
2025-08-06,4.861965916753508,5.519501473205419,5.221047944023053,5.719173842431826,9.71954458771445,16.57610637975072
2025-08-07,4.858088640961196,5.515118443377524,5.217716427960908,5.715521975979027,9.70575628111144,16.532570073712296
2025-08-08,4.895980199840616,5.549823636527664,5.252851873634146,5.7526902440317205,9.768827789948304,16.63459887517134
2025-08-11,4.883720039232513,5.5354398050164555,5.240010164800627,5.738767863090239,9.74461729787726,16.603108545054184
2025-08-12,4.939128302580762,5.591519938952281,5.293540547117688,5.79706644915376,9.844525953643638,16.767870375104387
2025-08-13,4.955081836572058,5.606932214876105,5.309729167602661,5.814844481096265,9.874235180720703,16.824510167935532
2025-08-14,4.95658370624655,5.6094166630416415,5.3115105099718685,5.816543581637252,9.879931117002446,16.83299429458195
2025-08-15,4.942223993134309,5.592134962778817,5.296059162717428,5.799886483236751,9.85035962715765,16.77286803671157
2025-08-18,4.941725924109604,5.587638556619021,5.29235337110276,5.795683299036967,9.842696980213725,16.750349780548962
2025-08-19,4.912776619873719,5.554126415086847,5.263369530571918,5.764457966001144,9.787642327122132,16.66012870351562
2025-08-20,4.9008306258811976,5.540097729772866,5.249149697460739,5.747940817574099,9.761271557700706,16.612012531338618
2025-08-21,4.881206706307851,5.522218068746081,5.231057018193826,5.727174874784566,9.724560421505545,16.5402101520238
2025-08-22,4.9553347023846,5.5812674955784365,5.293842335816053,5.7966601060634835,9.841524405514205,16.752058349351262
2025-08-25,4.934193587936,5.556732958551078,5.272439483506849,5.772530320898825,9.801899862270487,16.688595653258268
2025-08-26,4.954591430147733,5.576353495835028,5.292397729184974,5.795252967108859,9.844455141450682,16.75227388341621
2025-08-27,4.9664378103353135,5.590777543498331,5.3059598221029125,5.809235939357495,9.867229672153913,16.799155057343913
2025-08-28,4.982115490712927,5.602782904736133,5.319191385644228,5.823837202207932,9.892854139284813,16.835977902568857
2025-08-29,4.950239073131857,5.574106870080247,5.289903595600059,5.792249794179272,9.836337936328155,16.736696543492027
